21 92 165.52 165.52 0 292975876
21 27 661.858 661.858 0 292975876
21 29 229.374 229.374 0 292975876
21 68 182.956 182.956 0 292975876
21 76 181.274 181.274 0 292975876
21 33 126.968 126.968 0 292975876
21 66 156.304 156.304 0 292975876
21 90 208.3 208.3 0 292975876
21 65 160.932 160.932 0 292975876
21 93 341.16 341.16 0 292975876
21 85 365.27 365.27 0 292975876
21 77 161.334 161.334 0 292975876
21 8 226.65 226.65 0 292975876
21 80 184.09 184.09 0 292975876
21 1 141.8 141.8 0 292975876
21 91 171.772 171.772 0 292975876
21 36 169.788 169.788 0 292975876
21 74 207.952 207.952 0 292975876
21 19 179.684 179.684 0 292975876
21 3 183.228 183.228 0 292975876
21 89 148.832 148.832 0 292975876
21 82 208.2 208.2 0 292975876
21 83 235.13 235.13 0 292975876
21 45 154.44 154.44 0 292975876
21 13 174.922 174.922 0 292975876
21 109 272.99 272.99 0 292975876
21 24 145.466 145.466 0 292975876
21 5 138.084 138.084 0 292975876
21 16 131.504 131.504 0 292975876
21 81 123.536 123.536 0 292975876
21 0 142.278 142.278 0 292975876
21 100 167.004 167.004 0 292975876
21 44 160.506 160.506 0 292975876
21 17 202.264 202.264 0 292975876
21 35 150.36 150.36 0 292975876
21 18 217.606 217.606 0 292975876
21 28 188.518 188.518 0 292975876
21 88 149.34 149.34 0 292975876
21 25 170.392 170.392 0 292975876
21 67 133.13 133.13 0 292975876
21 37 120.51 120.51 0 292975876
21 99 219.552 219.552 0 292975876
21 11 236.048 236.048 0 292975876
21 75 178.388 178.388 0 292975876
21 34 177.112 177.112 0 292975876
21 98 151.516 151.516 0 292975876
21 73 143.23 143.23 0 292975876
21 108 126.204 126.204 0 292975876
21 12 138.948 138.948 0 292975876
21 32 127.22 127.22 0 292975876
21 96 104.098 104.098 0 292975876
21 2 156.266 156.266 0 292975876
21 10 164.166 164.166 0 292975876
21 84 185.736 185.736 0 292975876
21 72 182.086 182.086 0 292975876
21 101 156.036 156.036 0 292975876
21 20 208.93 208.93 0 292975876
21 97 146.528 146.528 0 292975876
21 69 160.496 160.496 0 292975876
21 64 153.174 153.174 0 292975876
21 9 284.074 284.074 0 292975876
21 4 157.068 157.068 0 292975876
21 26 169.666 169.666 0 292975876
92 21 168.23 168.23 0 292975876
92 27 269.87 269.87 0 292975876
92 29 161.108 161.108 0 292975876
92 68 180.492 180.492 0 292975876
92 76 503.834 503.834 0 292975876
92 33 141.304 141.304 0 292975876
92 66 137.838 137.838 0 292975876
92 90 359.712 359.712 0 292975876
92 65 206.45 206.45 0 292975876
92 93 256.266 256.266 0 292975876
92 85 158.09 158.09 0 292975876
92 77 155.936 155.936 0 292975876
92 8 227.364 227.364 0 292975876
92 80 175.122 175.122 0 292975876
92 1 134.396 134.396 0 292975876
92 91 172.374 172.374 0 292975876
92 36 161.608 161.608 0 292975876
92 74 196.802 196.802 0 292975876
92 19 167.714 167.714 0 292975876
92 3 186.072 186.072 0 292975876
92 89 181.308 181.308 0 292975876
92 82 196.142 196.142 0 292975876
92 83 220.054 220.054 0 292975876
92 45 145.624 145.624 0 292975876
92 13 146.762 146.762 0 292975876
92 109 160.328 160.328 0 292975876
92 24 123.668 123.668 0 292975876
92 5 128.098 128.098 0 292975876
92 16 120.506 120.506 0 292975876
92 81 122.058 122.058 0 292975876
92 0 127.852 127.852 0 292975876
92 100 162.184 162.184 0 292975876
92 44 144.18 144.18 0 292975876
92 17 204.79 204.79 0 292975876
92 35 217.598 217.598 0 292975876
92 18 213.736 213.736 0 292975876
92 28 252.802 252.802 0 292975876
92 88 152.642 152.642 0 292975876
92 25 194.782 194.782 0 292975876
92 67 124.56 124.56 0 292975876
92 37 114.746 114.746 0 292975876
92 99 194.042 194.042 0 292975876
92 11 204.778 204.778 0 292975876
92 75 176.896 176.896 0 292975876
92 34 159.77 159.77 0 292975876
92 98 132.62 132.62 0 292975876
92 73 139.88 139.88 0 292975876
92 108 112.186 112.186 0 292975876
92 12 133.792 133.792 0 292975876
92 32 127.122 127.122 0 292975876
92 96 104.266 104.266 0 292975876
92 2 154.966 154.966 0 292975876
92 10 196.188 196.188 0 292975876
92 84 180.928 180.928 0 292975876
92 72 176.506 176.506 0 292975876
92 101 154.738 154.738 0 292975876
92 20 326.814 326.814 0 292975876
92 97 148.394 148.394 0 292975876
92 69 157.294 157.294 0 292975876
92 64 145.72 145.72 0 292975876
92 9 149.356 149.356 0 292975876
92 4 161.202 161.202 0 292975876
92 26 170.694 170.694 0 292975876
27 21 672.884 672.884 0 292975876
27 92 322.694 322.694 0 292975876
27 29 395.626 395.626 0 292975876
27 68 301.448 301.448 0 292975876
27 76 329.754 329.754 0 292975876
27 33 352.522 352.522 0 292975876
27 66 412.374 412.374 0 292975876
27 90 1180.18 1180.18 0 292975876
27 65 382.274 382.274 0 292975876
27 93 339.244 339.244 0 292975876
27 85 386.432 386.432 0 292975876
27 77 292.41 292.41 0 292975876
27 8 295.886 295.886 0 292975876
27 80 373.268 373.268 0 292975876
27 1 464.64 464.64 0 292975876
27 91 1185.58 1185.58 0 292975876
27 36 271.952 271.952 0 292975876
27 74 319.038 319.038 0 292975876
27 19 307.436 307.436 0 292975876
27 3 318.942 318.942 0 292975876
27 89 314.484 314.484 0 292975876
27 82 362.352 362.352 0 292975876
27 83 382.736 382.736 0 292975876
27 45 772.114 772.114 0 292975876
27 13 322.56 322.56 0 292975876
27 109 330.146 330.146 0 292975876
27 24 310.368 310.368 0 292975876
27 5 344.528 344.528 0 292975876
27 16 340.378 340.378 0 292975876
27 81 326.624 326.624 0 292975876
27 0 331.62 331.62 0 292975876
27 100 707.202 707.202 0 292975876
27 44 304.878 304.878 0 292975876
27 17 307.142 307.142 0 292975876
27 35 297.226 297.226 0 292975876
27 18 355.516 355.516 0 292975876
27 28 346.658 346.658 0 292975876
27 88 336.25 336.25 0 292975876
27 25 410.584 410.584 0 292975876
27 67 606.926 606.926 0 292975876
27 37 272.986 272.986 0 292975876
27 99 383.73 383.73 0 292975876
27 11 389.482 389.482 0 292975876
27 75 397.418 397.418 0 292975876
27 34 401.096 401.096 0 292975876
27 98 300.27 300.27 0 292975876
27 73 288.918 288.918 0 292975876
27 108 985.754 985.754 0 292975876
27 12 307.958 307.958 0 292975876
27 32 287.054 287.054 0 292975876
27 96 268.768 268.768 0 292975876
27 2 448.594 448.594 0 292975876
27 10 324.808 324.808 0 292975876
27 84 340.938 340.938 0 292975876
27 72 348.938 348.938 0 292975876
27 101 546.362 546.362 0 292975876
27 20 338.32 338.32 0 292975876
27 97 289.136 289.136 0 292975876
27 69 313.15 313.15 0 292975876
27 64 380.508 380.508 0 292975876
27 9 300.79 300.79 0 292975876
27 4 296.144 296.144 0 292975876
27 26 390.568 390.568 0 292975876
29 21 219.866 219.866 0 292975876
29 92 165.094 165.094 0 292975876
29 27 297.512 297.512 0 292975876
29 68 174.008 174.008 0 292975876
29 76 183.992 183.992 0 292975876
29 33 137.318 137.318 0 292975876
29 66 150.654 150.654 0 292975876
29 90 208.866 208.866 0 292975876
29 65 185.792 185.792 0 292975876
29 93 358.448 358.448 0 292975876
29 85 345.424 345.424 0 292975876
29 77 160.226 160.226 0 292975876
29 8 134.354 134.354 0 292975876
29 80 170.522 170.522 0 292975876
29 1 145.196 145.196 0 292975876
29 91 182.328 182.328 0 292975876
29 36 168.932 168.932 0 292975876
29 74 206.748 206.748 0 292975876
29 19 226.95 226.95 0 292975876
29 3 188.662 188.662 0 292975876
29 89 210.78 210.78 0 292975876
29 82 216.564 216.564 0 292975876
29 83 537.538 537.538 0 292975876
29 45 130.258 130.258 0 292975876
29 13 157.296 157.296 0 292975876
29 109 126.346 126.346 0 292975876
29 24 267.916 267.916 0 292975876
29 5 137.332 137.332 0 292975876
29 16 129.454 129.454 0 292975876
29 81 181.424 181.424 0 292975876
29 0 139.576 139.576 0 292975876
29 100 202.904 202.904 0 292975876
29 44 153.776 153.776 0 292975876
29 17 216.814 216.814 0 292975876
29 35 190.01 190.01 0 292975876
29 18 222.258 222.258 0 292975876
29 28 190.79 190.79 0 292975876
29 88 152.21 152.21 0 292975876
29 25 177.3 177.3 0 292975876
29 67 138.238 138.238 0 292975876
29 37 132.492 132.492 0 292975876
29 99 212.414 212.414 0 292975876
29 11 202.942 202.942 0 292975876
29 75 181.6 181.6 0 292975876
29 34 189.49 189.49 0 292975876
29 98 142.12 142.12 0 292975876
29 73 147.882 147.882 0 292975876
29 108 126.986 126.986 0 292975876
29 12 145.778 145.778 0 292975876
29 32 134.572 134.572 0 292975876
29 96 111.77 111.77 0 292975876
29 2 159.3 159.3 0 292975876
29 10 173.942 173.942 0 292975876
29 84 196.048 196.048 0 292975876
29 72 192.068 192.068 0 292975876
29 101 165.098 165.098 0 292975876
29 20 219.144 219.144 0 292975876
29 97 150.564 150.564 0 292975876
29 69 170.61 170.61 0 292975876
29 64 157.456 157.456 0 292975876
29 9 151.566 151.566 0 292975876
29 4 162.314 162.314 0 292975876
29 26 175.348 175.348 0 292975876
68 21 182.222 182.222 0 292975876
68 92 186.796 186.796 0 292975876
68 27 253.86 253.86 0 292975876
68 29 174.262 174.262 0 292975876
68 76 182.732 182.732 0 292975876
68 33 123.938 123.938 0 292975876
68 66 149.974 149.974 0 292975876
68 90 189.912 189.912 0 292975876
68 65 169.474 169.474 0 292975876
68 93 150.84 150.84 0 292975876
68 85 164.46 164.46 0 292975876
68 77 158.332 158.332 0 292975876
68 8 132.442 132.442 0 292975876
68 80 163.698 163.698 0 292975876
68 1 144.578 144.578 0 292975876
68 91 168.508 168.508 0 292975876
68 36 163.932 163.932 0 292975876
68 74 234.178 234.178 0 292975876
68 19 206.096 206.096 0 292975876
68 3 188.888 188.888 0 292975876
68 89 146.564 146.564 0 292975876
68 82 196.92 196.92 0 292975876
68 83 236.944 236.944 0 292975876
68 45 123.784 123.784 0 292975876
68 13 154.124 154.124 0 292975876
68 109 124.052 124.052 0 292975876
68 24 183.37 183.37 0 292975876
68 5 199.62 199.62 0 292975876
68 16 129.42 129.42 0 292975876
68 81 121.538 121.538 0 292975876
68 0 268.536 268.536 0 292975876
68 100 151.348 151.348 0 292975876
68 44 160.62 160.62 0 292975876
68 17 213.57 213.57 0 292975876
68 35 156.622 156.622 0 292975876
68 18 196.436 196.436 0 292975876
68 28 197.394 197.394 0 292975876
68 88 157.878 157.878 0 292975876
68 25 166.848 166.848 0 292975876
68 67 615.806 615.806 0 292975876
68 37 139.244 139.244 0 292975876
68 99 205.122 205.122 0 292975876
68 11 207.14 207.14 0 292975876
68 75 189.436 189.436 0 292975876
68 34 169.112 169.112 0 292975876
68 98 318.204 318.204 0 292975876
68 73 141.638 141.638 0 292975876
68 108 168.788 168.788 0 292975876
68 12 290.994 290.994 0 292975876
68 32 134.008 134.008 0 292975876
68 96 104.436 104.436 0 292975876
68 2 243.356 243.356 0 292975876
68 10 168.518 168.518 0 292975876
68 84 187.284 187.284 0 292975876
68 72 181.774 181.774 0 292975876
68 101 166.976 166.976 0 292975876
68 20 217.864 217.864 0 292975876
68 97 141.462 141.462 0 292975876
68 69 168.358 168.358 0 292975876
68 64 150.386 150.386 0 292975876
68 9 148.578 148.578 0 292975876
68 4 265.216 265.216 0 292975876
68 26 174.286 174.286 0 292975876
76 21 181.818 181.818 0 292975876
76 92 463.758 463.758 0 292975876
76 27 285.99 285.99 0 292975876
76 29 182.598 182.598 0 292975876
76 68 182.85 182.85 0 292975876
76 33 149.062 149.062 0 292975876
76 66 154.596 154.596 0 292975876
76 90 210.05 210.05 0 292975876
76 65 664.024 664.024 0 292975876
76 93 159.896 159.896 0 292975876
76 85 222.052 222.052 0 292975876
76 77 179.94 179.94 0 292975876
76 8 146.744 146.744 0 292975876
76 80 177.346 177.346 0 292975876
76 1 150.206 150.206 0 292975876
76 91 186.408 186.408 0 292975876
76 36 541.756 541.756 0 292975876
76 74 212.292 212.292 0 292975876
76 19 187.298 187.298 0 292975876
76 3 192.386 192.386 0 292975876
76 89 160.518 160.518 0 292975876
76 82 209.064 209.064 0 292975876
76 83 245.148 245.148 0 292975876
76 45 138.616 138.616 0 292975876
76 13 456.306 456.306 0 292975876
76 109 129.244 129.244 0 292975876
76 24 200.99 200.99 0 292975876
76 5 169.048 169.048 0 292975876
76 16 137.932 137.932 0 292975876
76 81 130.752 130.752 0 292975876
76 0 148.164 148.164 0 292975876
76 100 154.208 154.208 0 292975876
76 44 439.904 439.904 0 292975876
76 17 493.774 493.774 0 292975876
76 35 165.164 165.164 0 292975876
76 18 202.668 202.668 0 292975876
76 28 198.562 198.562 0 292975876
76 88 160.206 160.206 0 292975876
76 25 180.396 180.396 0 292975876
76 67 137.226 137.226 0 292975876
76 37 512.448 512.448 0 292975876
76 99 215.506 215.506 0 292975876
76 11 249.954 249.954 0 292975876
76 75 223.61 223.61 0 292975876
76 34 183.078 183.078 0 292975876
76 98 189.178 189.178 0 292975876
76 73 591.54 591.54 0 292975876
76 108 128.05 128.05 0 292975876
76 12 748.146 748.146 0 292975876
76 32 138.608 138.608 0 292975876
76 96 115.36 115.36 0 292975876
76 2 163.06 163.06 0 292975876
76 10 177.494 177.494 0 292975876
76 84 199.732 199.732 0 292975876
76 72 193.112 193.112 0 292975876
76 101 168.916 168.916 0 292975876
76 20 503.042 503.042 0 292975876
76 97 154.122 154.122 0 292975876
76 69 196.544 196.544 0 292975876
76 64 161.076 161.076 0 292975876
76 9 158.25 158.25 0 292975876
76 4 175.026 175.026 0 292975876
76 26 186.222 186.222 0 292975876
33 21 126.634 126.634 0 292975876
33 92 135.254 135.254 0 292975876
33 27 289.468 289.468 0 292975876
33 29 129.594 129.594 0 292975876
33 68 123.416 123.416 0 292975876
33 76 142.594 142.594 0 292975876
33 66 110.836 110.836 0 292975876
33 90 149.428 149.428 0 292975876
33 65 229.37 229.37 0 292975876
33 93 112.916 112.916 0 292975876
33 85 131.724 131.724 0 292975876
33 77 183.32 183.32 0 292975876
33 8 250.072 250.072 0 292975876
33 80 124.332 124.332 0 292975876
33 1 136.106 136.106 0 292975876
33 91 141.282 141.282 0 292975876
33 36 131.732 131.732 0 292975876
33 74 182.082 182.082 0 292975876
33 19 130.566 130.566 0 292975876
33 3 142.472 142.472 0 292975876
33 89 150.502 150.502 0 292975876
33 82 152.69 152.69 0 292975876
33 83 180.426 180.426 0 292975876
33 45 88.138 88.138 0 292975876
33 13 115.524 115.524 0 292975876
33 109 134.724 134.724 0 292975876
33 24 113.968 113.968 0 292975876
33 5 169.028 169.028 0 292975876
33 16 142.592 142.592 0 292975876
33 81 84.62 84.62 0 292975876
33 0 113.25 113.25 0 292975876
33 100 131.326 131.326 0 292975876
33 44 106.312 106.312 0 292975876
33 17 161.95 161.95 0 292975876
33 35 111.898 111.898 0 292975876
33 18 166.388 166.388 0 292975876
33 28 155.412 155.412 0 292975876
33 88 120.162 120.162 0 292975876
33 25 347.266 347.266 0 292975876
33 67 109.668 109.668 0 292975876
33 37 82.666 82.666 0 292975876
33 99 166.732 166.732 0 292975876
33 11 172.376 172.376 0 292975876
33 75 142.19 142.19 0 292975876
33 34 127.636 127.636 0 292975876
33 98 141.88 141.88 0 292975876
33 73 105.598 105.598 0 292975876
33 108 79.11 79.11 0 292975876
33 12 95.05 95.05 0 292975876
33 32 252.656 252.656 0 292975876
33 96 74.802 74.802 0 292975876
33 2 108.132 108.132 0 292975876
33 10 116.172 116.172 0 292975876
33 84 147.796 147.796 0 292975876
33 72 131.582 131.582 0 292975876
33 101 220.104 220.104 0 292975876
33 20 168.976 168.976 0 292975876
33 97 795.412 795.412 0 292975876
33 69 128.68 128.68 0 292975876
33 64 143.23 143.23 0 292975876
33 9 110.376 110.376 0 292975876
33 4 123.63 123.63 0 292975876
33 26 167.222 167.222 0 292975876
66 21 152.46 152.46 0 292975876
66 92 142.306 142.306 0 292975876
66 27 445.38 445.38 0 292975876
66 29 152.982 152.982 0 292975876
66 68 151.722 151.722 0 292975876
66 76 159.544 159.544 0 292975876
66 33 112.226 112.226 0 292975876
66 90 302.972 302.972 0 292975876
66 65 208.334 208.334 0 292975876
66 93 131.058 131.058 0 292975876
66 85 179.53 179.53 0 292975876
66 77 141.148 141.148 0 292975876
66 8 188.212 188.212 0 292975876
66 80 143.394 143.394 0 292975876
66 1 118.092 118.092 0 292975876
66 91 150.458 150.458 0 292975876
66 36 142.872 142.872 0 292975876
66 74 203.904 203.904 0 292975876
66 19 218.482 218.482 0 292975876
66 3 179.392 179.392 0 292975876
66 89 157.064 157.064 0 292975876
66 82 226.522 226.522 0 292975876
66 83 251.874 251.874 0 292975876
66 45 124.574 124.574 0 292975876
66 13 128.362 128.362 0 292975876
66 109 186.846 186.846 0 292975876
66 24 100.598 100.598 0 292975876
66 5 159.178 159.178 0 292975876
66 16 235.412 235.412 0 292975876
66 81 112.494 112.494 0 292975876
66 0 261.624 261.624 0 292975876
66 100 150.314 150.314 0 292975876
66 44 121.576 121.576 0 292975876
66 17 180.534 180.534 0 292975876
66 35 129.406 129.406 0 292975876
66 18 179.028 179.028 0 292975876
66 28 173.558 173.558 0 292975876
66 88 151.438 151.438 0 292975876
66 25 160.684 160.684 0 292975876
66 67 131.228 131.228 0 292975876
66 37 106.56 106.56 0 292975876
66 99 179.676 179.676 0 292975876
66 11 175.728 175.728 0 292975876
66 75 177.968 177.968 0 292975876
66 34 194.87 194.87 0 292975876
66 98 203.698 203.698 0 292975876
66 73 125.082 125.082 0 292975876
66 108 92.484 92.484 0 292975876
66 12 123.004 123.004 0 292975876
66 32 111.68 111.68 0 292975876
66 96 85.192 85.192 0 292975876
66 2 208.292 208.292 0 292975876
66 10 153.472 153.472 0 292975876
66 84 204.742 204.742 0 292975876
66 72 174.158 174.158 0 292975876
66 101 138.676 138.676 0 292975876
66 20 184.922 184.922 0 292975876
66 97 117.512 117.512 0 292975876
66 69 139.606 139.606 0 292975876
66 64 211.51 211.51 0 292975876
66 9 881.566 881.566 0 292975876
66 4 166.38 166.38 0 292975876
66 26 155.06 155.06 0 292975876
90 21 209.564 209.564 0 292975876
90 92 279.02 279.02 0 292975876
90 27 1183.64 1183.64 0 292975876
90 29 217.804 217.804 0 292975876
90 68 189.708 189.708 0 292975876
90 76 207.016 207.016 0 292975876
90 33 151.162 151.162 0 292975876
90 66 281.92 281.92 0 292975876
90 65 196.636 196.636 0 292975876
90 93 186.17 186.17 0 292975876
90 85 189.124 189.124 0 292975876
90 77 178.476 178.476 0 292975876
90 8 155.794 155.794 0 292975876
90 80 181.72 181.72 0 292975876
90 1 170.624 170.624 0 292975876
90 91 198.586 198.586 0 292975876
90 36 198.486 198.486 0 292975876
90 74 223.436 223.436 0 292975876
90 19 299.038 299.038 0 292975876
90 3 215.166 215.166 0 292975876
90 89 174.302 174.302 0 292975876
90 82 226.468 226.468 0 292975876
90 83 330.986 330.986 0 292975876
90 45 148.38 148.38 0 292975876
90 13 209.188 209.188 0 292975876
90 109 144.118 144.118 0 292975876
90 24 157.786 157.786 0 292975876
90 5 210.734 210.734 0 292975876
90 16 152.162 152.162 0 292975876
90 81 186.476 186.476 0 292975876
90 0 160.306 160.306 0 292975876
90 100 209.172 209.172 0 292975876
90 44 177.598 177.598 0 292975876
90 17 245.282 245.282 0 292975876
90 35 328.92 328.92 0 292975876
90 18 221.088 221.088 0 292975876
90 28 224.126 224.126 0 292975876
90 88 347.738 347.738 0 292975876
90 25 269.338 269.338 0 292975876
90 67 172.882 172.882 0 292975876
90 37 146.64 146.64 0 292975876
90 99 326.338 326.338 0 292975876
90 11 215.778 215.778 0 292975876
90 75 213.206 213.206 0 292975876
90 34 209.87 209.87 0 292975876
90 98 186.686 186.686 0 292975876
90 73 181.232 181.232 0 292975876
90 108 224.624 224.624 0 292975876
90 12 166.782 166.782 0 292975876
90 32 154.142 154.142 0 292975876
90 96 183.612 183.612 0 292975876
90 2 206.596 206.596 0 292975876
90 10 188.15 188.15 0 292975876
90 84 216.412 216.412 0 292975876
90 72 206.414 206.414 0 292975876
90 101 207.65 207.65 0 292975876
90 20 228.606 228.606 0 292975876
90 97 169.66 169.66 0 292975876
90 69 200.172 200.172 0 292975876
90 64 241.46 241.46 0 292975876
90 9 211.25 211.25 0 292975876
90 4 216.106 216.106 0 292975876
90 26 370.834 370.834 0 292975876
65 21 160.954 160.954 0 292975876
65 92 197.508 197.508 0 292975876
65 27 319.768 319.768 0 292975876
65 29 182.58 182.58 0 292975876
65 68 173.168 173.168 0 292975876
65 76 711.698 711.698 0 292975876
65 33 313.216 313.216 0 292975876
65 66 196.262 196.262 0 292975876
65 90 198.786 198.786 0 292975876
65 93 148.066 148.066 0 292975876
65 85 153.658 153.658 0 292975876
65 77 210.42 210.42 0 292975876
65 8 180.016 180.016 0 292975876
65 80 154.316 154.316 0 292975876
65 1 300.266 300.266 0 292975876
65 91 173.754 173.754 0 292975876
65 36 168.974 168.974 0 292975876
65 74 211.402 211.402 0 292975876
65 19 270.452 270.452 0 292975876
65 3 179.876 179.876 0 292975876
65 89 196.01 196.01 0 292975876
65 82 197.992 197.992 0 292975876
65 83 300.432 300.432 0 292975876
65 45 115.48 115.48 0 292975876
65 13 157.768 157.768 0 292975876
65 109 126.034 126.034 0 292975876
65 24 118.71 118.71 0 292975876
65 5 157.784 157.784 0 292975876
65 16 115.216 115.216 0 292975876
65 81 115.412 115.412 0 292975876
65 0 122.116 122.116 0 292975876
65 100 150.446 150.446 0 292975876
65 44 180.994 180.994 0 292975876
65 17 216.502 216.502 0 292975876
65 35 150.444 150.444 0 292975876
65 18 188.248 188.248 0 292975876
65 28 183.73 183.73 0 292975876
65 88 149.492 149.492 0 292975876
65 25 168.842 168.842 0 292975876
65 67 126.392 126.392 0 292975876
65 37 128.184 128.184 0 292975876
65 99 218.406 218.406 0 292975876
65 11 191.918 191.918 0 292975876
65 75 176.848 176.848 0 292975876
65 34 166.502 166.502 0 292975876
65 98 196.174 196.174 0 292975876
65 73 134.922 134.922 0 292975876
65 108 109.6 109.6 0 292975876
65 12 130.718 130.718 0 292975876
65 32 122.33 122.33 0 292975876
65 96 109.36 109.36 0 292975876
65 2 159.984 159.984 0 292975876
65 10 186.11 186.11 0 292975876
65 84 271.416 271.416 0 292975876
65 72 182.04 182.04 0 292975876
65 101 162.586 162.586 0 292975876
65 20 253.586 253.586 0 292975876
65 97 146.53 146.53 0 292975876
65 69 190.824 190.824 0 292975876
65 64 175.186 175.186 0 292975876
65 9 282.562 282.562 0 292975876
65 4 153.098 153.098 0 292975876
65 26 210.622 210.622 0 292975876
93 21 255.07 255.07 0 292975876
93 92 227.822 227.822 0 292975876
93 27 283.964 283.964 0 292975876
93 29 263.954 263.954 0 292975876
93 68 151.646 151.646 0 292975876
93 76 160.658 160.658 0 292975876
93 33 121.408 121.408 0 292975876
93 66 132.402 132.402 0 292975876
93 90 190.804 190.804 0 292975876
93 65 148.454 148.454 0 292975876
93 85 146.984 146.984 0 292975876
93 77 230.08 230.08 0 292975876
93 8 172.906 172.906 0 292975876
93 80 228.266 228.266 0 292975876
93 1 171.828 171.828 0 292975876
93 91 744.152 744.152 0 292975876
93 36 148.052 148.052 0 292975876
93 74 184.816 184.816 0 292975876
93 19 249.7 249.7 0 292975876
93 3 209.332 209.332 0 292975876
93 89 130.154 130.154 0 292975876
93 82 185.81 185.81 0 292975876
93 83 205.54 205.54 0 292975876
93 45 104.228 104.228 0 292975876
93 13 131.726 131.726 0 292975876
93 109 96.046 96.046 0 292975876
93 24 106.632 106.632 0 292975876
93 5 295.81 295.81 0 292975876
93 16 103.762 103.762 0 292975876
93 81 103.758 103.758 0 292975876
93 0 245.246 245.246 0 292975876
93 100 157.274 157.274 0 292975876
93 44 138.524 138.524 0 292975876
93 17 197.544 197.544 0 292975876
93 35 132.566 132.566 0 292975876
93 18 168.208 168.208 0 292975876
93 28 173.124 173.124 0 292975876
93 88 197.336 197.336 0 292975876
93 25 145.852 145.852 0 292975876
93 67 107.552 107.552 0 292975876
93 37 205.278 205.278 0 292975876
93 99 190.326 190.326 0 292975876
93 11 177.258 177.258 0 292975876
93 75 163.706 163.706 0 292975876
93 34 144.242 144.242 0 292975876
93 98 114.706 114.706 0 292975876
93 73 120.898 120.898 0 292975876
93 108 94.354 94.354 0 292975876
93 12 117.89 117.89 0 292975876
93 32 109.524 109.524 0 292975876
93 96 88.066 88.066 0 292975876
93 2 135.198 135.198 0 292975876
93 10 145.454 145.454 0 292975876
93 84 191.764 191.764 0 292975876
93 72 161.024 161.024 0 292975876
93 101 144.442 144.442 0 292975876
93 20 187.24 187.24 0 292975876
93 97 120.224 120.224 0 292975876
93 69 241.992 241.992 0 292975876
93 64 131.064 131.064 0 292975876
93 9 148.902 148.902 0 292975876
93 4 138.752 138.752 0 292975876
93 26 231.046 231.046 0 292975876
85 21 308.056 308.056 0 292975876
85 92 158.072 158.072 0 292975876
85 27 330.138 330.138 0 292975876
85 29 297.22 297.22 0 292975876
85 68 163.796 163.796 0 292975876
85 76 237.76 237.76 0 292975876
85 33 133.984 133.984 0 292975876
85 66 162.804 162.804 0 292975876
85 90 188.54 188.54 0 292975876
85 65 153.392 153.392 0 292975876
85 93 144.688 144.688 0 292975876
85 77 193.324 193.324 0 292975876
85 8 131.824 131.824 0 292975876
85 80 343.904 343.904 0 292975876
85 1 137.634 137.634 0 292975876
85 91 187.768 187.768 0 292975876
85 36 163.546 163.546 0 292975876
85 74 196.998 196.998 0 292975876
85 19 198.75 198.75 0 292975876
85 3 173.69 173.69 0 292975876
85 89 139.64 139.64 0 292975876
85 82 192.672 192.672 0 292975876
85 83 757.19 757.19 0 292975876
85 45 179.234 179.234 0 292975876
85 13 147.362 147.362 0 292975876
85 109 164.278 164.278 0 292975876
85 24 120.982 120.982 0 292975876
85 5 129.734 129.734 0 292975876
85 16 119.332 119.332 0 292975876
85 81 199.15 199.15 0 292975876
85 0 129.218 129.218 0 292975876
85 100 165.67 165.67 0 292975876
85 44 143.428 143.428 0 292975876
85 17 210.344 210.344 0 292975876
85 35 147.108 147.108 0 292975876
85 18 184.886 184.886 0 292975876
85 28 202.942 202.942 0 292975876
85 88 149.714 149.714 0 292975876
85 25 165.302 165.302 0 292975876
85 67 121.288 121.288 0 292975876
85 37 156.128 156.128 0 292975876
85 99 199.638 199.638 0 292975876
85 11 190.354 190.354 0 292975876
85 75 321.568 321.568 0 292975876
85 34 161.752 161.752 0 292975876
85 98 134.146 134.146 0 292975876
85 73 282.404 282.404 0 292975876
85 108 116.306 116.306 0 292975876
85 12 132.43 132.43 0 292975876
85 32 123.542 123.542 0 292975876
85 96 130.936 130.936 0 292975876
85 2 148.09 148.09 0 292975876
85 10 159.482 159.482 0 292975876
85 84 180.988 180.988 0 292975876
85 72 177.068 177.068 0 292975876
85 101 153.232 153.232 0 292975876
85 20 200.474 200.474 0 292975876
85 97 154.118 154.118 0 292975876
85 69 156.46 156.46 0 292975876
85 64 161.214 161.214 0 292975876
85 9 276.696 276.696 0 292975876
85 4 156.268 156.268 0 292975876
85 26 164.224 164.224 0 292975876
77 21 160.352 160.352 0 292975876
77 92 155.818 155.818 0 292975876
77 27 243.896 243.896 0 292975876
77 29 158.726 158.726 0 292975876
77 68 158.364 158.364 0 292975876
77 76 174.124 174.124 0 292975876
77 33 172.218 172.218 0 292975876
77 66 143.108 143.108 0 292975876
77 90 178.168 178.168 0 292975876
77 65 194.608 194.608 0 292975876
77 93 203.696 203.696 0 292975876
77 85 203.474 203.474 0 292975876
77 8 234.108 234.108 0 292975876
77 80 183.812 183.812 0 292975876
77 1 186.442 186.442 0 292975876
77 91 172.184 172.184 0 292975876
77 36 150.548 150.548 0 292975876
77 74 259.788 259.788 0 292975876
77 19 168.03 168.03 0 292975876
77 3 169.688 169.688 0 292975876
77 89 139.966 139.966 0 292975876
77 82 179.302 179.302 0 292975876
77 83 219.184 219.184 0 292975876
77 45 112.224 112.224 0 292975876
77 13 271.212 271.212 0 292975876
77 109 109.228 109.228 0 292975876
77 24 172.896 172.896 0 292975876
77 5 304.046 304.046 0 292975876
77 16 117.314 117.314 0 292975876
77 81 109.656 109.656 0 292975876
77 0 124.838 124.838 0 292975876
77 100 127.814 127.814 0 292975876
77 44 139.262 139.262 0 292975876
77 17 258.518 258.518 0 292975876
77 35 271.008 271.008 0 292975876
77 18 191.754 191.754 0 292975876
77 28 220.686 220.686 0 292975876
77 88 226.666 226.666 0 292975876
77 25 165.578 165.578 0 292975876
77 67 684.3 684.3 0 292975876
77 37 112.646 112.646 0 292975876
77 99 191.138 191.138 0 292975876
77 11 187.322 187.322 0 292975876
77 75 175.528 175.528 0 292975876
77 34 161.43 161.43 0 292975876
77 98 129.234 129.234 0 292975876
77 73 131.164 131.164 0 292975876
77 108 107.234 107.234 0 292975876
77 12 133.906 133.906 0 292975876
77 32 118.692 118.692 0 292975876
77 96 118.718 118.718 0 292975876
77 2 139.924 139.924 0 292975876
77 10 197.116 197.116 0 292975876
77 84 173.32 173.32 0 292975876
77 72 189.15 189.15 0 292975876
77 101 147.012 147.012 0 292975876
77 20 194.916 194.916 0 292975876
77 97 132.806 132.806 0 292975876
77 69 153.738 153.738 0 292975876
77 64 138.672 138.672 0 292975876
77 9 135.938 135.938 0 292975876
77 4 153.02 153.02 0 292975876
77 26 169.346 169.346 0 292975876
8 21 311.048 311.048 0 292975876
8 92 201.302 201.302 0 292975876
8 27 241.796 241.796 0 292975876
8 29 132.2 132.2 0 292975876
8 68 132.052 132.052 0 292975876
8 76 144.496 144.496 0 292975876
8 33 252.324 252.324 0 292975876
8 66 216.968 216.968 0 292975876
8 90 156.108 156.108 0 292975876
8 65 164.934 164.934 0 292975876
8 93 157.53 157.53 0 292975876
8 85 129.074 129.074 0 292975876
8 77 206.226 206.226 0 292975876
8 80 153.698 153.698 0 292975876
8 1 183.428 183.428 0 292975876
8 91 129.036 129.036 0 292975876
8 36 182.71 182.71 0 292975876
8 74 205.644 205.644 0 292975876
8 19 160.596 160.596 0 292975876
8 3 145.31 145.31 0 292975876
8 89 108.744 108.744 0 292975876
8 82 158.632 158.632 0 292975876
8 83 237.688 237.688 0 292975876
8 45 97.732 97.732 0 292975876
8 13 117.748 117.748 0 292975876
8 109 81.204 81.204 0 292975876
8 24 88.532 88.532 0 292975876
8 5 96.836 96.836 0 292975876
8 16 92.996 92.996 0 292975876
8 81 167.308 167.308 0 292975876
8 0 95.234 95.234 0 292975876
8 100 124.43 124.43 0 292975876
8 44 109.888 109.888 0 292975876
8 17 247.892 247.892 0 292975876
8 35 114.234 114.234 0 292975876
8 18 176.472 176.472 0 292975876
8 28 191.974 191.974 0 292975876
8 88 187.672 187.672 0 292975876
8 25 137.742 137.742 0 292975876
8 67 128.512 128.512 0 292975876
8 37 85.142 85.142 0 292975876
8 99 166.604 166.604 0 292975876
8 11 159.634 159.634 0 292975876
8 75 139.894 139.894 0 292975876
8 34 128.718 128.718 0 292975876
8 98 98.976 98.976 0 292975876
8 73 677.708 677.708 0 292975876
8 108 86.17 86.17 0 292975876
8 12 100.116 100.116 0 292975876
8 32 92.042 92.042 0 292975876
8 96 191.804 191.804 0 292975876
8 2 117.242 117.242 0 292975876
8 10 128.682 128.682 0 292975876
8 84 148.786 148.786 0 292975876
8 72 322.12 322.12 0 292975876
8 101 129.658 129.658 0 292975876
8 20 242.828 242.828 0 292975876
8 97 105.558 105.558 0 292975876
8 69 174.046 174.046 0 292975876
8 64 116.614 116.614 0 292975876
8 9 185.012 185.012 0 292975876
8 4 123.742 123.742 0 292975876
8 26 134.89 134.89 0 292975876
80 21 180.276 180.276 0 292975876
80 92 170.602 170.602 0 292975876
80 27 303.21 303.21 0 292975876
80 29 167.632 167.632 0 292975876
80 68 163.554 163.554 0 292975876
80 76 176.384 176.384 0 292975876
80 33 132.022 132.022 0 292975876
80 66 147.522 147.522 0 292975876
80 90 181.814 181.814 0 292975876
80 65 154.056 154.056 0 292975876
80 93 257.22 257.22 0 292975876
80 85 256.848 256.848 0 292975876
80 77 197.994 197.994 0 292975876
80 8 166.9 166.9 0 292975876
80 1 152.882 152.882 0 292975876
80 91 157.876 157.876 0 292975876
80 36 158.444 158.444 0 292975876
80 74 195.706 195.706 0 292975876
80 19 173.938 173.938 0 292975876
80 3 254.716 254.716 0 292975876
80 89 196.538 196.538 0 292975876
80 82 203.77 203.77 0 292975876
80 83 284.73 284.73 0 292975876
80 45 129.498 129.498 0 292975876
80 13 261.548 261.548 0 292975876
80 109 112.092 112.092 0 292975876
80 24 118.438 118.438 0 292975876
80 5 125.784 125.784 0 292975876
80 16 221.896 221.896 0 292975876
80 81 201.564 201.564 0 292975876
80 0 124.884 124.884 0 292975876
80 100 138.938 138.938 0 292975876
80 44 140.962 140.962 0 292975876
80 17 398.516 398.516 0 292975876
80 35 176.656 176.656 0 292975876
80 18 187.656 187.656 0 292975876
80 28 177.964 177.964 0 292975876
80 88 140.78 140.78 0 292975876
80 25 161.86 161.86 0 292975876
80 67 117.992 117.992 0 292975876
80 37 119.328 119.328 0 292975876
80 99 197.382 197.382 0 292975876
80 11 192.48 192.48 0 292975876
80 75 167.676 167.676 0 292975876
80 34 160.134 160.134 0 292975876
80 98 130.604 130.604 0 292975876
80 73 132.382 132.382 0 292975876
80 108 210.01 210.01 0 292975876
80 12 134.578 134.578 0 292975876
80 32 125.624 125.624 0 292975876
80 96 93.972 93.972 0 292975876
80 2 145.24 145.24 0 292975876
80 10 190.288 190.288 0 292975876
80 84 186.124 186.124 0 292975876
80 72 210.344 210.344 0 292975876
80 101 153.26 153.26 0 292975876
80 20 204.684 204.684 0 292975876
80 97 687.686 687.686 0 292975876
80 69 170.926 170.926 0 292975876
80 64 144.164 144.164 0 292975876
80 9 308.3 308.3 0 292975876
80 4 153.982 153.982 0 292975876
80 26 167.238 167.238 0 292975876
1 21 141.872 141.872 0 292975876
1 92 134.308 134.308 0 292975876
1 27 370.17 370.17 0 292975876
1 29 144.784 144.784 0 292975876
1 68 149.812 149.812 0 292975876
1 76 150.494 150.494 0 292975876
1 33 122.862 122.862 0 292975876
1 66 115.58 115.58 0 292975876
1 90 180.626 180.626 0 292975876
1 65 332.94 332.94 0 292975876
1 93 156.884 156.884 0 292975876
1 85 137.834 137.834 0 292975876
1 77 184.762 184.762 0 292975876
1 8 211.252 211.252 0 292975876
1 80 163.246 163.246 0 292975876
1 91 135.22 135.22 0 292975876
1 36 131.816 131.816 0 292975876
1 74 200.692 200.692 0 292975876
1 19 213.266 213.266 0 292975876
1 3 153.954 153.954 0 292975876
1 89 135.756 135.756 0 292975876
1 82 159.712 159.712 0 292975876
1 83 214.816 214.816 0 292975876
1 45 95.314 95.314 0 292975876
1 13 189.818 189.818 0 292975876
1 109 90.256 90.256 0 292975876
1 24 97.998 97.998 0 292975876
1 5 107.314 107.314 0 292975876
1 16 196.494 196.494 0 292975876
1 81 103.474 103.474 0 292975876
1 0 105.714 105.714 0 292975876
1 100 111.676 111.676 0 292975876
1 44 119.126 119.126 0 292975876
1 17 265 265 0 292975876
1 35 127.216 127.216 0 292975876
1 18 169.794 169.794 0 292975876
1 28 219.614 219.614 0 292975876
1 88 118.594 118.594 0 292975876
1 25 184.572 184.572 0 292975876
1 67 97.15 97.15 0 292975876
1 37 94.448 94.448 0 292975876
1 99 170.3 170.3 0 292975876
1 11 183.296 183.296 0 292975876
1 75 149.5 149.5 0 292975876
1 34 134.026 134.026 0 292975876
1 98 108.672 108.672 0 292975876
1 73 116.818 116.818 0 292975876
1 108 94.634 94.634 0 292975876
1 12 112.336 112.336 0 292975876
1 32 99.446 99.446 0 292975876
1 96 77.76 77.76 0 292975876
1 2 178.65 178.65 0 292975876
1 10 202.936 202.936 0 292975876
1 84 155.138 155.138 0 292975876
1 72 152.58 152.58 0 292975876
1 101 129.586 129.586 0 292975876
1 20 175.938 175.938 0 292975876
1 97 285.264 285.264 0 292975876
1 69 137.124 137.124 0 292975876
1 64 121.38 121.38 0 292975876
1 9 781.25 781.25 0 292975876
1 4 150.718 150.718 0 292975876
1 26 147.1 147.1 0 292975876
91 21 172.592 172.592 0 292975876
91 92 172.734 172.734 0 292975876
91 27 1149.08 1149.08 0 292975876
91 29 175.428 175.428 0 292975876
91 68 167.65 167.65 0 292975876
91 76 181.518 181.518 0 292975876
91 33 140.416 140.416 0 292975876
91 66 154.006 154.006 0 292975876
91 90 203.226 203.226 0 292975876
91 65 172.796 172.796 0 292975876
91 93 710.686 710.686 0 292975876
91 85 177.32 177.32 0 292975876
91 77 166.804 166.804 0 292975876
91 8 129.148 129.148 0 292975876
91 80 157.774 157.774 0 292975876
91 1 137.092 137.092 0 292975876
91 36 195.234 195.234 0 292975876
91 74 496.986 496.986 0 292975876
91 19 174.16 174.16 0 292975876
91 3 191.232 191.232 0 292975876
91 89 239.44 239.44 0 292975876
91 82 247.416 247.416 0 292975876
91 83 215.25 215.25 0 292975876
91 45 121.276 121.276 0 292975876
91 13 149.4 149.4 0 292975876
91 109 483.616 483.616 0 292975876
91 24 141.126 141.126 0 292975876
91 5 129.77 129.77 0 292975876
91 16 136.348 136.348 0 292975876
91 81 130.682 130.682 0 292975876
91 0 129.938 129.938 0 292975876
91 100 155.15 155.15 0 292975876
91 44 145.836 145.836 0 292975876
91 17 526.092 526.092 0 292975876
91 35 207.312 207.312 0 292975876
91 18 217.782 217.782 0 292975876
91 28 199.01 199.01 0 292975876
91 88 148.138 148.138 0 292975876
91 25 161.534 161.534 0 292975876
91 67 134.42 134.42 0 292975876
91 37 128.128 128.128 0 292975876
91 99 503.228 503.228 0 292975876
91 11 225.834 225.834 0 292975876
91 75 192.068 192.068 0 292975876
91 34 163.44 163.44 0 292975876
91 98 139.464 139.464 0 292975876
91 73 139.126 139.126 0 292975876
91 108 133.528 133.528 0 292975876
91 12 276.686 276.686 0 292975876
91 32 586.924 586.924 0 292975876
91 96 274.174 274.174 0 292975876
91 2 149.484 149.484 0 292975876
91 10 158.714 158.714 0 292975876
91 84 356.252 356.252 0 292975876
91 72 315.494 315.494 0 292975876
91 101 154.816 154.816 0 292975876
91 20 210.914 210.914 0 292975876
91 97 452.792 452.792 0 292975876
91 69 163.848 163.848 0 292975876
91 64 153.71 153.71 0 292975876
91 9 166.532 166.532 0 292975876
91 4 159.712 159.712 0 292975876
91 26 170.67 170.67 0 292975876
36 21 170.002 170.002 0 292975876
36 92 161.614 161.614 0 292975876
36 27 231.402 231.402 0 292975876
36 29 166.732 166.732 0 292975876
36 68 163.888 163.888 0 292975876
36 76 579.482 579.482 0 292975876
36 33 138.206 138.206 0 292975876
36 66 141.178 141.178 0 292975876
36 90 204.57 204.57 0 292975876
36 65 169.292 169.292 0 292975876
36 93 148.66 148.66 0 292975876
36 85 163.69 163.69 0 292975876
36 77 150.086 150.086 0 292975876
36 8 172.972 172.972 0 292975876
36 80 163.602 163.602 0 292975876
36 1 134.362 134.362 0 292975876
36 91 200.05 200.05 0 292975876
36 74 222.218 222.218 0 292975876
36 19 173.002 173.002 0 292975876
36 3 243.952 243.952 0 292975876
36 89 198.174 198.174 0 292975876
36 82 209.95 209.95 0 292975876
36 83 215.932 215.932 0 292975876
36 45 119.61 119.61 0 292975876
36 13 201.452 201.452 0 292975876
36 109 125.94 125.94 0 292975876
36 24 132.622 132.622 0 292975876
36 5 140.376 140.376 0 292975876
36 16 150.96 150.96 0 292975876
36 81 120.074 120.074 0 292975876
36 0 163.264 163.264 0 292975876
36 100 309.334 309.334 0 292975876
36 44 148.504 148.504 0 292975876
36 17 220.784 220.784 0 292975876
36 35 155.028 155.028 0 292975876
36 18 188.046 188.046 0 292975876
36 28 186.642 186.642 0 292975876
36 88 147.192 147.192 0 292975876
36 25 164.626 164.626 0 292975876
36 67 123.448 123.448 0 292975876
36 37 170.214 170.214 0 292975876
36 99 207.944 207.944 0 292975876
36 11 189.05 189.05 0 292975876
36 75 238.384 238.384 0 292975876
36 34 203.546 203.546 0 292975876
36 98 138.674 138.674 0 292975876
36 73 188.858 188.858 0 292975876
36 108 184.106 184.106 0 292975876
36 12 146.95 146.95 0 292975876
36 32 127.526 127.526 0 292975876
36 96 103.708 103.708 0 292975876
36 2 146.382 146.382 0 292975876
36 10 230.392 230.392 0 292975876
36 84 208.496 208.496 0 292975876
36 72 174.78 174.78 0 292975876
36 101 222.564 222.564 0 292975876
36 20 329.098 329.098 0 292975876
36 97 164.506 164.506 0 292975876
36 69 161.716 161.716 0 292975876
36 64 201.11 201.11 0 292975876
36 9 198.282 198.282 0 292975876
36 4 164.394 164.394 0 292975876
36 26 171.878 171.878 0 292975876
74 21 208.082 208.082 0 292975876
74 92 196.594 196.594 0 292975876
74 27 277.81 277.81 0 292975876
74 29 204.416 204.416 0 292975876
74 68 229.756 229.756 0 292975876
74 76 212.338 212.338 0 292975876
74 33 181.786 181.786 0 292975876
74 66 219.594 219.594 0 292975876
74 90 223.606 223.606 0 292975876
74 65 218.454 218.454 0 292975876
74 93 185.152 185.152 0 292975876
74 85 197.428 197.428 0 292975876
74 77 286.66 286.66 0 292975876
74 8 198.462 198.462 0 292975876
74 80 196.864 196.864 0 292975876
74 1 196.026 196.026 0 292975876
74 91 545.224 545.224 0 292975876
74 36 235.894 235.894 0 292975876
74 19 213.016 213.016 0 292975876
74 3 227.506 227.506 0 292975876
74 89 179.416 179.416 0 292975876
74 82 226.666 226.666 0 292975876
74 83 292.276 292.276 0 292975876
74 45 338.208 338.208 0 292975876
74 13 216.332 216.332 0 292975876
74 109 169.296 169.296 0 292975876
74 24 215.4 215.4 0 292975876
74 5 168.934 168.934 0 292975876
74 16 161.458 161.458 0 292975876
74 81 155.798 155.798 0 292975876
74 0 177.462 177.462 0 292975876
74 100 175.2 175.2 0 292975876
74 44 187.226 187.226 0 292975876
74 17 250.932 250.932 0 292975876
74 35 187.646 187.646 0 292975876
74 18 227.516 227.516 0 292975876
74 28 228.584 228.584 0 292975876
74 88 183.23 183.23 0 292975876
74 25 207.128 207.128 0 292975876
74 67 170.176 170.176 0 292975876
74 37 156.54 156.54 0 292975876
74 99 234.086 234.086 0 292975876
74 11 251.148 251.148 0 292975876
74 75 213.822 213.822 0 292975876
74 34 277.524 277.524 0 292975876
74 98 172.65 172.65 0 292975876
74 73 355 355 0 292975876
74 108 167.642 167.642 0 292975876
74 12 175.382 175.382 0 292975876
74 32 178.816 178.816 0 292975876
74 96 137.06 137.06 0 292975876
74 2 186.492 186.492 0 292975876
74 10 304.54 304.54 0 292975876
74 84 217.814 217.814 0 292975876
74 72 230.69 230.69 0 292975876
74 101 191.116 191.116 0 292975876
74 20 259.22 259.22 0 292975876
74 97 195.678 195.678 0 292975876
74 69 199.288 199.288 0 292975876
74 64 207.82 207.82 0 292975876
74 9 200.392 200.392 0 292975876
74 4 197.278 197.278 0 292975876
74 26 206.126 206.126 0 292975876
19 21 181.754 181.754 0 292975876
19 92 168.084 168.084 0 292975876
19 27 264.164 264.164 0 292975876
19 29 228.292 228.292 0 292975876
19 68 194.272 194.272 0 292975876
19 76 187.314 187.314 0 292975876
19 33 130.98 130.98 0 292975876
19 66 197.408 197.408 0 292975876
19 90 331.394 331.394 0 292975876
19 65 257.644 257.644 0 292975876
19 93 335.654 335.654 0 292975876
19 85 210.612 210.612 0 292975876
19 77 166.332 166.332 0 292975876
19 8 150.44 150.44 0 292975876
19 80 174.498 174.498 0 292975876
19 1 280.894 280.894 0 292975876
19 91 173.596 173.596 0 292975876
19 36 173.594 173.594 0 292975876
19 74 211.56 211.56 0 292975876
19 3 234.644 234.644 0 292975876
19 89 171.21 171.21 0 292975876
19 82 209.468 209.468 0 292975876
19 83 899.184 899.184 0 292975876
19 45 181.516 181.516 0 292975876
19 13 161.898 161.898 0 292975876
19 109 134.18 134.18 0 292975876
19 24 135.948 135.948 0 292975876
19 5 157.022 157.022 0 292975876
19 16 216.04 216.04 0 292975876
19 81 130.414 130.414 0 292975876
19 0 158.73 158.73 0 292975876
19 100 160.516 160.516 0 292975876
19 44 154.802 154.802 0 292975876
19 17 222.736 222.736 0 292975876
19 35 175.324 175.324 0 292975876
19 18 225.074 225.074 0 292975876
19 28 192.992 192.992 0 292975876
19 88 160.098 160.098 0 292975876
19 25 177.734 177.734 0 292975876
19 67 155.132 155.132 0 292975876
19 37 196.696 196.696 0 292975876
19 99 229.738 229.738 0 292975876
19 11 207.192 207.192 0 292975876
19 75 191.25 191.25 0 292975876
19 34 171.128 171.128 0 292975876
19 98 146.966 146.966 0 292975876
19 73 147.296 147.296 0 292975876
19 108 155.73 155.73 0 292975876
19 12 174.254 174.254 0 292975876
19 32 134.652 134.652 0 292975876
19 96 110.488 110.488 0 292975876
19 2 187.57 187.57 0 292975876
19 10 224.766 224.766 0 292975876
19 84 265.518 265.518 0 292975876
19 72 184.306 184.306 0 292975876
19 101 229.432 229.432 0 292975876
19 20 235.602 235.602 0 292975876
19 97 154.202 154.202 0 292975876
19 69 169.128 169.128 0 292975876
19 64 161.082 161.082 0 292975876
19 9 154.22 154.22 0 292975876
19 4 183.634 183.634 0 292975876
19 26 230.092 230.092 0 292975876
3 21 183.198 183.198 0 292975876
3 92 184.19 184.19 0 292975876
3 27 280.668 280.668 0 292975876
3 29 187.162 187.162 0 292975876
3 68 189.93 189.93 0 292975876
3 76 192.368 192.368 0 292975876
3 33 150.996 150.996 0 292975876
3 66 188.506 188.506 0 292975876
3 90 216.098 216.098 0 292975876
3 65 183.826 183.826 0 292975876
3 93 185.742 185.742 0 292975876
3 85 174.55 174.55 0 292975876
3 77 169.764 169.764 0 292975876
3 8 145.122 145.122 0 292975876
3 80 283.748 283.748 0 292975876
3 1 154.832 154.832 0 292975876
3 91 196.77 196.77 0 292975876
3 36 273.614 273.614 0 292975876
3 74 229.962 229.962 0 292975876
3 19 214.176 214.176 0 292975876
3 89 188.438 188.438 0 292975876
3 82 212.212 212.212 0 292975876
3 83 257.356 257.356 0 292975876
3 45 250.418 250.418 0 292975876
3 13 190.542 190.542 0 292975876
3 109 130.976 130.976 0 292975876
3 24 142.746 142.746 0 292975876
3 5 201.478 201.478 0 292975876
3 16 144.052 144.052 0 292975876
3 81 163.458 163.458 0 292975876
3 0 146.308 146.308 0 292975876
3 100 159.69 159.69 0 292975876
3 44 196.034 196.034 0 292975876
3 17 233.916 233.916 0 292975876
3 35 166.772 166.772 0 292975876
3 18 203.542 203.542 0 292975876
3 28 199.404 199.404 0 292975876
3 88 190.934 190.934 0 292975876
3 25 182.322 182.322 0 292975876
3 67 821.622 821.622 0 292975876
3 37 133.728 133.728 0 292975876
3 99 218.014 218.014 0 292975876
3 11 212.332 212.332 0 292975876
3 75 194.854 194.854 0 292975876
3 34 179.256 179.256 0 292975876
3 98 148.982 148.982 0 292975876
3 73 159.118 159.118 0 292975876
3 108 141.284 141.284 0 292975876
3 12 150.164 150.164 0 292975876
3 32 143.646 143.646 0 292975876
3 96 121.03 121.03 0 292975876
3 2 173.17 173.17 0 292975876
3 10 314.016 314.016 0 292975876
3 84 323.952 323.952 0 292975876
3 72 192.418 192.418 0 292975876
3 101 181.15 181.15 0 292975876
3 20 220.32 220.32 0 292975876
3 97 160.112 160.112 0 292975876
3 69 230.11 230.11 0 292975876
3 64 179.738 179.738 0 292975876
3 9 161.768 161.768 0 292975876
3 4 192.646 192.646 0 292975876
3 26 197.142 197.142 0 292975876
89 21 149.2 149.2 0 292975876
89 92 190.502 190.502 0 292975876
89 27 278.096 278.096 0 292975876
89 29 197.756 197.756 0 292975876
89 68 149.81 149.81 0 292975876
89 76 163.116 163.116 0 292975876
89 33 170.754 170.754 0 292975876
89 66 168.99 168.99 0 292975876
89 90 177.46 177.46 0 292975876
89 65 225.002 225.002 0 292975876
89 93 128.27 128.27 0 292975876
89 85 140.652 140.652 0 292975876
89 77 141.798 141.798 0 292975876
89 8 109.642 109.642 0 292975876
89 80 170.026 170.026 0 292975876
89 1 147.794 147.794 0 292975876
89 91 325.548 325.548 0 292975876
89 36 173.818 173.818 0 292975876
89 74 179.6 179.6 0 292975876
89 19 177.828 177.828 0 292975876
89 3 216.018 216.018 0 292975876
89 82 185.09 185.09 0 292975876
89 83 203.686 203.686 0 292975876
89 45 167.326 167.326 0 292975876
89 13 131.96 131.96 0 292975876
89 109 101.632 101.632 0 292975876
89 24 131.378 131.378 0 292975876
89 5 112.348 112.348 0 292975876
89 16 101.928 101.928 0 292975876
89 81 98.682 98.682 0 292975876
89 0 107.292 107.292 0 292975876
89 100 127.924 127.924 0 292975876
89 44 123.822 123.822 0 292975876
89 17 228.836 228.836 0 292975876
89 35 189.024 189.024 0 292975876
89 18 178.14 178.14 0 292975876
89 28 168.394 168.394 0 292975876
89 88 129.182 129.182 0 292975876
89 25 239.162 239.162 0 292975876
89 67 104.35 104.35 0 292975876
89 37 97.316 97.316 0 292975876
89 99 181.014 181.014 0 292975876
89 11 172.176 172.176 0 292975876
89 75 154.094 154.094 0 292975876
89 34 141.498 141.498 0 292975876
89 98 114.4 114.4 0 292975876
89 73 573.336 573.336 0 292975876
89 108 92.162 92.162 0 292975876
89 12 115.622 115.622 0 292975876
89 32 104.966 104.966 0 292975876
89 96 80.65 80.65 0 292975876
89 2 133.478 133.478 0 292975876
89 10 142.116 142.116 0 292975876
89 84 196.012 196.012 0 292975876
89 72 159.974 159.974 0 292975876
89 101 136.72 136.72 0 292975876
89 20 185.902 185.902 0 292975876
89 97 117.324 117.324 0 292975876
89 69 168.822 168.822 0 292975876
89 64 145.72 145.72 0 292975876
89 9 126.378 126.378 0 292975876
89 4 137.866 137.866 0 292975876
89 26 284.766 284.766 0 292975876
82 21 205.67 205.67 0 292975876
82 92 190.252 190.252 0 292975876
82 27 323.974 323.974 0 292975876
82 29 213.08 213.08 0 292975876
82 68 197.658 197.658 0 292975876
82 76 210.306 210.306 0 292975876
82 33 159.756 159.756 0 292975876
82 66 232.478 232.478 0 292975876
82 90 228.52 228.52 0 292975876
82 65 195.228 195.228 0 292975876
82 93 183.546 183.546 0 292975876
82 85 194.436 194.436 0 292975876
82 77 179.086 179.086 0 292975876
82 8 159.284 159.284 0 292975876
82 80 201.172 201.172 0 292975876
82 1 160.488 160.488 0 292975876
82 91 222.796 222.796 0 292975876
82 36 211.23 211.23 0 292975876
82 74 227.504 227.504 0 292975876
82 19 207.308 207.308 0 292975876
82 3 212.172 212.172 0 292975876
82 89 182.688 182.688 0 292975876
82 83 253.106 253.106 0 292975876
82 45 149.378 149.378 0 292975876
82 13 187.02 187.02 0 292975876
82 109 151.036 151.036 0 292975876
82 24 161.87 161.87 0 292975876
82 5 195.658 195.658 0 292975876
82 16 164.714 164.714 0 292975876
82 81 147.52 147.52 0 292975876
82 0 166.528 166.528 0 292975876
82 100 141.908 141.908 0 292975876
82 44 279.704 279.704 0 292975876
82 17 261.554 261.554 0 292975876
82 35 210.672 210.672 0 292975876
82 18 334.496 334.496 0 292975876
82 28 212.798 212.798 0 292975876
82 88 181.05 181.05 0 292975876
82 25 223.084 223.084 0 292975876
82 67 148.534 148.534 0 292975876
82 37 170.228 170.228 0 292975876
82 99 229.746 229.746 0 292975876
82 11 220.222 220.222 0 292975876
82 75 235.616 235.616 0 292975876
82 34 333.032 333.032 0 292975876
82 98 203.622 203.622 0 292975876
82 73 194.748 194.748 0 292975876
82 108 173.076 173.076 0 292975876
82 12 167.42 167.42 0 292975876
82 32 349.006 349.006 0 292975876
82 96 126.796 126.796 0 292975876
82 2 363.802 363.802 0 292975876
82 10 197.138 197.138 0 292975876
82 84 218.882 218.882 0 292975876
82 72 235.25 235.25 0 292975876
82 101 192.308 192.308 0 292975876
82 20 234.08 234.08 0 292975876
82 97 737.326 737.326 0 292975876
82 69 198.8 198.8 0 292975876
82 64 184.336 184.336 0 292975876
82 9 168.078 168.078 0 292975876
82 4 195.08 195.08 0 292975876
82 26 209.046 209.046 0 292975876
83 21 232.83 232.83 0 292975876
83 92 215.91 215.91 0 292975876
83 27 341.544 341.544 0 292975876
83 29 494.816 494.816 0 292975876
83 68 231.736 231.736 0 292975876
83 76 243.404 243.404 0 292975876
83 33 181.926 181.926 0 292975876
83 66 239.056 239.056 0 292975876
83 90 361.428 361.428 0 292975876
83 65 328.75 328.75 0 292975876
83 93 206.19 206.19 0 292975876
83 85 712.192 712.192 0 292975876
83 77 217.964 217.964 0 292975876
83 8 246.258 246.258 0 292975876
83 80 277.532 277.532 0 292975876
83 1 208.456 208.456 0 292975876
83 91 218.618 218.618 0 292975876
83 36 218.322 218.322 0 292975876
83 74 296.454 296.454 0 292975876
83 19 843.884 843.884 0 292975876
83 3 260.78 260.78 0 292975876
83 89 204.604 204.604 0 292975876
83 82 255.512 255.512 0 292975876
83 45 188.298 188.298 0 292975876
83 13 210.556 210.556 0 292975876
83 109 202.838 202.838 0 292975876
83 24 758.538 758.538 0 292975876
83 5 206.86 206.86 0 292975876
83 16 250.952 250.952 0 292975876
83 81 175.256 175.256 0 292975876
83 0 216.404 216.404 0 292975876
83 100 175.982 175.982 0 292975876
83 44 225.762 225.762 0 292975876
83 17 279.596 279.596 0 292975876
83 35 597.6 597.6 0 292975876
83 18 276.94 276.94 0 292975876
83 28 247.076 247.076 0 292975876
83 88 223.376 223.376 0 292975876
83 25 221.08 221.08 0 292975876
83 67 204.016 204.016 0 292975876
83 37 196.408 196.408 0 292975876
83 99 266.468 266.468 0 292975876
83 11 611.268 611.268 0 292975876
83 75 232.462 232.462 0 292975876
83 34 385.012 385.012 0 292975876
83 98 237.476 237.476 0 292975876
83 73 218.516 218.516 0 292975876
83 108 436.336 436.336 0 292975876
83 12 204.292 204.292 0 292975876
83 32 212.116 212.116 0 292975876
83 96 489.864 489.864 0 292975876
83 2 212.746 212.746 0 292975876
83 10 235.438 235.438 0 292975876
83 84 241.19 241.19 0 292975876
83 72 245.386 245.386 0 292975876
83 101 224.176 224.176 0 292975876
83 20 272.648 272.648 0 292975876
83 97 206.27 206.27 0 292975876
83 69 569.796 569.796 0 292975876
83 64 215.31 215.31 0 292975876
83 9 865.124 865.124 0 292975876
83 4 248.67 248.67 0 292975876
83 26 231.318 231.318 0 292975876
45 21 147.592 147.592 0 292975876
45 92 138.73 138.73 0 292975876
45 27 926.338 926.338 0 292975876
45 29 129.158 129.158 0 292975876
45 68 123.496 123.496 0 292975876
45 76 137.936 137.936 0 292975876
45 33 86.668 86.668 0 292975876
45 66 124.756 124.756 0 292975876
45 90 147.228 147.228 0 292975876
45 65 115.642 115.642 0 292975876
45 93 104.69 104.69 0 292975876
45 85 193.88 193.88 0 292975876
45 77 110.534 110.534 0 292975876
45 8 91.15 91.15 0 292975876
45 80 126.266 126.266 0 292975876
45 1 96.412 96.412 0 292975876
45 91 122.458 122.458 0 292975876
45 36 120.432 120.432 0 292975876
45 74 256.298 256.298 0 292975876
45 19 188.456 188.456 0 292975876
45 3 336.316 336.316 0 292975876
45 89 232.64 232.64 0 292975876
45 82 149.23 149.23 0 292975876
45 83 191.872 191.872 0 292975876
45 13 156.584 156.584 0 292975876
45 109 133.492 133.492 0 292975876
45 24 90.768 90.768 0 292975876
45 5 86.228 86.228 0 292975876
45 16 100.952 100.952 0 292975876
45 81 78.1 78.1 0 292975876
45 0 107.306 107.306 0 292975876
45 100 142.416 142.416 0 292975876
45 44 105.16 105.16 0 292975876
45 17 181.838 181.838 0 292975876
45 35 114.626 114.626 0 292975876
45 18 149.478 149.478 0 292975876
45 28 143.998 143.998 0 292975876
45 88 105.728 105.728 0 292975876
45 25 126.052 126.052 0 292975876
45 67 91.044 91.044 0 292975876
45 37 95.178 95.178 0 292975876
45 99 157.172 157.172 0 292975876
45 11 157.008 157.008 0 292975876
45 75 137.104 137.104 0 292975876
45 34 289.54 289.54 0 292975876
45 98 101.626 101.626 0 292975876
45 73 106.71 106.71 0 292975876
45 108 70.302 70.302 0 292975876
45 12 94.432 94.432 0 292975876
45 32 105.794 105.794 0 292975876
45 96 60.94 60.94 0 292975876
45 2 110.484 110.484 0 292975876
45 10 124.35 124.35 0 292975876
45 84 139 139 0 292975876
45 72 156.836 156.836 0 292975876
45 101 135.418 135.418 0 292975876
45 20 170.462 170.462 0 292975876
45 97 95.476 95.476 0 292975876
45 69 116.404 116.404 0 292975876
45 64 107.376 107.376 0 292975876
45 9 106.39 106.39 0 292975876
45 4 135.608 135.608 0 292975876
45 26 154.41 154.41 0 292975876
13 21 170.728 170.728 0 292975876
13 92 152.758 152.758 0 292975876
13 27 284.536 284.536 0 292975876
13 29 163.038 163.038 0 292975876
13 68 160.806 160.806 0 292975876
13 76 608.398 608.398 0 292975876
13 33 129.232 129.232 0 292975876
13 66 131.574 131.574 0 292975876
13 90 215.568 215.568 0 292975876
13 65 167.856 167.856 0 292975876
13 93 138.898 138.898 0 292975876
13 85 157.908 157.908 0 292975876
13 77 357.63 357.63 0 292975876
13 8 122.004 122.004 0 292975876
13 80 300.456 300.456 0 292975876
13 1 263.27 263.27 0 292975876
13 91 157.16 157.16 0 292975876
13 36 229.262 229.262 0 292975876
13 74 217.574 217.574 0 292975876
13 19 166.144 166.144 0 292975876
13 3 193.336 193.336 0 292975876
13 89 138.612 138.612 0 292975876
13 82 196.962 196.962 0 292975876
13 83 216.16 216.16 0 292975876
13 45 163.112 163.112 0 292975876
13 109 178.816 178.816 0 292975876
13 24 119.542 119.542 0 292975876
13 5 134.332 134.332 0 292975876
13 16 118.628 118.628 0 292975876
13 81 113.804 113.804 0 292975876
13 0 126.542 126.542 0 292975876
13 100 154.304 154.304 0 292975876
13 44 138.598 138.598 0 292975876
13 17 219.972 219.972 0 292975876
13 35 143.9 143.9 0 292975876
13 18 267.68 267.68 0 292975876
13 28 201.916 201.916 0 292975876
13 88 140.936 140.936 0 292975876
13 25 157.946 157.946 0 292975876
13 67 122.238 122.238 0 292975876
13 37 112.398 112.398 0 292975876
13 99 193.618 193.618 0 292975876
13 11 192.104 192.104 0 292975876
13 75 177.104 177.104 0 292975876
13 34 156.352 156.352 0 292975876
13 98 127.852 127.852 0 292975876
13 73 164.512 164.512 0 292975876
13 108 111.446 111.446 0 292975876
13 12 148.462 148.462 0 292975876
13 32 122.924 122.924 0 292975876
13 96 118.846 118.846 0 292975876
13 2 143.466 143.466 0 292975876
13 10 172.108 172.108 0 292975876
13 84 176.706 176.706 0 292975876
13 72 172.468 172.468 0 292975876
13 101 147.316 147.316 0 292975876
13 20 236.43 236.43 0 292975876
13 97 134.534 134.534 0 292975876
13 69 157.27 157.27 0 292975876
13 64 141.038 141.038 0 292975876
13 9 159.56 159.56 0 292975876
13 4 151.506 151.506 0 292975876
13 26 165.044 165.044 0 292975876
109 21 333.392 333.392 0 292975876
109 92 139.23 139.23 0 292975876
109 27 283.722 283.722 0 292975876
109 29 126.382 126.382 0 292975876
109 68 123.816 123.816 0 292975876
109 76 128.924 128.924 0 292975876
109 33 160.046 160.046 0 292975876
109 66 223.336 223.336 0 292975876
109 90 143.26 143.26 0 292975876
109 65 130.94 130.94 0 292975876
109 93 96.1 96.1 0 292975876
109 85 138.396 138.396 0 292975876
109 77 109.348 109.348 0 292975876
109 8 80.268 80.268 0 292975876
109 80 110.95 110.95 0 292975876
109 1 89.852 89.852 0 292975876
109 91 515.98 515.98 0 292975876
109 36 125.66 125.66 0 292975876
109 74 173.376 173.376 0 292975876
109 19 137.992 137.992 0 292975876
109 3 130.38 130.38 0 292975876
109 89 100.512 100.512 0 292975876
109 82 154.056 154.056 0 292975876
109 83 228.258 228.258 0 292975876
109 45 118.082 118.082 0 292975876
109 13 141.934 141.934 0 292975876
109 24 76.998 76.998 0 292975876
109 5 87.758 87.758 0 292975876
109 16 207.768 207.768 0 292975876
109 81 72.684 72.684 0 292975876
109 0 133.796 133.796 0 292975876
109 100 125.028 125.028 0 292975876
109 44 95.878 95.878 0 292975876
109 17 170.802 170.802 0 292975876
109 35 100.73 100.73 0 292975876
109 18 138.562 138.562 0 292975876
109 28 235.64 235.64 0 292975876
109 88 100.572 100.572 0 292975876
109 25 119.482 119.482 0 292975876
109 67 77.408 77.408 0 292975876
109 37 68.086 68.086 0 292975876
109 99 152.38 152.38 0 292975876
109 11 144.416 144.416 0 292975876
109 75 128.428 128.428 0 292975876
109 34 116.306 116.306 0 292975876
109 98 85.15 85.15 0 292975876
109 73 89.96 89.96 0 292975876
109 108 73.78 73.78 0 292975876
109 12 87.784 87.784 0 292975876
109 32 79.812 79.812 0 292975876
109 96 53.546 53.546 0 292975876
109 2 103.02 103.02 0 292975876
109 10 141.184 141.184 0 292975876
109 84 135.92 135.92 0 292975876
109 72 158.866 158.866 0 292975876
109 101 104.922 104.922 0 292975876
109 20 166.444 166.444 0 292975876
109 97 90.588 90.588 0 292975876
109 69 112.22 112.22 0 292975876
109 64 104.38 104.38 0 292975876
109 9 99.088 99.088 0 292975876
109 4 109.822 109.822 0 292975876
109 26 155.102 155.102 0 292975876
24 21 148.614 148.614 0 292975876
24 92 123.43 123.43 0 292975876
24 27 257.586 257.586 0 292975876
24 29 197.46 197.46 0 292975876
24 68 171.966 171.966 0 292975876
24 76 178.59 178.59 0 292975876
24 33 105.214 105.214 0 292975876
24 66 98.172 98.172 0 292975876
24 90 160.748 160.748 0 292975876
24 65 117.846 117.846 0 292975876
24 93 106.372 106.372 0 292975876
24 85 121.848 121.848 0 292975876
24 77 148.394 148.394 0 292975876
24 8 87.83 87.83 0 292975876
24 80 118.612 118.612 0 292975876
24 1 98.734 98.734 0 292975876
24 91 146.248 146.248 0 292975876
24 36 132.76 132.76 0 292975876
24 74 189.52 189.52 0 292975876
24 19 137.67 137.67 0 292975876
24 3 141.654 141.654 0 292975876
24 89 157.8 157.8 0 292975876
24 82 164.492 164.492 0 292975876
24 83 806.704 806.704 0 292975876
24 45 86.47 86.47 0 292975876
24 13 109.51 109.51 0 292975876
24 109 76.952 76.952 0 292975876
24 5 90.952 90.952 0 292975876
24 16 83.286 83.286 0 292975876
24 81 81.626 81.626 0 292975876
24 0 88.984 88.984 0 292975876
24 100 118.74 118.74 0 292975876
24 44 107.726 107.726 0 292975876
24 17 206.998 206.998 0 292975876
24 35 108.67 108.67 0 292975876
24 18 216.16 216.16 0 292975876
24 28 229.52 229.52 0 292975876
24 88 304.582 304.582 0 292975876
24 25 273.21 273.21 0 292975876
24 67 93.928 93.928 0 292975876
24 37 89.664 89.664 0 292975876
24 99 163.996 163.996 0 292975876
24 11 183.788 183.788 0 292975876
24 75 264.616 264.616 0 292975876
24 34 123.382 123.382 0 292975876
24 98 140.008 140.008 0 292975876
24 73 204.568 204.568 0 292975876
24 108 73.628 73.628 0 292975876
24 12 123.96 123.96 0 292975876
24 32 89.284 89.284 0 292975876
24 96 152.838 152.838 0 292975876
24 2 115.22 115.22 0 292975876
24 10 123.854 123.854 0 292975876
24 84 150.038 150.038 0 292975876
24 72 170.02 170.02 0 292975876
24 101 133.23 133.23 0 292975876
24 20 165.086 165.086 0 292975876
24 97 104.6 104.6 0 292975876
24 69 119.028 119.028 0 292975876
24 64 104.994 104.994 0 292975876
24 9 107.468 107.468 0 292975876
24 4 121.926 121.926 0 292975876
24 26 131.31 131.31 0 292975876
5 21 140.998 140.998 0 292975876
5 92 127.946 127.946 0 292975876
5 27 294.17 294.17 0 292975876
5 29 135.344 135.344 0 292975876
5 68 172.508 172.508 0 292975876
5 76 159.044 159.044 0 292975876
5 33 205.21 205.21 0 292975876
5 66 170.97 170.97 0 292975876
5 90 186.762 186.762 0 292975876
5 65 171.416 171.416 0 292975876
5 93 208.684 208.684 0 292975876
5 85 129.334 129.334 0 292975876
5 77 222.956 222.956 0 292975876
5 8 96.582 96.582 0 292975876
5 80 126.108 126.108 0 292975876
5 1 108.738 108.738 0 292975876
5 91 129.552 129.552 0 292975876
5 36 138.954 138.954 0 292975876
5 74 168.452 168.452 0 292975876
5 19 169.134 169.134 0 292975876
5 3 174.004 174.004 0 292975876
5 89 110.736 110.736 0 292975876
5 82 224.334 224.334 0 292975876
5 83 197.168 197.168 0 292975876
5 45 86.52 86.52 0 292975876
5 13 123.354 123.354 0 292975876
5 109 87.184 87.184 0 292975876
5 24 91.27 91.27 0 292975876
5 16 88.472 88.472 0 292975876
5 81 85.884 85.884 0 292975876
5 0 125.682 125.682 0 292975876
5 100 144.212 144.212 0 292975876
5 44 109.424 109.424 0 292975876
5 17 189.98 189.98 0 292975876
5 35 115.79 115.79 0 292975876
5 18 165.466 165.466 0 292975876
5 28 153.272 153.272 0 292975876
5 88 115.078 115.078 0 292975876
5 25 134.918 134.918 0 292975876
5 67 613.838 613.838 0 292975876
5 37 84.204 84.204 0 292975876
5 99 170.672 170.672 0 292975876
5 11 238.674 238.674 0 292975876
5 75 156.652 156.652 0 292975876
5 34 133.502 133.502 0 292975876
5 98 105.602 105.602 0 292975876
5 73 108.63 108.63 0 292975876
5 108 262.048 262.048 0 292975876
5 12 101.738 101.738 0 292975876
5 32 91.264 91.264 0 292975876
5 96 73.588 73.588 0 292975876
5 2 123.076 123.076 0 292975876
5 10 154.378 154.378 0 292975876
5 84 149.596 149.596 0 292975876
5 72 170.73 170.73 0 292975876
5 101 120.516 120.516 0 292975876
5 20 174.676 174.676 0 292975876
5 97 134.154 134.154 0 292975876
5 69 267.468 267.468 0 292975876
5 64 112.682 112.682 0 292975876
5 9 111.712 111.712 0 292975876
5 4 123.93 123.93 0 292975876
5 26 135.568 135.568 0 292975876
16 21 129.52 129.52 0 292975876
16 92 120.212 120.212 0 292975876
16 27 272.334 272.334 0 292975876
16 29 128.584 128.584 0 292975876
16 68 129.216 129.216 0 292975876
16 76 137.562 137.562 0 292975876
16 33 126.436 126.436 0 292975876
16 66 165.374 165.374 0 292975876
16 90 152.026 152.026 0 292975876
16 65 115.412 115.412 0 292975876
16 93 103.918 103.918 0 292975876
16 85 119.318 119.318 0 292975876
16 77 117.524 117.524 0 292975876
16 8 91.652 91.652 0 292975876
16 80 261.188 261.188 0 292975876
16 1 161 161 0 292975876
16 91 148.674 148.674 0 292975876
16 36 166.312 166.312 0 292975876
16 74 162.432 162.432 0 292975876
16 19 288.242 288.242 0 292975876
16 3 147.452 147.452 0 292975876
16 89 102.012 102.012 0 292975876
16 82 167.042 167.042 0 292975876
16 83 256.25 256.25 0 292975876
16 45 106.476 106.476 0 292975876
16 13 111.494 111.494 0 292975876
16 109 139.818 139.818 0 292975876
16 24 83.08 83.08 0 292975876
16 5 89.792 89.792 0 292975876
16 81 79.852 79.852 0 292975876
16 0 96.076 96.076 0 292975876
16 100 120.43 120.43 0 292975876
16 44 103.542 103.542 0 292975876
16 17 182.504 182.504 0 292975876
16 35 114.728 114.728 0 292975876
16 18 146.27 146.27 0 292975876
16 28 147.986 147.986 0 292975876
16 88 108.25 108.25 0 292975876
16 25 125.274 125.274 0 292975876
16 67 87.272 87.272 0 292975876
16 37 76.782 76.782 0 292975876
16 99 160.15 160.15 0 292975876
16 11 153.324 153.324 0 292975876
16 75 131.918 131.918 0 292975876
16 34 124.406 124.406 0 292975876
16 98 92.454 92.454 0 292975876
16 73 621.67 621.67 0 292975876
16 108 80.558 80.558 0 292975876
16 12 152.626 152.626 0 292975876
16 32 98.64 98.64 0 292975876
16 96 94.948 94.948 0 292975876
16 2 110.942 110.942 0 292975876
16 10 122.372 122.372 0 292975876
16 84 143.278 143.278 0 292975876
16 72 140.35 140.35 0 292975876
16 101 114.926 114.926 0 292975876
16 20 192.506 192.506 0 292975876
16 97 280.978 280.978 0 292975876
16 69 120.686 120.686 0 292975876
16 64 132.906 132.906 0 292975876
16 9 134.41 134.41 0 292975876
16 4 121.194 121.194 0 292975876
16 26 131.172 131.172 0 292975876
81 21 123.232 123.232 0 292975876
81 92 122.664 122.664 0 292975876
81 27 277.374 277.374 0 292975876
81 29 153.012 153.012 0 292975876
81 68 120.398 120.398 0 292975876
81 76 130.932 130.932 0 292975876
81 33 84.078 84.078 0 292975876
81 66 116.306 116.306 0 292975876
81 90 202.024 202.024 0 292975876
81 65 116.044 116.044 0 292975876
81 93 103.71 103.71 0 292975876
81 85 273.174 273.174 0 292975876
81 77 109.648 109.648 0 292975876
81 8 156.622 156.622 0 292975876
81 80 282.184 282.184 0 292975876
81 1 102.588 102.588 0 292975876
81 91 132.598 132.598 0 292975876
81 36 120.946 120.946 0 292975876
81 74 156.914 156.914 0 292975876
81 19 130.406 130.406 0 292975876
81 3 186.662 186.662 0 292975876
81 89 101.852 101.852 0 292975876
81 82 149.762 149.762 0 292975876
81 83 174.772 174.772 0 292975876
81 45 77.86 77.86 0 292975876
81 13 106.354 106.354 0 292975876
81 109 72.376 72.376 0 292975876
81 24 82.19 82.19 0 292975876
81 5 86.29 86.29 0 292975876
81 16 81.002 81.002 0 292975876
81 0 88.598 88.598 0 292975876
81 100 116.818 116.818 0 292975876
81 44 107.748 107.748 0 292975876
81 17 282.338 282.338 0 292975876
81 35 111.194 111.194 0 292975876
81 18 163.892 163.892 0 292975876
81 28 147.082 147.082 0 292975876
81 88 109.578 109.578 0 292975876
81 25 125.774 125.774 0 292975876
81 67 112.596 112.596 0 292975876
81 37 76.706 76.706 0 292975876
81 99 180.002 180.002 0 292975876
81 11 156.7 156.7 0 292975876
81 75 137.264 137.264 0 292975876
81 34 124.672 124.672 0 292975876
81 98 94.004 94.004 0 292975876
81 73 110.09 110.09 0 292975876
81 108 98.316 98.316 0 292975876
81 12 194.642 194.642 0 292975876
81 32 84.678 84.678 0 292975876
81 96 61.162 61.162 0 292975876
81 2 110.422 110.422 0 292975876
81 10 113.528 113.528 0 292975876
81 84 160.666 160.666 0 292975876
81 72 180.158 180.158 0 292975876
81 101 154.466 154.466 0 292975876
81 20 158.326 158.326 0 292975876
81 97 577.102 577.102 0 292975876
81 69 122.738 122.738 0 292975876
81 64 224.326 224.326 0 292975876
81 9 106.762 106.762 0 292975876
81 4 117.866 117.866 0 292975876
81 26 127.772 127.772 0 292975876
0 21 145.128 145.128 0 292975876
0 92 128.206 128.206 0 292975876
0 27 270.59 270.59 0 292975876
0 29 138.238 138.238 0 292975876
0 68 202.188 202.188 0 292975876
0 76 146.33 146.33 0 292975876
0 33 125.478 125.478 0 292975876
0 66 293.3 293.3 0 292975876
0 90 159.592 159.592 0 292975876
0 65 123.04 123.04 0 292975876
0 93 177.634 177.634 0 292975876
0 85 128.992 128.992 0 292975876
0 77 125.3 125.3 0 292975876
0 8 95.486 95.486 0 292975876
0 80 125.58 125.58 0 292975876
0 1 106.524 106.524 0 292975876
0 91 131.086 131.086 0 292975876
0 36 153.074 153.074 0 292975876
0 74 178.98 178.98 0 292975876
0 19 171.992 171.992 0 292975876
0 3 145.94 145.94 0 292975876
0 89 107.128 107.128 0 292975876
0 82 169.48 169.48 0 292975876
0 83 241.938 241.938 0 292975876
0 45 113.784 113.784 0 292975876
0 13 119.028 119.028 0 292975876
0 109 123.028 123.028 0 292975876
0 24 92.24 92.24 0 292975876
0 5 118.5 118.5 0 292975876
0 16 94.388 94.388 0 292975876
0 81 90.154 90.154 0 292975876
0 100 123.772 123.772 0 292975876
0 44 110.416 110.416 0 292975876
0 17 188.68 188.68 0 292975876
0 35 116.216 116.216 0 292975876
0 18 155.138 155.138 0 292975876
0 28 153.002 153.002 0 292975876
0 88 115.15 115.15 0 292975876
0 25 136.73 136.73 0 292975876
0 67 95.848 95.848 0 292975876
0 37 83.924 83.924 0 292975876
0 99 254.24 254.24 0 292975876
0 11 165.034 165.034 0 292975876
0 75 141.744 141.744 0 292975876
0 34 132.646 132.646 0 292975876
0 98 99.854 99.854 0 292975876
0 73 111.794 111.794 0 292975876
0 108 79.128 79.128 0 292975876
0 12 103.028 103.028 0 292975876
0 32 97.3 97.3 0 292975876
0 96 210.416 210.416 0 292975876
0 2 125.188 125.188 0 292975876
0 10 129.926 129.926 0 292975876
0 84 148.96 148.96 0 292975876
0 72 176.814 176.814 0 292975876
0 101 119.048 119.048 0 292975876
0 20 174.878 174.878 0 292975876
0 97 144.336 144.336 0 292975876
0 69 131.604 131.604 0 292975876
0 64 299.492 299.492 0 292975876
0 9 775.678 775.678 0 292975876
0 4 142.672 142.672 0 292975876
0 26 137.992 137.992 0 292975876
100 21 169.804 169.804 0 292975876
100 92 165.466 165.466 0 292975876
100 27 893.352 893.352 0 292975876
100 29 211.344 211.344 0 292975876
100 68 154.774 154.774 0 292975876
100 76 156.722 156.722 0 292975876
100 33 135.068 135.068 0 292975876
100 66 151.978 151.978 0 292975876
100 90 236.476 236.476 0 292975876
100 65 154.802 154.802 0 292975876
100 93 162.028 162.028 0 292975876
100 85 169.758 169.758 0 292975876
100 77 131.534 131.534 0 292975876
100 8 128.234 128.234 0 292975876
100 80 145.282 145.282 0 292975876
100 1 117.888 117.888 0 292975876
100 91 158.862 158.862 0 292975876
100 36 232.202 232.202 0 292975876
100 74 177.222 177.222 0 292975876
100 19 163.484 163.484 0 292975876
100 3 161.618 161.618 0 292975876
100 89 130.638 130.638 0 292975876
100 82 143.904 143.904 0 292975876
100 83 179.566 179.566 0 292975876
100 45 146.344 146.344 0 292975876
100 13 155.782 155.782 0 292975876
100 109 127.226 127.226 0 292975876
100 24 124.5 124.5 0 292975876
100 5 168.178 168.178 0 292975876
100 16 125.718 125.718 0 292975876
100 81 121.76 121.76 0 292975876
100 0 129.632 129.632 0 292975876
100 44 145.27 145.27 0 292975876
100 17 209.984 209.984 0 292975876
100 35 149.044 149.044 0 292975876
100 18 305.412 305.412 0 292975876
100 28 273.48 273.48 0 292975876
100 88 144.094 144.094 0 292975876
100 25 152.934 152.934 0 292975876
100 67 121.068 121.068 0 292975876
100 37 108.848 108.848 0 292975876
100 99 166.83 166.83 0 292975876
100 11 166.402 166.402 0 292975876
100 75 167.312 167.312 0 292975876
100 34 146.688 146.688 0 292975876
100 98 131.334 131.334 0 292975876
100 73 134.398 134.398 0 292975876
100 108 106.57 106.57 0 292975876
100 12 124.996 124.996 0 292975876
100 32 117.438 117.438 0 292975876
100 96 200.328 200.328 0 292975876
100 2 132.116 132.116 0 292975876
100 10 133.674 133.674 0 292975876
100 84 150.794 150.794 0 292975876
100 72 142.728 142.728 0 292975876
100 101 140.638 140.638 0 292975876
100 20 173.376 173.376 0 292975876
100 97 144.508 144.508 0 292975876
100 69 156.502 156.502 0 292975876
100 64 254.97 254.97 0 292975876
100 9 139.298 139.298 0 292975876
100 4 158.934 158.934 0 292975876
100 26 205.626 205.626 0 292975876
44 21 159.442 159.442 0 292975876
44 92 144.574 144.574 0 292975876
44 27 255.948 255.948 0 292975876
44 29 150.172 150.172 0 292975876
44 68 156.578 156.578 0 292975876
44 76 464.754 464.754 0 292975876
44 33 109.764 109.764 0 292975876
44 66 122.69 122.69 0 292975876
44 90 182.008 182.008 0 292975876
44 65 192.344 192.344 0 292975876
44 93 144.75 144.75 0 292975876
44 85 146.352 146.352 0 292975876
44 77 140.44 140.44 0 292975876
44 8 111.23 111.23 0 292975876
44 80 142.096 142.096 0 292975876
44 1 120.332 120.332 0 292975876
44 91 146.834 146.834 0 292975876
44 36 148.886 148.886 0 292975876
44 74 193.15 193.15 0 292975876
44 19 155.074 155.074 0 292975876
44 3 224.732 224.732 0 292975876
44 89 125.282 125.282 0 292975876
44 82 368.754 368.754 0 292975876
44 83 236.216 236.216 0 292975876
44 45 107.128 107.128 0 292975876
44 13 133.022 133.022 0 292975876
44 109 96.692 96.692 0 292975876
44 24 110.018 110.018 0 292975876
44 5 110.252 110.252 0 292975876
44 16 104.578 104.578 0 292975876
44 81 109.004 109.004 0 292975876
44 0 111.558 111.558 0 292975876
44 100 141.854 141.854 0 292975876
44 17 212.164 212.164 0 292975876
44 35 131.25 131.25 0 292975876
44 18 172.786 172.786 0 292975876
44 28 208.832 208.832 0 292975876
44 88 134.436 134.436 0 292975876
44 25 153.114 153.114 0 292975876
44 67 118.07 118.07 0 292975876
44 37 104.714 104.714 0 292975876
44 99 185.91 185.91 0 292975876
44 11 313.024 313.024 0 292975876
44 75 167.17 167.17 0 292975876
44 34 151.63 151.63 0 292975876
44 98 118.478 118.478 0 292975876
44 73 123.492 123.492 0 292975876
44 108 203.022 203.022 0 292975876
44 12 237.474 237.474 0 292975876
44 32 111.486 111.486 0 292975876
44 96 89.068 89.068 0 292975876
44 2 138.834 138.834 0 292975876
44 10 147.724 147.724 0 292975876
44 84 193.838 193.838 0 292975876
44 72 160.956 160.956 0 292975876
44 101 138.764 138.764 0 292975876
44 20 189.438 189.438 0 292975876
44 97 125.44 125.44 0 292975876
44 69 144.432 144.432 0 292975876
44 64 197.504 197.504 0 292975876
44 9 150.89 150.89 0 292975876
44 4 141.62 141.62 0 292975876
44 26 154.996 154.996 0 292975876
17 21 227.4 227.4 0 292975876
17 92 234.04 234.04 0 292975876
17 27 274.122 274.122 0 292975876
17 29 242.59 242.59 0 292975876
17 68 240.414 240.414 0 292975876
17 76 509.248 509.248 0 292975876
17 33 186.312 186.312 0 292975876
17 66 206.002 206.002 0 292975876
17 90 286.066 286.066 0 292975876
17 65 252.33 252.33 0 292975876
17 93 228.854 228.854 0 292975876
17 85 246.924 246.924 0 292975876
17 77 311.322 311.322 0 292975876
17 8 310.442 310.442 0 292975876
17 80 347.42 347.42 0 292975876
17 1 324.69 324.69 0 292975876
17 91 640.888 640.888 0 292975876
17 36 258.148 258.148 0 292975876
17 74 285.298 285.298 0 292975876
17 19 258.884 258.884 0 292975876
17 3 271.792 271.792 0 292975876
17 89 296.424 296.424 0 292975876
17 82 304.366 304.366 0 292975876
17 83 314.44 314.44 0 292975876
17 45 222.62 222.62 0 292975876
17 13 257.702 257.702 0 292975876
17 109 210.326 210.326 0 292975876
17 24 263.356 263.356 0 292975876
17 5 233.558 233.558 0 292975876
17 16 224.986 224.986 0 292975876
17 81 409.502 409.502 0 292975876
17 0 231.41 231.41 0 292975876
17 100 239.284 239.284 0 292975876
17 44 259.26 259.26 0 292975876
17 35 263.592 263.592 0 292975876
17 18 297.464 297.464 0 292975876
17 28 309.976 309.976 0 292975876
17 88 251.792 251.792 0 292975876
17 25 274.844 274.844 0 292975876
17 67 228.956 228.956 0 292975876
17 37 224.116 224.116 0 292975876
17 99 317.114 317.114 0 292975876
17 11 308.164 308.164 0 292975876
17 75 278.874 278.874 0 292975876
17 34 279.228 279.228 0 292975876
17 98 250.868 250.868 0 292975876
17 73 243.45 243.45 0 292975876
17 108 223.988 223.988 0 292975876
17 12 245.778 245.778 0 292975876
17 32 233.98 233.98 0 292975876
17 96 208.32 208.32 0 292975876
17 2 258.986 258.986 0 292975876
17 10 267.958 267.958 0 292975876
17 84 308.368 308.368 0 292975876
17 72 284.23 284.23 0 292975876
17 101 248.664 248.664 0 292975876
17 20 297.134 297.134 0 292975876
17 97 256.848 256.848 0 292975876
17 69 249.984 249.984 0 292975876
17 64 231.66 231.66 0 292975876
17 9 227.584 227.584 0 292975876
17 4 231.37 231.37 0 292975876
17 26 230.96 230.96 0 292975876
35 21 150.226 150.226 0 292975876
35 92 283.174 283.174 0 292975876
35 27 256.004 256.004 0 292975876
35 29 174.554 174.554 0 292975876
35 68 155.12 155.12 0 292975876
35 76 165.056 165.056 0 292975876
35 33 111.612 111.612 0 292975876
35 66 125.85 125.85 0 292975876
35 90 281.648 281.648 0 292975876
35 65 148.368 148.368 0 292975876
35 93 132.048 132.048 0 292975876
35 85 146.972 146.972 0 292975876
35 77 207.874 207.874 0 292975876
35 8 114.496 114.496 0 292975876
35 80 165.208 165.208 0 292975876
35 1 124.072 124.072 0 292975876
35 91 197.828 197.828 0 292975876
35 36 156.668 156.668 0 292975876
35 74 190.076 190.076 0 292975876
35 19 188.18 188.18 0 292975876
35 3 166.516 166.516 0 292975876
35 89 214.38 214.38 0 292975876
35 82 225.51 225.51 0 292975876
35 83 643.048 643.048 0 292975876
35 45 117.982 117.982 0 292975876
35 13 136.394 136.394 0 292975876
35 109 100.638 100.638 0 292975876
35 24 109.666 109.666 0 292975876
35 5 116.256 116.256 0 292975876
35 16 112.25 112.25 0 292975876
35 81 111.944 111.944 0 292975876
35 0 116.788 116.788 0 292975876
35 100 144.526 144.526 0 292975876
35 44 131.812 131.812 0 292975876
35 17 217.404 217.404 0 292975876
35 18 176.002 176.002 0 292975876
35 28 173.58 173.58 0 292975876
35 88 133.588 133.588 0 292975876
35 25 156.206 156.206 0 292975876
35 67 112.448 112.448 0 292975876
35 37 104.07 104.07 0 292975876
35 99 372.196 372.196 0 292975876
35 11 183.14 183.14 0 292975876
35 75 164.264 164.264 0 292975876
35 34 160.246 160.246 0 292975876
35 98 295.048 295.048 0 292975876
35 73 131.384 131.384 0 292975876
35 108 140.186 140.186 0 292975876
35 12 173.71 173.71 0 292975876
35 32 135.202 135.202 0 292975876
35 96 92.25 92.25 0 292975876
35 2 138.028 138.028 0 292975876
35 10 147.574 147.574 0 292975876
35 84 170.718 170.718 0 292975876
35 72 193.762 193.762 0 292975876
35 101 139.644 139.644 0 292975876
35 20 208.004 208.004 0 292975876
35 97 191.366 191.366 0 292975876
35 69 146.488 146.488 0 292975876
35 64 132.978 132.978 0 292975876
35 9 135.012 135.012 0 292975876
35 4 146.02 146.02 0 292975876
35 26 157.234 157.234 0 292975876
18 21 206.878 206.878 0 292975876
18 92 202.374 202.374 0 292975876
18 27 302.498 302.498 0 292975876
18 29 225.386 225.386 0 292975876
18 68 195.476 195.476 0 292975876
18 76 202.518 202.518 0 292975876
18 33 169.456 169.456 0 292975876
18 66 170.646 170.646 0 292975876
18 90 221.164 221.164 0 292975876
18 65 190.454 190.454 0 292975876
18 93 167.852 167.852 0 292975876
18 85 184.984 184.984 0 292975876
18 77 188.794 188.794 0 292975876
18 8 172.168 172.168 0 292975876
18 80 184.834 184.834 0 292975876
18 1 165.746 165.746 0 292975876
18 91 214.492 214.492 0 292975876
18 36 188.978 188.978 0 292975876
18 74 231.658 231.658 0 292975876
18 19 223.236 223.236 0 292975876
18 3 203.724 203.724 0 292975876
18 89 174.354 174.354 0 292975876
18 82 418.438 418.438 0 292975876
18 83 268.274 268.274 0 292975876
18 45 146.446 146.446 0 292975876
18 13 334.182 334.182 0 292975876
18 109 138.914 138.914 0 292975876
18 24 252.958 252.958 0 292975876
18 5 166.742 166.742 0 292975876
18 16 145.808 145.808 0 292975876
18 81 157.972 157.972 0 292975876
18 0 154.696 154.696 0 292975876
18 100 244.442 244.442 0 292975876
18 44 172.79 172.79 0 292975876
18 17 251.862 251.862 0 292975876
18 35 175.878 175.878 0 292975876
18 28 213.86 213.86 0 292975876
18 88 183.004 183.004 0 292975876
18 25 194.878 194.878 0 292975876
18 67 619.538 619.538 0 292975876
18 37 157.498 157.498 0 292975876
18 99 228.592 228.592 0 292975876
18 11 224.506 224.506 0 292975876
18 75 212.02 212.02 0 292975876
18 34 189.634 189.634 0 292975876
18 98 169.914 169.914 0 292975876
18 73 174.966 174.966 0 292975876
18 108 299.074 299.074 0 292975876
18 12 216.188 216.188 0 292975876
18 32 154.66 154.66 0 292975876
18 96 141.956 141.956 0 292975876
18 2 187.382 187.382 0 292975876
18 10 183.884 183.884 0 292975876
18 84 208.466 208.466 0 292975876
18 72 221.94 221.94 0 292975876
18 101 184.474 184.474 0 292975876
18 20 229.436 229.436 0 292975876
18 97 162.102 162.102 0 292975876
18 69 295.734 295.734 0 292975876
18 64 187.786 187.786 0 292975876
18 9 172.736 172.736 0 292975876
18 4 180.722 180.722 0 292975876
18 26 191.384 191.384 0 292975876
28 21 188.878 188.878 0 292975876
28 92 317.326 317.326 0 292975876
28 27 297.85 297.85 0 292975876
28 29 189.098 189.098 0 292975876
28 68 199.77 199.77 0 292975876
28 76 198.256 198.256 0 292975876
28 33 160.766 160.766 0 292975876
28 66 177.278 177.278 0 292975876
28 90 228.87 228.87 0 292975876
28 65 183.684 183.684 0 292975876
28 93 173.522 173.522 0 292975876
28 85 213.062 213.062 0 292975876
28 77 239.52 239.52 0 292975876
28 8 206.594 206.594 0 292975876
28 80 178.104 178.104 0 292975876
28 1 243.958 243.958 0 292975876
28 91 198.468 198.468 0 292975876
28 36 186.512 186.512 0 292975876
28 74 223.368 223.368 0 292975876
28 19 193.124 193.124 0 292975876
28 3 199.564 199.564 0 292975876
28 89 165.214 165.214 0 292975876
28 82 211.622 211.622 0 292975876
28 83 248.592 248.592 0 292975876
28 45 144.32 144.32 0 292975876
28 13 200.332 200.332 0 292975876
28 109 316.292 316.292 0 292975876
28 24 241.1 241.1 0 292975876
28 5 154.946 154.946 0 292975876
28 16 150.552 150.552 0 292975876
28 81 148.752 148.752 0 292975876
28 0 153.362 153.362 0 292975876
28 100 225.296 225.296 0 292975876
28 44 218.414 218.414 0 292975876
28 17 267.22 267.22 0 292975876
28 35 173.81 173.81 0 292975876
28 18 214.128 214.128 0 292975876
28 88 173.658 173.658 0 292975876
28 25 190.534 190.534 0 292975876
28 67 151.026 151.026 0 292975876
28 37 142.38 142.38 0 292975876
28 99 220.446 220.446 0 292975876
28 11 215.268 215.268 0 292975876
28 75 204.192 204.192 0 292975876
28 34 188.496 188.496 0 292975876
28 98 157.722 157.722 0 292975876
28 73 385.234 385.234 0 292975876
28 108 137.908 137.908 0 292975876
28 12 158.102 158.102 0 292975876
28 32 149.692 149.692 0 292975876
28 96 128.562 128.562 0 292975876
28 2 175.946 175.946 0 292975876
28 10 182.29 182.29 0 292975876
28 84 225.294 225.294 0 292975876
28 72 199.196 199.196 0 292975876
28 101 176.636 176.636 0 292975876
28 20 224.132 224.132 0 292975876
28 97 161.484 161.484 0 292975876
28 69 226.334 226.334 0 292975876
28 64 173.132 173.132 0 292975876
28 9 174.398 174.398 0 292975876
28 4 184.826 184.826 0 292975876
28 26 195.354 195.354 0 292975876
88 21 149.586 149.586 0 292975876
88 92 153.652 153.652 0 292975876
88 27 283.992 283.992 0 292975876
88 29 150.206 150.206 0 292975876
88 68 158.644 158.644 0 292975876
88 76 160.102 160.102 0 292975876
88 33 125.706 125.706 0 292975876
88 66 160.444 160.444 0 292975876
88 90 272.586 272.586 0 292975876
88 65 149.724 149.724 0 292975876
88 93 223.91 223.91 0 292975876
88 85 149.53 149.53 0 292975876
88 77 307.848 307.848 0 292975876
88 8 213.788 213.788 0 292975876
88 80 141.152 141.152 0 292975876
88 1 118.768 118.768 0 292975876
88 91 148.256 148.256 0 292975876
88 36 147.51 147.51 0 292975876
88 74 182.818 182.818 0 292975876
88 19 156.636 156.636 0 292975876
88 3 216.66 216.66 0 292975876
88 89 127.486 127.486 0 292975876
88 82 182.716 182.716 0 292975876
88 83 218.828 218.828 0 292975876
88 45 106.008 106.008 0 292975876
88 13 133.846 133.846 0 292975876
88 109 99.886 99.886 0 292975876
88 24 213.718 213.718 0 292975876
88 5 114.772 114.772 0 292975876
88 16 109.13 109.13 0 292975876
88 81 113.438 113.438 0 292975876
88 0 115.312 115.312 0 292975876
88 100 140.824 140.824 0 292975876
88 44 130.458 130.458 0 292975876
88 17 210.014 210.014 0 292975876
88 35 133.596 133.596 0 292975876
88 18 185.644 185.644 0 292975876
88 28 174.36 174.36 0 292975876
88 25 201.32 201.32 0 292975876
88 67 121.438 121.438 0 292975876
88 37 109.82 109.82 0 292975876
88 99 181.514 181.514 0 292975876
88 11 175.138 175.138 0 292975876
88 75 160.454 160.454 0 292975876
88 34 149.26 149.26 0 292975876
88 98 122.99 122.99 0 292975876
88 73 125.06 125.06 0 292975876
88 108 99.264 99.264 0 292975876
88 12 121.496 121.496 0 292975876
88 32 107.2 107.2 0 292975876
88 96 91.248 91.248 0 292975876
88 2 142.598 142.598 0 292975876
88 10 270.426 270.426 0 292975876
88 84 197.904 197.904 0 292975876
88 72 159.182 159.182 0 292975876
88 101 139.396 139.396 0 292975876
88 20 186.29 186.29 0 292975876
88 97 450.652 450.652 0 292975876
88 69 159.112 159.112 0 292975876
88 64 155.784 155.784 0 292975876
88 9 134.528 134.528 0 292975876
88 4 144.632 144.632 0 292975876
88 26 155.52 155.52 0 292975876
25 21 170.344 170.344 0 292975876
25 92 183.974 183.974 0 292975876
25 27 332.508 332.508 0 292975876
25 29 173.5 173.5 0 292975876
25 68 166.286 166.286 0 292975876
25 76 178.984 178.984 0 292975876
25 33 287.096 287.096 0 292975876
25 66 163.62 163.62 0 292975876
25 90 299.556 299.556 0 292975876
25 65 169.198 169.198 0 292975876
25 93 146.582 146.582 0 292975876
25 85 165.754 165.754 0 292975876
25 77 170.744 170.744 0 292975876
25 8 136.674 136.674 0 292975876
25 80 161.808 161.808 0 292975876
25 1 184.524 184.524 0 292975876
25 91 161.348 161.348 0 292975876
25 36 164.692 164.692 0 292975876
25 74 206.85 206.85 0 292975876
25 19 182.266 182.266 0 292975876
25 3 182.476 182.476 0 292975876
25 89 326.418 326.418 0 292975876
25 82 214.058 214.058 0 292975876
25 83 220.92 220.92 0 292975876
25 45 126.682 126.682 0 292975876
25 13 150.718 150.718 0 292975876
25 109 119.166 119.166 0 292975876
25 24 203.796 203.796 0 292975876
25 5 134.71 134.71 0 292975876
25 16 125.528 125.528 0 292975876
25 81 126.13 126.13 0 292975876
25 0 136.11 136.11 0 292975876
25 100 147.768 147.768 0 292975876
25 44 150.61 150.61 0 292975876
25 17 228.244 228.244 0 292975876
25 35 157.76 157.76 0 292975876
25 18 195.398 195.398 0 292975876
25 28 189.434 189.434 0 292975876
25 88 192.228 192.228 0 292975876
25 67 303.514 303.514 0 292975876
25 37 128.246 128.246 0 292975876
25 99 200.124 200.124 0 292975876
25 11 193.976 193.976 0 292975876
25 75 185.638 185.638 0 292975876
25 34 214.31 214.31 0 292975876
25 98 151.246 151.246 0 292975876
25 73 138.784 138.784 0 292975876
25 108 112.68 112.68 0 292975876
25 12 141.666 141.666 0 292975876
25 32 135.406 135.406 0 292975876
25 96 118.692 118.692 0 292975876
25 2 149.764 149.764 0 292975876
25 10 159.27 159.27 0 292975876
25 84 180.898 180.898 0 292975876
25 72 200.988 200.988 0 292975876
25 101 158.836 158.836 0 292975876
25 20 224.05 224.05 0 292975876
25 97 142.736 142.736 0 292975876
25 69 184.138 184.138 0 292975876
25 64 192.782 192.782 0 292975876
25 9 579.198 579.198 0 292975876
25 4 162.612 162.612 0 292975876
25 26 172.67 172.67 0 292975876
67 21 132.574 132.574 0 292975876
67 92 124.652 124.652 0 292975876
67 27 605.376 605.376 0 292975876
67 29 142.556 142.556 0 292975876
67 68 652.728 652.728 0 292975876
67 76 137.078 137.078 0 292975876
67 33 114.35 114.35 0 292975876
67 66 123.242 123.242 0 292975876
67 90 183.358 183.358 0 292975876
67 65 128.214 128.214 0 292975876
67 93 107.87 107.87 0 292975876
67 85 121.754 121.754 0 292975876
67 77 662.12 662.12 0 292975876
67 8 143.946 143.946 0 292975876
67 80 118.596 118.596 0 292975876
67 1 98.75 98.75 0 292975876
67 91 134.548 134.548 0 292975876
67 36 123.836 123.836 0 292975876
67 74 168.084 168.084 0 292975876
67 19 161.826 161.826 0 292975876
67 3 702.02 702.02 0 292975876
67 89 104.438 104.438 0 292975876
67 82 148.894 148.894 0 292975876
67 83 216.27 216.27 0 292975876
67 45 88.45 88.45 0 292975876
67 13 114.994 114.994 0 292975876
67 109 78.532 78.532 0 292975876
67 24 92.982 92.982 0 292975876
67 5 572.812 572.812 0 292975876
67 16 90.528 90.528 0 292975876
67 81 133.442 133.442 0 292975876
67 0 98.27 98.27 0 292975876
67 100 122.576 122.576 0 292975876
67 44 119.516 119.516 0 292975876
67 17 190.05 190.05 0 292975876
67 35 113.374 113.374 0 292975876
67 18 576.028 576.028 0 292975876
67 28 152.34 152.34 0 292975876
67 88 121.022 121.022 0 292975876
67 25 224.624 224.624 0 292975876
67 37 83.75 83.75 0 292975876
67 99 161.254 161.254 0 292975876
67 11 157.056 157.056 0 292975876
67 75 676.69 676.69 0 292975876
67 34 130.382 130.382 0 292975876
67 98 97.68 97.68 0 292975876
67 73 108.246 108.246 0 292975876
67 108 78.708 78.708 0 292975876
67 12 99.418 99.418 0 292975876
67 32 89.54 89.54 0 292975876
67 96 119.726 119.726 0 292975876
67 2 454.91 454.91 0 292975876
67 10 123.138 123.138 0 292975876
67 84 142.458 142.458 0 292975876
67 72 138.264 138.264 0 292975876
67 101 120.838 120.838 0 292975876
67 20 165.494 165.494 0 292975876
67 97 107.988 107.988 0 292975876
67 69 128.38 128.38 0 292975876
67 64 712.396 712.396 0 292975876
67 9 115.056 115.056 0 292975876
67 4 121.22 121.22 0 292975876
67 26 246.742 246.742 0 292975876
37 21 121.92 121.92 0 292975876
37 92 115.276 115.276 0 292975876
37 27 225.612 225.612 0 292975876
37 29 128.812 128.812 0 292975876
37 68 130.982 130.982 0 292975876
37 76 562.984 562.984 0 292975876
37 33 85.696 85.696 0 292975876
37 66 105.784 105.784 0 292975876
37 90 146.23 146.23 0 292975876
37 65 120.314 120.314 0 292975876
37 93 248.306 248.306 0 292975876
37 85 172.628 172.628 0 292975876
37 77 113.79 113.79 0 292975876
37 8 85.71 85.71 0 292975876
37 80 121.35 121.35 0 292975876
37 1 95.698 95.698 0 292975876
37 91 123.712 123.712 0 292975876
37 36 161.13 161.13 0 292975876
37 74 160.48 160.48 0 292975876
37 19 268.654 268.654 0 292975876
37 3 135.736 135.736 0 292975876
37 89 98.22 98.22 0 292975876
37 82 183.65 183.65 0 292975876
37 83 213.306 213.306 0 292975876
37 45 104.816 104.816 0 292975876
37 13 105.994 105.994 0 292975876
37 109 69.046 69.046 0 292975876
37 24 85.616 85.616 0 292975876
37 5 85.682 85.682 0 292975876
37 16 80.936 80.936 0 292975876
37 81 77.81 77.81 0 292975876
37 0 85.176 85.176 0 292975876
37 100 106.398 106.398 0 292975876
37 44 106.196 106.196 0 292975876
37 17 182.906 182.906 0 292975876
37 35 106.314 106.314 0 292975876
37 18 168.628 168.628 0 292975876
37 28 144.638 144.638 0 292975876
37 88 110.824 110.824 0 292975876
37 25 130.76 130.76 0 292975876
37 67 85.212 85.212 0 292975876
37 99 160.192 160.192 0 292975876
37 11 218.984 218.984 0 292975876
37 75 155.99 155.99 0 292975876
37 34 123.288 123.288 0 292975876
37 98 90.006 90.006 0 292975876
37 73 128.832 128.832 0 292975876
37 108 69.362 69.362 0 292975876
37 12 133.396 133.396 0 292975876
37 32 151.482 151.482 0 292975876
37 96 60.7 60.7 0 292975876
37 2 126.85 126.85 0 292975876
37 10 121.544 121.544 0 292975876
37 84 141.982 141.982 0 292975876
37 72 144.268 144.268 0 292975876
37 101 296.422 296.422 0 292975876
37 20 227.05 227.05 0 292975876
37 97 108.87 108.87 0 292975876
37 69 123.084 123.084 0 292975876
37 64 108.422 108.422 0 292975876
37 9 102.35 102.35 0 292975876
37 4 113.088 113.088 0 292975876
37 26 191.72 191.72 0 292975876
99 21 221.092 221.092 0 292975876
99 92 193.632 193.632 0 292975876
99 27 321.094 321.094 0 292975876
99 29 212.718 212.718 0 292975876
99 68 205.124 205.124 0 292975876
99 76 216.69 216.69 0 292975876
99 33 174.758 174.758 0 292975876
99 66 175.688 175.688 0 292975876
99 90 419.008 419.008 0 292975876
99 65 222.15 222.15 0 292975876
99 93 190.94 190.94 0 292975876
99 85 199.688 199.688 0 292975876
99 77 191.722 191.722 0 292975876
99 8 166.482 166.482 0 292975876
99 80 197.08 197.08 0 292975876
99 1 170.04 170.04 0 292975876
99 91 538.87 538.87 0 292975876
99 36 206.008 206.008 0 292975876
99 74 235.088 235.088 0 292975876
99 19 237.204 237.204 0 292975876
99 3 219.854 219.854 0 292975876
99 89 180.674 180.674 0 292975876
99 82 229.912 229.912 0 292975876
99 83 268.928 268.928 0 292975876
99 45 157.386 157.386 0 292975876
99 13 186.5 186.5 0 292975876
99 109 152.238 152.238 0 292975876
99 24 163.54 163.54 0 292975876
99 5 171.728 171.728 0 292975876
99 16 159.786 159.786 0 292975876
99 81 206.622 206.622 0 292975876
99 0 332.456 332.456 0 292975876
99 100 162.266 162.266 0 292975876
99 44 185.984 185.984 0 292975876
99 17 270.17 270.17 0 292975876
99 35 285.436 285.436 0 292975876
99 18 227.908 227.908 0 292975876
99 28 220.438 220.438 0 292975876
99 88 181.636 181.636 0 292975876
99 25 200.12 200.12 0 292975876
99 67 160.188 160.188 0 292975876
99 37 159.34 159.34 0 292975876
99 11 231.282 231.282 0 292975876
99 75 271.93 271.93 0 292975876
99 34 201.822 201.822 0 292975876
99 98 220.234 220.234 0 292975876
99 73 278.442 278.442 0 292975876
99 108 158.34 158.34 0 292975876
99 12 184.16 184.16 0 292975876
99 32 163.48 163.48 0 292975876
99 96 136.032 136.032 0 292975876
99 2 185.794 185.794 0 292975876
99 10 202.48 202.48 0 292975876
99 84 225.462 225.462 0 292975876
99 72 217.294 217.294 0 292975876
99 101 198.402 198.402 0 292975876
99 20 243.338 243.338 0 292975876
99 97 276.582 276.582 0 292975876
99 69 200.164 200.164 0 292975876
99 64 186.698 186.698 0 292975876
99 9 179.562 179.562 0 292975876
99 4 195.618 195.618 0 292975876
99 26 260.146 260.146 0 292975876
11 21 222.168 222.168 0 292975876
11 92 208.38 208.38 0 292975876
11 27 331.68 331.68 0 292975876
11 29 200.138 200.138 0 292975876
11 68 211.872 211.872 0 292975876
11 76 259.718 259.718 0 292975876
11 33 176.562 176.562 0 292975876
11 66 169.608 169.608 0 292975876
11 90 216.268 216.268 0 292975876
11 65 191.91 191.91 0 292975876
11 93 176.842 176.842 0 292975876
11 85 191.566 191.566 0 292975876
11 77 189.182 189.182 0 292975876
11 8 159.516 159.516 0 292975876
11 80 193.3 193.3 0 292975876
11 1 194.202 194.202 0 292975876
11 91 215.246 215.246 0 292975876
11 36 189.482 189.482 0 292975876
11 74 256.412 256.412 0 292975876
11 19 205.1 205.1 0 292975876
11 3 212.144 212.144 0 292975876
11 89 172.124 172.124 0 292975876
11 82 220.264 220.264 0 292975876
11 83 658.098 658.098 0 292975876
11 45 154.268 154.268 0 292975876
11 13 183.828 183.828 0 292975876
11 109 144.248 144.248 0 292975876
11 24 171.752 171.752 0 292975876
11 5 255.446 255.446 0 292975876
11 16 156.834 156.834 0 292975876
11 81 154.492 154.492 0 292975876
11 0 165.652 165.652 0 292975876
11 100 162.01 162.01 0 292975876
11 44 246.548 246.548 0 292975876
11 17 263.006 263.006 0 292975876
11 35 183.642 183.642 0 292975876
11 18 224.92 224.92 0 292975876
11 28 215.764 215.764 0 292975876
11 88 175.872 175.872 0 292975876
11 25 194.64 194.64 0 292975876
11 67 155.802 155.802 0 292975876
11 37 284.988 284.988 0 292975876
11 99 231.464 231.464 0 292975876
11 75 553.358 553.358 0 292975876
11 34 299.528 299.528 0 292975876
11 98 164.416 164.416 0 292975876
11 73 174.456 174.456 0 292975876
11 108 142.902 142.902 0 292975876
11 12 169.79 169.79 0 292975876
11 32 154.262 154.262 0 292975876
11 96 130.59 130.59 0 292975876
11 2 179.126 179.126 0 292975876
11 10 195.182 195.182 0 292975876
11 84 214.042 214.042 0 292975876
11 72 208.514 208.514 0 292975876
11 101 185.952 185.952 0 292975876
11 20 235.904 235.904 0 292975876
11 97 169.848 169.848 0 292975876
11 69 192.084 192.084 0 292975876
11 64 218.71 218.71 0 292975876
11 9 192.808 192.808 0 292975876
11 4 192.054 192.054 0 292975876
11 26 201.554 201.554 0 292975876
75 21 176.822 176.822 0 292975876
75 92 175.534 175.534 0 292975876
75 27 330.922 330.922 0 292975876
75 29 177.55 177.55 0 292975876
75 68 186.432 186.432 0 292975876
75 76 212.65 212.65 0 292975876
75 33 140.244 140.244 0 292975876
75 66 177.148 177.148 0 292975876
75 90 209.278 209.278 0 292975876
75 65 175.674 175.674 0 292975876
75 93 162.5 162.5 0 292975876
75 85 302.342 302.342 0 292975876
75 77 175.866 175.866 0 292975876
75 8 139.006 139.006 0 292975876
75 80 167.122 167.122 0 292975876
75 1 149.114 149.114 0 292975876
75 91 199.144 199.144 0 292975876
75 36 224.792 224.792 0 292975876
75 74 213.628 213.628 0 292975876
75 19 192.6 192.6 0 292975876
75 3 194.122 194.122 0 292975876
75 89 152.782 152.782 0 292975876
75 82 262.616 262.616 0 292975876
75 83 229.8 229.8 0 292975876
75 45 137.822 137.822 0 292975876
75 13 169.132 169.132 0 292975876
75 109 127.486 127.486 0 292975876
75 24 324.962 324.962 0 292975876
75 5 156.094 156.094 0 292975876
75 16 132.954 132.954 0 292975876
75 81 136.058 136.058 0 292975876
75 0 142.308 142.308 0 292975876
75 100 164.296 164.296 0 292975876
75 44 166.666 166.666 0 292975876
75 17 237.466 237.466 0 292975876
75 35 164.846 164.846 0 292975876
75 18 209.506 209.506 0 292975876
75 28 204.212 204.212 0 292975876
75 88 160.644 160.644 0 292975876
75 25 186.152 186.152 0 292975876
75 67 740.644 740.644 0 292975876
75 37 150.178 150.178 0 292975876
75 99 258.054 258.054 0 292975876
75 11 414.626 414.626 0 292975876
75 34 181.374 181.374 0 292975876
75 98 331.548 331.548 0 292975876
75 73 267.19 267.19 0 292975876
75 108 124.108 124.108 0 292975876
75 12 150.304 150.304 0 292975876
75 32 161.38 161.38 0 292975876
75 96 119.066 119.066 0 292975876
75 2 163.364 163.364 0 292975876
75 10 172.924 172.924 0 292975876
75 84 191.906 191.906 0 292975876
75 72 215.166 215.166 0 292975876
75 101 178.302 178.302 0 292975876
75 20 211.708 211.708 0 292975876
75 97 231.382 231.382 0 292975876
75 69 194.428 194.428 0 292975876
75 64 217.192 217.192 0 292975876
75 9 258.702 258.702 0 292975876
75 4 171.102 171.102 0 292975876
75 26 186.988 186.988 0 292975876
34 21 176.206 176.206 0 292975876
34 92 159.564 159.564 0 292975876
34 27 441.2 441.2 0 292975876
34 29 197.99 197.99 0 292975876
34 68 168.91 168.91 0 292975876
34 76 181.24 181.24 0 292975876
34 33 125.986 125.986 0 292975876
34 66 178.574 178.574 0 292975876
34 90 228.098 228.098 0 292975876
34 65 168.738 168.738 0 292975876
34 93 145.732 145.732 0 292975876
34 85 159.69 159.69 0 292975876
34 77 163.722 163.722 0 292975876
34 8 128.86 128.86 0 292975876
34 80 160.12 160.12 0 292975876
34 1 134.686 134.686 0 292975876
34 91 163.404 163.404 0 292975876
34 36 213.942 213.942 0 292975876
34 74 270.006 270.006 0 292975876
34 19 171.438 171.438 0 292975876
34 3 179.596 179.596 0 292975876
34 89 141.204 141.204 0 292975876
34 82 270.186 270.186 0 292975876
34 83 345.204 345.204 0 292975876
34 45 254.956 254.956 0 292975876
34 13 149.528 149.528 0 292975876
34 109 114.416 114.416 0 292975876
34 24 123.034 123.034 0 292975876
34 5 133.842 133.842 0 292975876
34 16 123.652 123.652 0 292975876
34 81 123.248 123.248 0 292975876
34 0 133.262 133.262 0 292975876
34 100 143.436 143.436 0 292975876
34 44 151.986 151.986 0 292975876
34 17 232.638 232.638 0 292975876
34 35 160.992 160.992 0 292975876
34 18 189.298 189.298 0 292975876
34 28 187.764 187.764 0 292975876
34 88 147.454 147.454 0 292975876
34 25 203.894 203.894 0 292975876
34 67 132.336 132.336 0 292975876
34 37 123.974 123.974 0 292975876
34 99 202.66 202.66 0 292975876
34 11 355.732 355.732 0 292975876
34 75 180.652 180.652 0 292975876
34 98 290.452 290.452 0 292975876
34 73 562.506 562.506 0 292975876
34 108 116.41 116.41 0 292975876
34 12 195.934 195.934 0 292975876
34 32 129.99 129.99 0 292975876
34 96 103.72 103.72 0 292975876
34 2 154.638 154.638 0 292975876
34 10 166.53 166.53 0 292975876
34 84 191.282 191.282 0 292975876
34 72 180.77 180.77 0 292975876
34 101 156.38 156.38 0 292975876
34 20 208.296 208.296 0 292975876
34 97 141.578 141.578 0 292975876
34 69 161.876 161.876 0 292975876
34 64 146.054 146.054 0 292975876
34 9 146.292 146.292 0 292975876
34 4 166.938 166.938 0 292975876
34 26 172.224 172.224 0 292975876
98 21 149.512 149.512 0 292975876
98 92 132.294 132.294 0 292975876
98 27 251.88 251.88 0 292975876
98 29 139.108 139.108 0 292975876
98 68 232.648 232.648 0 292975876
98 76 174.64 174.64 0 292975876
98 33 156.144 156.144 0 292975876
98 66 270.166 270.166 0 292975876
98 90 201.082 201.082 0 292975876
98 65 223.224 223.224 0 292975876
98 93 115.096 115.096 0 292975876
98 85 131.684 131.684 0 292975876
98 77 128.126 128.126 0 292975876
98 8 99.02 99.02 0 292975876
98 80 129.88 129.88 0 292975876
98 1 108.566 108.566 0 292975876
98 91 139.87 139.87 0 292975876
98 36 135.012 135.012 0 292975876
98 74 171.54 171.54 0 292975876
98 19 151.174 151.174 0 292975876
98 3 148.496 148.496 0 292975876
98 89 113.41 113.41 0 292975876
98 82 235.002 235.002 0 292975876
98 83 247.7 247.7 0 292975876
98 45 102.594 102.594 0 292975876
98 13 120.792 120.792 0 292975876
98 109 84.698 84.698 0 292975876
98 24 124.646 124.646 0 292975876
98 5 101.438 101.438 0 292975876
98 16 93.008 93.008 0 292975876
98 81 93.586 93.586 0 292975876
98 0 99.636 99.636 0 292975876
98 100 129.792 129.792 0 292975876
98 44 118.924 118.924 0 292975876
98 17 204.016 204.016 0 292975876
98 35 263.612 263.612 0 292975876
98 18 181.338 181.338 0 292975876
98 28 157.598 157.598 0 292975876
98 88 122.28 122.28 0 292975876
98 25 149.626 149.626 0 292975876
98 67 98.752 98.752 0 292975876
98 37 91.096 91.096 0 292975876
98 99 205.378 205.378 0 292975876
98 11 164.728 164.728 0 292975876
98 75 245.28 245.28 0 292975876
98 34 252.472 252.472 0 292975876
98 73 110.682 110.682 0 292975876
98 108 84.424 84.424 0 292975876
98 12 106.564 106.564 0 292975876
98 32 280.06 280.06 0 292975876
98 96 75.166 75.166 0 292975876
98 2 123.536 123.536 0 292975876
98 10 136.914 136.914 0 292975876
98 84 273.488 273.488 0 292975876
98 72 177.794 177.794 0 292975876
98 101 125.344 125.344 0 292975876
98 20 181.104 181.104 0 292975876
98 97 620.458 620.458 0 292975876
98 69 152.304 152.304 0 292975876
98 64 116.678 116.678 0 292975876
98 9 116.69 116.69 0 292975876
98 4 128.27 128.27 0 292975876
98 26 139.182 139.182 0 292975876
73 21 142.894 142.894 0 292975876
73 92 139.622 139.622 0 292975876
73 27 240.898 240.898 0 292975876
73 29 144.76 144.76 0 292975876
73 68 141.9 141.9 0 292975876
73 76 521.862 521.862 0 292975876
73 33 109.768 109.768 0 292975876
73 66 120.25 120.25 0 292975876
73 90 192.288 192.288 0 292975876
73 65 134.888 134.888 0 292975876
73 93 120.506 120.506 0 292975876
73 85 313.328 313.328 0 292975876
73 77 130.928 130.928 0 292975876
73 8 640.148 640.148 0 292975876
73 80 132.866 132.866 0 292975876
73 1 117.684 117.684 0 292975876
73 91 139.314 139.314 0 292975876
73 36 172.894 172.894 0 292975876
73 74 280.31 280.31 0 292975876
73 19 150.772 150.772 0 292975876
73 3 162.11 162.11 0 292975876
73 89 535.216 535.216 0 292975876
73 82 219.292 219.292 0 292975876
73 83 225.056 225.056 0 292975876
73 45 108.766 108.766 0 292975876
73 13 146.988 146.988 0 292975876
73 109 89.678 89.678 0 292975876
73 24 175.382 175.382 0 292975876
73 5 111.848 111.848 0 292975876
73 16 593.254 593.254 0 292975876
73 81 111.91 111.91 0 292975876
73 0 109.66 109.66 0 292975876
73 100 129.916 129.916 0 292975876
73 44 123.182 123.182 0 292975876
73 17 199.584 199.584 0 292975876
73 35 130.14 130.14 0 292975876
73 18 185.324 185.324 0 292975876
73 28 362.262 362.262 0 292975876
73 88 124.936 124.936 0 292975876
73 25 139.358 139.358 0 292975876
73 67 107.486 107.486 0 292975876
73 37 114.804 114.804 0 292975876
73 99 246.702 246.702 0 292975876
73 11 175.246 175.246 0 292975876
73 75 335.59 335.59 0 292975876
73 34 520.144 520.144 0 292975876
73 98 111.382 111.382 0 292975876
73 108 94.52 94.52 0 292975876
73 12 178.228 178.228 0 292975876
73 32 319.368 319.368 0 292975876
73 96 83.746 83.746 0 292975876
73 2 127.942 127.942 0 292975876
73 10 499.762 499.762 0 292975876
73 84 157.288 157.288 0 292975876
73 72 176.404 176.404 0 292975876
73 101 132.594 132.594 0 292975876
73 20 179.962 179.962 0 292975876
73 97 172.368 172.368 0 292975876
73 69 140.412 140.412 0 292975876
73 64 158.964 158.964 0 292975876
73 9 1152.56 1152.56 0 292975876
73 4 134.278 134.278 0 292975876
73 26 156.106 156.106 0 292975876
108 21 122.814 122.814 0 292975876
108 92 112.146 112.146 0 292975876
108 27 1081.5 1081.5 0 292975876
108 29 123.886 123.886 0 292975876
108 68 152.26 152.26 0 292975876
108 76 127.492 127.492 0 292975876
108 33 84.45 84.45 0 292975876
108 66 88.322 88.322 0 292975876
108 90 210.466 210.466 0 292975876
108 65 108.698 108.698 0 292975876
108 93 94.116 94.116 0 292975876
108 85 114.658 114.658 0 292975876
108 77 106.756 106.756 0 292975876
108 8 81.436 81.436 0 292975876
108 80 230.38 230.38 0 292975876
108 1 93.938 93.938 0 292975876
108 91 145.69 145.69 0 292975876
108 36 212.538 212.538 0 292975876
108 74 165.736 165.736 0 292975876
108 19 174.056 174.056 0 292975876
108 3 138.946 138.946 0 292975876
108 89 92.088 92.088 0 292975876
108 82 161.858 161.858 0 292975876
108 83 414.056 414.056 0 292975876
108 45 69.848 69.848 0 292975876
108 13 104.386 104.386 0 292975876
108 109 71.338 71.338 0 292975876
108 24 73.972 73.972 0 292975876
108 5 175.634 175.634 0 292975876
108 16 76.41 76.41 0 292975876
108 81 124.824 124.824 0 292975876
108 0 79.1 79.1 0 292975876
108 100 103.692 103.692 0 292975876
108 44 168.15 168.15 0 292975876
108 17 179.5 179.5 0 292975876
108 35 150.63 150.63 0 292975876
108 18 254.158 254.158 0 292975876
108 28 138.08 138.08 0 292975876
108 88 99.316 99.316 0 292975876
108 25 112.642 112.642 0 292975876
108 67 80.392 80.392 0 292975876
108 37 69.062 69.062 0 292975876
108 99 155.496 155.496 0 292975876
108 11 143.064 143.064 0 292975876
108 75 123.042 123.042 0 292975876
108 34 116.146 116.146 0 292975876
108 98 83.948 83.948 0 292975876
108 73 95.756 95.756 0 292975876
108 12 142.744 142.744 0 292975876
108 32 90.046 90.046 0 292975876
108 96 52.884 52.884 0 292975876
108 2 101.796 101.796 0 292975876
108 10 111.72 111.72 0 292975876
108 84 141.018 141.018 0 292975876
108 72 131.126 131.126 0 292975876
108 101 204.682 204.682 0 292975876
108 20 253.02 253.02 0 292975876
108 97 91.27 91.27 0 292975876
108 69 108.646 108.646 0 292975876
108 64 96.83 96.83 0 292975876
108 9 95.994 95.994 0 292975876
108 4 106.34 106.34 0 292975876
108 26 126.588 126.588 0 292975876
12 21 139.288 139.288 0 292975876
12 92 135.154 135.154 0 292975876
12 27 266.002 266.002 0 292975876
12 29 144.052 144.052 0 292975876
12 68 251.22 251.22 0 292975876
12 76 829.556 829.556 0 292975876
12 33 94.75 94.75 0 292975876
12 66 126.488 126.488 0 292975876
12 90 170.542 170.542 0 292975876
12 65 130.41 130.41 0 292975876
12 93 118.256 118.256 0 292975876
12 85 132.678 132.678 0 292975876
12 77 131.888 131.888 0 292975876
12 8 100.706 100.706 0 292975876
12 80 134.948 134.948 0 292975876
12 1 112.398 112.398 0 292975876
12 91 218.782 218.782 0 292975876
12 36 146.496 146.496 0 292975876
12 74 175.534 175.534 0 292975876
12 19 189.67 189.67 0 292975876
12 3 150.49 150.49 0 292975876
12 89 115.232 115.232 0 292975876
12 82 167.338 167.338 0 292975876
12 83 204.086 204.086 0 292975876
12 45 94.042 94.042 0 292975876
12 13 147.758 147.758 0 292975876
12 109 87.582 87.582 0 292975876
12 24 150.81 150.81 0 292975876
12 5 101.062 101.062 0 292975876
12 16 139.532 139.532 0 292975876
12 81 281.606 281.606 0 292975876
12 0 106.534 106.534 0 292975876
12 100 123.256 123.256 0 292975876
12 44 207.49 207.49 0 292975876
12 17 200.406 200.406 0 292975876
12 35 154.892 154.892 0 292975876
12 18 199.922 199.922 0 292975876
12 28 158.704 158.704 0 292975876
12 88 121.64 121.64 0 292975876
12 25 142.288 142.288 0 292975876
12 67 99.118 99.118 0 292975876
12 37 143.006 143.006 0 292975876
12 99 185.834 185.834 0 292975876
12 11 169.992 169.992 0 292975876
12 75 150.326 150.326 0 292975876
12 34 179.948 179.948 0 292975876
12 98 107.526 107.526 0 292975876
12 73 246.468 246.468 0 292975876
12 108 171.216 171.216 0 292975876
12 32 239.818 239.818 0 292975876
12 96 83.062 83.062 0 292975876
12 2 181.482 181.482 0 292975876
12 10 136.476 136.476 0 292975876
12 84 182.118 182.118 0 292975876
12 72 218.468 218.468 0 292975876
12 101 201.136 201.136 0 292975876
12 20 220.886 220.886 0 292975876
12 97 111.08 111.08 0 292975876
12 69 132.674 132.674 0 292975876
12 64 118.034 118.034 0 292975876
12 9 158.964 158.964 0 292975876
12 4 262.202 262.202 0 292975876
12 26 144.164 144.164 0 292975876
32 21 127.62 127.62 0 292975876
32 92 127.812 127.812 0 292975876
32 27 244.362 244.362 0 292975876
32 29 131.656 131.656 0 292975876
32 68 138.104 138.104 0 292975876
32 76 139.928 139.928 0 292975876
32 33 175.086 175.086 0 292975876
32 66 110.078 110.078 0 292975876
32 90 154.15 154.15 0 292975876
32 65 123.408 123.408 0 292975876
32 93 110.018 110.018 0 292975876
32 85 124.126 124.126 0 292975876
32 77 118.988 118.988 0 292975876
32 8 92.834 92.834 0 292975876
32 80 125.508 125.508 0 292975876
32 1 99.412 99.412 0 292975876
32 91 675.048 675.048 0 292975876
32 36 127.58 127.58 0 292975876
32 74 182.656 182.656 0 292975876
32 19 135.216 135.216 0 292975876
32 3 143.756 143.756 0 292975876
32 89 104.702 104.702 0 292975876
32 82 297.782 297.782 0 292975876
32 83 237.216 237.216 0 292975876
32 45 111.906 111.906 0 292975876
32 13 117.244 117.244 0 292975876
32 109 84.05 84.05 0 292975876
32 24 90.104 90.104 0 292975876
32 5 91.466 91.466 0 292975876
32 16 95.948 95.948 0 292975876
32 81 84.776 84.776 0 292975876
32 0 95.69 95.69 0 292975876
32 100 114.422 114.422 0 292975876
32 44 112.1 112.1 0 292975876
32 17 190.3 190.3 0 292975876
32 35 130.316 130.316 0 292975876
32 18 154.132 154.132 0 292975876
32 28 150.584 150.584 0 292975876
32 88 107.672 107.672 0 292975876
32 25 134.02 134.02 0 292975876
32 67 89.686 89.686 0 292975876
32 37 212.97 212.97 0 292975876
32 99 162.824 162.824 0 292975876
32 11 154.738 154.738 0 292975876
32 75 156.858 156.858 0 292975876
32 34 131.306 131.306 0 292975876
32 98 195.616 195.616 0 292975876
32 73 280.412 280.412 0 292975876
32 108 94.16 94.16 0 292975876
32 12 304.736 304.736 0 292975876
32 96 67.18 67.18 0 292975876
32 2 113.774 113.774 0 292975876
32 10 123.48 123.48 0 292975876
32 84 144.47 144.47 0 292975876
32 72 255.128 255.128 0 292975876
32 101 129.99 129.99 0 292975876
32 20 167.33 167.33 0 292975876
32 97 100.254 100.254 0 292975876
32 69 152.452 152.452 0 292975876
32 64 108.734 108.734 0 292975876
32 9 123.214 123.214 0 292975876
32 4 299.69 299.69 0 292975876
32 26 135.182 135.182 0 292975876
96 21 104.406 104.406 0 292975876
96 92 104.8 104.8 0 292975876
96 27 223.886 223.886 0 292975876
96 29 107.276 107.276 0 292975876
96 68 103.322 103.322 0 292975876
96 76 118.19 118.19 0 292975876
96 33 80.256 80.256 0 292975876
96 66 79.196 79.196 0 292975876
96 90 173.658 173.658 0 292975876
96 65 109.8 109.8 0 292975876
96 93 89.904 89.904 0 292975876
96 85 119.856 119.856 0 292975876
96 77 131.502 131.502 0 292975876
96 8 218.792 218.792 0 292975876
96 80 94.208 94.208 0 292975876
96 1 76.064 76.064 0 292975876
96 91 226.982 226.982 0 292975876
96 36 103.172 103.172 0 292975876
96 74 137.314 137.314 0 292975876
96 19 110.136 110.136 0 292975876
96 3 121.586 121.586 0 292975876
96 89 80.646 80.646 0 292975876
96 82 126.548 126.548 0 292975876
96 83 590.474 590.474 0 292975876
96 45 61.398 61.398 0 292975876
96 13 116.81 116.81 0 292975876
96 109 53.648 53.648 0 292975876
96 24 242.236 242.236 0 292975876
96 5 73.972 73.972 0 292975876
96 16 81.98 81.98 0 292975876
96 81 60.614 60.614 0 292975876
96 0 143.548 143.548 0 292975876
96 100 276.862 276.862 0 292975876
96 44 88.692 88.692 0 292975876
96 17 165.608 165.608 0 292975876
96 35 90.762 90.762 0 292975876
96 18 147.064 147.064 0 292975876
96 28 128.366 128.366 0 292975876
96 88 90.69 90.69 0 292975876
96 25 114.57 114.57 0 292975876
96 67 109.798 109.798 0 292975876
96 37 60.022 60.022 0 292975876
96 99 137.458 137.458 0 292975876
96 11 132.246 132.246 0 292975876
96 75 118.89 118.89 0 292975876
96 34 104.912 104.912 0 292975876
96 98 75.952 75.952 0 292975876
96 73 81.022 81.022 0 292975876
96 108 51.904 51.904 0 292975876
96 12 78.21 78.21 0 292975876
96 32 67.168 67.168 0 292975876
96 2 89.724 89.724 0 292975876
96 10 147.836 147.836 0 292975876
96 84 130.214 130.214 0 292975876
96 72 115.752 115.752 0 292975876
96 101 113.848 113.848 0 292975876
96 20 140.024 140.024 0 292975876
96 97 76.794 76.794 0 292975876
96 69 103.868 103.868 0 292975876
96 64 90.666 90.666 0 292975876
96 9 88.53 88.53 0 292975876
96 4 97.852 97.852 0 292975876
96 26 108.594 108.594 0 292975876
2 21 156.66 156.66 0 292975876
2 92 163.592 163.592 0 292975876
2 27 335.492 335.492 0 292975876
2 29 155.714 155.714 0 292975876
2 68 324.682 324.682 0 292975876
2 76 162.922 162.922 0 292975876
2 33 107.656 107.656 0 292975876
2 66 268.06 268.06 0 292975876
2 90 214.538 214.538 0 292975876
2 65 163.838 163.838 0 292975876
2 93 136.246 136.246 0 292975876
2 85 149.232 149.232 0 292975876
2 77 139.876 139.876 0 292975876
2 8 117.056 117.056 0 292975876
2 80 145.754 145.754 0 292975876
2 1 207.356 207.356 0 292975876
2 91 149.404 149.404 0 292975876
2 36 146.032 146.032 0 292975876
2 74 186.284 186.284 0 292975876
2 19 213.11 213.11 0 292975876
2 3 173.49 173.49 0 292975876
2 89 132.564 132.564 0 292975876
2 82 280.954 280.954 0 292975876
2 83 213.722 213.722 0 292975876
2 45 109.928 109.928 0 292975876
2 13 136.314 136.314 0 292975876
2 109 102.878 102.878 0 292975876
2 24 114.212 114.212 0 292975876
2 5 122.912 122.912 0 292975876
2 16 110.29 110.29 0 292975876
2 81 108.842 108.842 0 292975876
2 0 123.282 123.282 0 292975876
2 100 123.2 123.2 0 292975876
2 44 138.15 138.15 0 292975876
2 17 216.072 216.072 0 292975876
2 35 137.02 137.02 0 292975876
2 18 190.038 190.038 0 292975876
2 28 175.346 175.346 0 292975876
2 88 139.152 139.152 0 292975876
2 25 148.88 148.88 0 292975876
2 67 485.292 485.292 0 292975876
2 37 129.84 129.84 0 292975876
2 99 185.53 185.53 0 292975876
2 11 179.284 179.284 0 292975876
2 75 163.16 163.16 0 292975876
2 34 154.784 154.784 0 292975876
2 98 123.502 123.502 0 292975876
2 73 125.294 125.294 0 292975876
2 108 100.652 100.652 0 292975876
2 12 203.678 203.678 0 292975876
2 32 113.516 113.516 0 292975876
2 96 90.188 90.188 0 292975876
2 10 149.854 149.854 0 292975876
2 84 193.446 193.446 0 292975876
2 72 167.554 167.554 0 292975876
2 101 147.952 147.952 0 292975876
2 20 190.016 190.016 0 292975876
2 97 125.734 125.734 0 292975876
2 69 234.702 234.702 0 292975876
2 64 153.296 153.296 0 292975876
2 9 136.922 136.922 0 292975876
2 4 152.984 152.984 0 292975876
2 26 158.728 158.728 0 292975876
10 21 164.238 164.238 0 292975876
10 92 206.182 206.182 0 292975876
10 27 276.944 276.944 0 292975876
10 29 171.94 171.94 0 292975876
10 68 168.012 168.012 0 292975876
10 76 177.568 177.568 0 292975876
10 33 115.006 115.006 0 292975876
10 66 156.936 156.936 0 292975876
10 90 190.798 190.798 0 292975876
10 65 181.548 181.548 0 292975876
10 93 145.99 145.99 0 292975876
10 85 159.706 159.706 0 292975876
10 77 213.542 213.542 0 292975876
10 8 128.458 128.458 0 292975876
10 80 203.726 203.726 0 292975876
10 1 230.772 230.772 0 292975876
10 91 158.332 158.332 0 292975876
10 36 298.046 298.046 0 292975876
10 74 391.922 391.922 0 292975876
10 19 215.154 215.154 0 292975876
10 3 250.308 250.308 0 292975876
10 89 144.614 144.614 0 292975876
10 82 198.69 198.69 0 292975876
10 83 239.82 239.82 0 292975876
10 45 127.764 127.764 0 292975876
10 13 170.416 170.416 0 292975876
10 109 166.886 166.886 0 292975876
10 24 123.878 123.878 0 292975876
10 5 153.772 153.772 0 292975876
10 16 121.884 121.884 0 292975876
10 81 113.582 113.582 0 292975876
10 0 128.614 128.614 0 292975876
10 100 128.33 128.33 0 292975876
10 44 147.456 147.456 0 292975876
10 17 225.52 225.52 0 292975876
10 35 147.208 147.208 0 292975876
10 18 183.792 183.792 0 292975876
10 28 181.762 181.762 0 292975876
10 88 206.914 206.914 0 292975876
10 25 159.36 159.36 0 292975876
10 67 122.992 122.992 0 292975876
10 37 119.976 119.976 0 292975876
10 99 202.246 202.246 0 292975876
10 11 196.57 196.57 0 292975876
10 75 172.3 172.3 0 292975876
10 34 166.822 166.822 0 292975876
10 98 136.582 136.582 0 292975876
10 73 545.642 545.642 0 292975876
10 108 110.772 110.772 0 292975876
10 12 135.65 135.65 0 292975876
10 32 123.018 123.018 0 292975876
10 96 138.118 138.118 0 292975876
10 2 153.908 153.908 0 292975876
10 84 187.47 187.47 0 292975876
10 72 184.504 184.504 0 292975876
10 101 181.514 181.514 0 292975876
10 20 205.352 205.352 0 292975876
10 97 135.914 135.914 0 292975876
10 69 190.844 190.844 0 292975876
10 64 144.754 144.754 0 292975876
10 9 141.74 141.74 0 292975876
10 4 222.294 222.294 0 292975876
10 26 184.142 184.142 0 292975876
84 21 186.126 186.126 0 292975876
84 92 177.586 177.586 0 292975876
84 27 284.29 284.29 0 292975876
84 29 193.956 193.956 0 292975876
84 68 186.652 186.652 0 292975876
84 76 198.898 198.898 0 292975876
84 33 152.272 152.272 0 292975876
84 66 210.13 210.13 0 292975876
84 90 217.944 217.944 0 292975876
84 65 331.814 331.814 0 292975876
84 93 187.046 187.046 0 292975876
84 85 182.956 182.956 0 292975876
84 77 172.914 172.914 0 292975876
84 8 150.49 150.49 0 292975876
84 80 185.97 185.97 0 292975876
84 1 154.754 154.754 0 292975876
84 91 276.618 276.618 0 292975876
84 36 205.09 205.09 0 292975876
84 74 217.716 217.716 0 292975876
84 19 280.804 280.804 0 292975876
84 3 439.132 439.132 0 292975876
84 89 189.638 189.638 0 292975876
84 82 224.984 224.984 0 292975876
84 83 240.408 240.408 0 292975876
84 45 138.17 138.17 0 292975876
84 13 172.27 172.27 0 292975876
84 109 135.956 135.956 0 292975876
84 24 152.41 152.41 0 292975876
84 5 151.116 151.116 0 292975876
84 16 145.312 145.312 0 292975876
84 81 156.036 156.036 0 292975876
84 0 150.032 150.032 0 292975876
84 100 147.184 147.184 0 292975876
84 44 192.116 192.116 0 292975876
84 17 262.51 262.51 0 292975876
84 35 171.38 171.38 0 292975876
84 18 209.992 209.992 0 292975876
84 28 221.774 221.774 0 292975876
84 88 192.96 192.96 0 292975876
84 25 182.01 182.01 0 292975876
84 67 142.288 142.288 0 292975876
84 37 140.092 140.092 0 292975876
84 99 227.634 227.634 0 292975876
84 11 216.636 216.636 0 292975876
84 75 193.182 193.182 0 292975876
84 34 193.772 193.772 0 292975876
84 98 315.776 315.776 0 292975876
84 73 157.852 157.852 0 292975876
84 108 145.98 145.98 0 292975876
84 12 196.296 196.296 0 292975876
84 32 143.788 143.788 0 292975876
84 96 128.276 128.276 0 292975876
84 2 192.306 192.306 0 292975876
84 10 190.218 190.218 0 292975876
84 72 201.99 201.99 0 292975876
84 101 181.23 181.23 0 292975876
84 20 324.054 324.054 0 292975876
84 97 597.944 597.944 0 292975876
84 69 180.462 180.462 0 292975876
84 64 185.35 185.35 0 292975876
84 9 167.96 167.96 0 292975876
84 4 183.75 183.75 0 292975876
84 26 210.398 210.398 0 292975876
72 21 184.256 184.256 0 292975876
72 92 175.412 175.412 0 292975876
72 27 295.394 295.394 0 292975876
72 29 188.406 188.406 0 292975876
72 68 181.216 181.216 0 292975876
72 76 192.946 192.946 0 292975876
72 33 131.89 131.89 0 292975876
72 66 170.194 170.194 0 292975876
72 90 208.302 208.302 0 292975876
72 65 185.096 185.096 0 292975876
72 93 161.174 161.174 0 292975876
72 85 173.508 173.508 0 292975876
72 77 185.524 185.524 0 292975876
72 8 264.556 264.556 0 292975876
72 80 206.388 206.388 0 292975876
72 1 152.414 152.414 0 292975876
72 91 405.06 405.06 0 292975876
72 36 174.254 174.254 0 292975876
72 74 226.964 226.964 0 292975876
72 19 185.444 185.444 0 292975876
72 3 193.072 193.072 0 292975876
72 89 158.504 158.504 0 292975876
72 82 229.858 229.858 0 292975876
72 83 245.81 245.81 0 292975876
72 45 162.366 162.366 0 292975876
72 13 165.18 165.18 0 292975876
72 109 185.324 185.324 0 292975876
72 24 162.948 162.948 0 292975876
72 5 164.624 164.624 0 292975876
72 16 139.194 139.194 0 292975876
72 81 170.946 170.946 0 292975876
72 0 167.448 167.448 0 292975876
72 100 139.31 139.31 0 292975876
72 44 162.438 162.438 0 292975876
72 17 241.67 241.67 0 292975876
72 35 187.352 187.352 0 292975876
72 18 218.35 218.35 0 292975876
72 28 199.146 199.146 0 292975876
72 88 158.824 158.824 0 292975876
72 25 195.618 195.618 0 292975876
72 67 136.322 136.322 0 292975876
72 37 142.33 142.33 0 292975876
72 99 217.142 217.142 0 292975876
72 11 208.384 208.384 0 292975876
72 75 209.154 209.154 0 292975876
72 34 181.396 181.396 0 292975876
72 98 173.142 173.142 0 292975876
72 73 171.456 171.456 0 292975876
72 108 131.872 131.872 0 292975876
72 12 284.072 284.072 0 292975876
72 32 305.256 305.256 0 292975876
72 96 117.224 117.224 0 292975876
72 2 168.834 168.834 0 292975876
72 10 186.574 186.574 0 292975876
72 84 199.978 199.978 0 292975876
72 101 170.464 170.464 0 292975876
72 20 220.44 220.44 0 292975876
72 97 152.36 152.36 0 292975876
72 69 199.002 199.002 0 292975876
72 64 180.436 180.436 0 292975876
72 9 675.382 675.382 0 292975876
72 4 214.504 214.504 0 292975876
72 26 187.296 187.296 0 292975876
101 21 157.094 157.094 0 292975876
101 92 154.444 154.444 0 292975876
101 27 565.322 565.322 0 292975876
101 29 162.442 162.442 0 292975876
101 68 163.272 163.272 0 292975876
101 76 168.956 168.956 0 292975876
101 33 313.358 313.358 0 292975876
101 66 132.026 132.026 0 292975876
101 90 213.13 213.13 0 292975876
101 65 161.354 161.354 0 292975876
101 93 140.966 140.966 0 292975876
101 85 155.094 155.094 0 292975876
101 77 147.246 147.246 0 292975876
101 8 126.094 126.094 0 292975876
101 80 151.976 151.976 0 292975876
101 1 129.352 129.352 0 292975876
101 91 154.42 154.42 0 292975876
101 36 289.182 289.182 0 292975876
101 74 190.816 190.816 0 292975876
101 19 249.58 249.58 0 292975876
101 3 184.354 184.354 0 292975876
101 89 136.456 136.456 0 292975876
101 82 192.622 192.622 0 292975876
101 83 225.356 225.356 0 292975876
101 45 132.714 132.714 0 292975876
101 13 141.11 141.11 0 292975876
101 109 104.928 104.928 0 292975876
101 24 144.674 144.674 0 292975876
101 5 120.406 120.406 0 292975876
101 16 113.85 113.85 0 292975876
101 81 178.306 178.306 0 292975876
101 0 120.532 120.532 0 292975876
101 100 137.372 137.372 0 292975876
101 44 139.59 139.59 0 292975876
101 17 210.214 210.214 0 292975876
101 35 139.376 139.376 0 292975876
101 18 183.938 183.938 0 292975876
101 28 176.334 176.334 0 292975876
101 88 139.618 139.618 0 292975876
101 25 158.584 158.584 0 292975876
101 67 117.03 117.03 0 292975876
101 37 207.244 207.244 0 292975876
101 99 201.904 201.904 0 292975876
101 11 185.814 185.814 0 292975876
101 75 175.046 175.046 0 292975876
101 34 157.02 157.02 0 292975876
101 98 125.382 125.382 0 292975876
101 73 132.156 132.156 0 292975876
101 108 243.964 243.964 0 292975876
101 12 210.82 210.82 0 292975876
101 32 125.288 125.288 0 292975876
101 96 110.022 110.022 0 292975876
101 2 147.172 147.172 0 292975876
101 10 176.336 176.336 0 292975876
101 84 179.854 179.854 0 292975876
101 72 171.256 171.256 0 292975876
101 20 204.29 204.29 0 292975876
101 97 127.682 127.682 0 292975876
101 69 149.818 149.818 0 292975876
101 64 144.028 144.028 0 292975876
101 9 137.256 137.256 0 292975876
101 4 158.488 158.488 0 292975876
101 26 159.564 159.564 0 292975876
20 21 208.362 208.362 0 292975876
20 92 263.714 263.714 0 292975876
20 27 288.796 288.796 0 292975876
20 29 217.468 217.468 0 292975876
20 68 215.828 215.828 0 292975876
20 76 538.404 538.404 0 292975876
20 33 163.844 163.844 0 292975876
20 66 179.692 179.692 0 292975876
20 90 226.746 226.746 0 292975876
20 65 242.722 242.722 0 292975876
20 93 189.46 189.46 0 292975876
20 85 203.152 203.152 0 292975876
20 77 195.866 195.866 0 292975876
20 8 308.364 308.364 0 292975876
20 80 203.654 203.654 0 292975876
20 1 179.336 179.336 0 292975876
20 91 213.556 213.556 0 292975876
20 36 266.07 266.07 0 292975876
20 74 264.312 264.312 0 292975876
20 19 240.954 240.954 0 292975876
20 3 220.128 220.128 0 292975876
20 89 185.664 185.664 0 292975876
20 82 233.648 233.648 0 292975876
20 83 273.62 273.62 0 292975876
20 45 164.988 164.988 0 292975876
20 13 239.358 239.358 0 292975876
20 109 167.978 167.978 0 292975876
20 24 164.844 164.844 0 292975876
20 5 175.21 175.21 0 292975876
20 16 218.286 218.286 0 292975876
20 81 158.582 158.582 0 292975876
20 0 177.082 177.082 0 292975876
20 100 170.796 170.796 0 292975876
20 44 189.356 189.356 0 292975876
20 17 260.426 260.426 0 292975876
20 35 219.128 219.128 0 292975876
20 18 229.098 229.098 0 292975876
20 28 224.16 224.16 0 292975876
20 88 186.042 186.042 0 292975876
20 25 227.678 227.678 0 292975876
20 67 163.226 163.226 0 292975876
20 37 221.04 221.04 0 292975876
20 99 246.314 246.314 0 292975876
20 11 238.402 238.402 0 292975876
20 75 212.038 212.038 0 292975876
20 34 209.454 209.454 0 292975876
20 98 181.396 181.396 0 292975876
20 73 179.752 179.752 0 292975876
20 108 295.948 295.948 0 292975876
20 12 235.226 235.226 0 292975876
20 32 167.244 167.244 0 292975876
20 96 140.642 140.642 0 292975876
20 2 190.35 190.35 0 292975876
20 10 205.43 205.43 0 292975876
20 84 408.34 408.34 0 292975876
20 72 220.32 220.32 0 292975876
20 101 204.32 204.32 0 292975876
20 97 182.108 182.108 0 292975876
20 69 204.534 204.534 0 292975876
20 64 186.748 186.748 0 292975876
20 9 183.902 183.902 0 292975876
20 4 204.108 204.108 0 292975876
20 26 211.544 211.544 0 292975876
97 21 146.846 146.846 0 292975876
97 92 150.84 150.84 0 292975876
97 27 249.018 249.018 0 292975876
97 29 148.866 148.866 0 292975876
97 68 140.532 140.532 0 292975876
97 76 153.53 153.53 0 292975876
97 33 765.714 765.714 0 292975876
97 66 113.748 113.748 0 292975876
97 90 169.686 169.686 0 292975876
97 65 143.96 143.96 0 292975876
97 93 121.344 121.344 0 292975876
97 85 165.958 165.958 0 292975876
97 77 133.628 133.628 0 292975876
97 8 104.184 104.184 0 292975876
97 80 638.822 638.822 0 292975876
97 1 203.92 203.92 0 292975876
97 91 509.032 509.032 0 292975876
97 36 159.946 159.946 0 292975876
97 74 200.954 200.954 0 292975876
97 19 151.818 151.818 0 292975876
97 3 157.032 157.032 0 292975876
97 89 116.736 116.736 0 292975876
97 82 705.788 705.788 0 292975876
97 83 208.42 208.42 0 292975876
97 45 95.19 95.19 0 292975876
97 13 124.664 124.664 0 292975876
97 109 89.16 89.16 0 292975876
97 24 102.728 102.728 0 292975876
97 5 159.562 159.562 0 292975876
97 16 194.55 194.55 0 292975876
97 81 542.786 542.786 0 292975876
97 0 154.648 154.648 0 292975876
97 100 141.664 141.664 0 292975876
97 44 125.11 125.11 0 292975876
97 17 215.29 215.29 0 292975876
97 35 258.052 258.052 0 292975876
97 18 161.706 161.706 0 292975876
97 28 162.076 162.076 0 292975876
97 88 416.802 416.802 0 292975876
97 25 141.886 141.886 0 292975876
97 67 108.976 108.976 0 292975876
97 37 105.952 105.952 0 292975876
97 99 361.982 361.982 0 292975876
97 11 174.62 174.62 0 292975876
97 75 259.268 259.268 0 292975876
97 34 142.212 142.212 0 292975876
97 98 583.55 583.55 0 292975876
97 73 200.962 200.962 0 292975876
97 108 91.464 91.464 0 292975876
97 12 111.55 111.55 0 292975876
97 32 100.442 100.442 0 292975876
97 96 77.072 77.072 0 292975876
97 2 125.818 125.818 0 292975876
97 10 135.788 135.788 0 292975876
97 84 555.568 555.568 0 292975876
97 72 152.412 152.412 0 292975876
97 101 128.582 128.582 0 292975876
97 20 182.346 182.346 0 292975876
97 69 135.044 135.044 0 292975876
97 64 119.4 119.4 0 292975876
97 9 121.444 121.444 0 292975876
97 4 431.068 431.068 0 292975876
97 26 143.378 143.378 0 292975876
69 21 159.55 159.55 0 292975876
69 92 157.256 157.256 0 292975876
69 27 271.34 271.34 0 292975876
69 29 168.14 168.14 0 292975876
69 68 167.366 167.366 0 292975876
69 76 191.648 191.648 0 292975876
69 33 134.576 134.576 0 292975876
69 66 135.284 135.284 0 292975876
69 90 202.628 202.628 0 292975876
69 65 180.154 180.154 0 292975876
69 93 280.392 280.392 0 292975876
69 85 156.408 156.408 0 292975876
69 77 153.57 153.57 0 292975876
69 8 190.618 190.618 0 292975876
69 80 164.622 164.622 0 292975876
69 1 137.082 137.082 0 292975876
69 91 164.28 164.28 0 292975876
69 36 161.424 161.424 0 292975876
69 74 198.83 198.83 0 292975876
69 19 166.9 166.9 0 292975876
69 3 218.402 218.402 0 292975876
69 89 197.008 197.008 0 292975876
69 82 203.654 203.654 0 292975876
69 83 691.576 691.576 0 292975876
69 45 116.278 116.278 0 292975876
69 13 147.362 147.362 0 292975876
69 109 111.088 111.088 0 292975876
69 24 122.09 122.09 0 292975876
69 5 202.864 202.864 0 292975876
69 16 120.442 120.442 0 292975876
69 81 121.394 121.394 0 292975876
69 0 128.71 128.71 0 292975876
69 100 150.222 150.222 0 292975876
69 44 144.308 144.308 0 292975876
69 17 212.92 212.92 0 292975876
69 35 145.902 145.902 0 292975876
69 18 388.234 388.234 0 292975876
69 28 236.236 236.236 0 292975876
69 88 161.404 161.404 0 292975876
69 25 195.788 195.788 0 292975876
69 67 127.162 127.162 0 292975876
69 37 121.268 121.268 0 292975876
69 99 200.086 200.086 0 292975876
69 11 192.566 192.566 0 292975876
69 75 198.764 198.764 0 292975876
69 34 162.946 162.946 0 292975876
69 98 148.628 148.628 0 292975876
69 73 141.754 141.754 0 292975876
69 108 108.598 108.598 0 292975876
69 12 132.11 132.11 0 292975876
69 32 140.638 140.638 0 292975876
69 96 103.638 103.638 0 292975876
69 2 214.15 214.15 0 292975876
69 10 181.878 181.878 0 292975876
69 84 182.64 182.64 0 292975876
69 72 206.65 206.65 0 292975876
69 101 150.812 150.812 0 292975876
69 20 204.182 204.182 0 292975876
69 97 135.562 135.562 0 292975876
69 64 141.748 141.748 0 292975876
69 9 142.626 142.626 0 292975876
69 4 153.396 153.396 0 292975876
69 26 163.85 163.85 0 292975876
64 21 153.096 153.096 0 292975876
64 92 145.974 145.974 0 292975876
64 27 316.67 316.67 0 292975876
64 29 158.004 158.004 0 292975876
64 68 150.516 150.516 0 292975876
64 76 160.314 160.314 0 292975876
64 33 162.88 162.88 0 292975876
64 66 235.558 235.558 0 292975876
64 90 229.73 229.73 0 292975876
64 65 189.018 189.018 0 292975876
64 93 130.032 130.032 0 292975876
64 85 157.498 157.498 0 292975876
64 77 138.824 138.824 0 292975876
64 8 120.652 120.652 0 292975876
64 80 143.926 143.926 0 292975876
64 1 121.49 121.49 0 292975876
64 91 150.674 150.674 0 292975876
64 36 188.18 188.18 0 292975876
64 74 213.568 213.568 0 292975876
64 19 163.362 163.362 0 292975876
64 3 176.866 176.866 0 292975876
64 89 142.504 142.504 0 292975876
64 82 182.194 182.194 0 292975876
64 83 218.73 218.73 0 292975876
64 45 107.384 107.384 0 292975876
64 13 133.032 133.032 0 292975876
64 109 102.456 102.456 0 292975876
64 24 105.048 105.048 0 292975876
64 5 112.434 112.434 0 292975876
64 16 160.992 160.992 0 292975876
64 81 195.13 195.13 0 292975876
64 0 211.438 211.438 0 292975876
64 100 220.758 220.758 0 292975876
64 44 264.912 264.912 0 292975876
64 17 197.264 197.264 0 292975876
64 35 133.206 133.206 0 292975876
64 18 191.684 191.684 0 292975876
64 28 170.302 170.302 0 292975876
64 88 151.136 151.136 0 292975876
64 25 180.056 180.056 0 292975876
64 67 762.438 762.438 0 292975876
64 37 107.722 107.722 0 292975876
64 99 186.288 186.288 0 292975876
64 11 228.916 228.916 0 292975876
64 75 207.754 207.754 0 292975876
64 34 147.268 147.268 0 292975876
64 98 116.626 116.626 0 292975876
64 73 166.382 166.382 0 292975876
64 108 97.014 97.014 0 292975876
64 12 118.95 118.95 0 292975876
64 32 109.118 109.118 0 292975876
64 96 90.272 90.272 0 292975876
64 2 155.816 155.816 0 292975876
64 10 146.174 146.174 0 292975876
64 84 184.196 184.196 0 292975876
64 72 178.868 178.868 0 292975876
64 101 141.624 141.624 0 292975876
64 20 187.408 187.408 0 292975876
64 97 120.252 120.252 0 292975876
64 69 142.776 142.776 0 292975876
64 9 222.424 222.424 0 292975876
64 4 331.036 331.036 0 292975876
64 26 157.252 157.252 0 292975876
9 21 219.188 219.188 0 292975876
9 92 151.618 151.618 0 292975876
9 27 250.99 250.99 0 292975876
9 29 149.362 149.362 0 292975876
9 68 148.21 148.21 0 292975876
9 76 157.852 157.852 0 292975876
9 33 110.156 110.156 0 292975876
9 66 826.588 826.588 0 292975876
9 90 204.348 204.348 0 292975876
9 65 213.35 213.35 0 292975876
9 93 145.136 145.136 0 292975876
9 85 209.932 209.932 0 292975876
9 77 136.34 136.34 0 292975876
9 8 210.426 210.426 0 292975876
9 80 252.986 252.986 0 292975876
9 1 732.932 732.932 0 292975876
9 91 175.43 175.43 0 292975876
9 36 185.158 185.158 0 292975876
9 74 206.584 206.584 0 292975876
9 19 154.304 154.304 0 292975876
9 3 162.026 162.026 0 292975876
9 89 126.3 126.3 0 292975876
9 82 168.064 168.064 0 292975876
9 83 817.312 817.312 0 292975876
9 45 107.012 107.012 0 292975876
9 13 148.028 148.028 0 292975876
9 109 98.814 98.814 0 292975876
9 24 107.438 107.438 0 292975876
9 5 111.964 111.964 0 292975876
9 16 158.312 158.312 0 292975876
9 81 105.328 105.328 0 292975876
9 0 593.904 593.904 0 292975876
9 100 137.296 137.296 0 292975876
9 44 150.054 150.054 0 292975876
9 17 196.416 196.416 0 292975876
9 35 136.006 136.006 0 292975876
9 18 173.194 173.194 0 292975876
9 28 171.58 171.58 0 292975876
9 88 134.18 134.18 0 292975876
9 25 521.346 521.346 0 292975876
9 67 115.594 115.594 0 292975876
9 37 101.112 101.112 0 292975876
9 99 179.902 179.902 0 292975876
9 11 200.866 200.866 0 292975876
9 75 232.192 232.192 0 292975876
9 34 147.262 147.262 0 292975876
9 98 116.966 116.966 0 292975876
9 73 1172.53 1172.53 0 292975876
9 108 96.166 96.166 0 292975876
9 12 168.508 168.508 0 292975876
9 32 124.946 124.946 0 292975876
9 96 88.998 88.998 0 292975876
9 2 138.154 138.154 0 292975876
9 10 141.906 141.906 0 292975876
9 84 166.658 166.658 0 292975876
9 72 687.432 687.432 0 292975876
9 101 137.844 137.844 0 292975876
9 20 183.944 183.944 0 292975876
9 97 121.736 121.736 0 292975876
9 69 143.426 143.426 0 292975876
9 64 306.436 306.436 0 292975876
9 4 147.184 147.184 0 292975876
9 26 582.608 582.608 0 292975876
4 21 157.74 157.74 0 292975876
4 92 164.178 164.178 0 292975876
4 27 252.49 252.49 0 292975876
4 29 161.496 161.496 0 292975876
4 68 351.274 351.274 0 292975876
4 76 174.664 174.664 0 292975876
4 33 122.806 122.806 0 292975876
4 66 179.93 179.93 0 292975876
4 90 212.556 212.556 0 292975876
4 65 153.238 153.238 0 292975876
4 93 138.892 138.892 0 292975876
4 85 157.686 157.686 0 292975876
4 77 153.044 153.044 0 292975876
4 8 123.266 123.266 0 292975876
4 80 153.574 153.574 0 292975876
4 1 153.99 153.99 0 292975876
4 91 159.124 159.124 0 292975876
4 36 163.53 163.53 0 292975876
4 74 196.708 196.708 0 292975876
4 19 193.348 193.348 0 292975876
4 3 188.652 188.652 0 292975876
4 89 136.94 136.94 0 292975876
4 82 197.462 197.462 0 292975876
4 83 273.53 273.53 0 292975876
4 45 140.306 140.306 0 292975876
4 13 144.262 144.262 0 292975876
4 109 109.622 109.622 0 292975876
4 24 122.158 122.158 0 292975876
4 5 124.218 124.218 0 292975876
4 16 121.328 121.328 0 292975876
4 81 117.85 117.85 0 292975876
4 0 139.716 139.716 0 292975876
4 100 154.708 154.708 0 292975876
4 44 143.076 143.076 0 292975876
4 17 203.346 203.346 0 292975876
4 35 146.332 146.332 0 292975876
4 18 180.692 180.692 0 292975876
4 28 183.512 183.512 0 292975876
4 88 143.148 143.148 0 292975876
4 25 162.688 162.688 0 292975876
4 67 121.318 121.318 0 292975876
4 37 112.186 112.186 0 292975876
4 99 195.508 195.508 0 292975876
4 11 189.582 189.582 0 292975876
4 75 169.582 169.582 0 292975876
4 34 164.234 164.234 0 292975876
4 98 128.002 128.002 0 292975876
4 73 134.04 134.04 0 292975876
4 108 106.258 106.258 0 292975876
4 12 315.058 315.058 0 292975876
4 32 214.03 214.03 0 292975876
4 96 98.312 98.312 0 292975876
4 2 153.254 153.254 0 292975876
4 10 290.09 290.09 0 292975876
4 84 184.116 184.116 0 292975876
4 72 226.094 226.094 0 292975876
4 101 160.152 160.152 0 292975876
4 20 202.374 202.374 0 292975876
4 97 467.192 467.192 0 292975876
4 69 153.488 153.488 0 292975876
4 64 248.492 248.492 0 292975876
4 9 149.296 149.296 0 292975876
4 26 174.448 174.448 0 292975876
26 21 168.626 168.626 0 292975876
26 92 170.412 170.412 0 292975876
26 27 312.896 312.896 0 292975876
26 29 174.396 174.396 0 292975876
26 68 174.264 174.264 0 292975876
26 76 186.406 186.406 0 292975876
26 33 180.336 180.336 0 292975876
26 66 154.238 154.238 0 292975876
26 90 485.506 485.506 0 292975876
26 65 219.736 219.736 0 292975876
26 93 210.204 210.204 0 292975876
26 85 167.142 167.142 0 292975876
26 77 170.7 170.7 0 292975876
26 8 135.606 135.606 0 292975876
26 80 165.794 165.794 0 292975876
26 1 146.31 146.31 0 292975876
26 91 170.886 170.886 0 292975876
26 36 172.156 172.156 0 292975876
26 74 205.964 205.964 0 292975876
26 19 257.344 257.344 0 292975876
26 3 198.024 198.024 0 292975876
26 89 216.2 216.2 0 292975876
26 82 211.806 211.806 0 292975876
26 83 230.628 230.628 0 292975876
26 45 144.7 144.7 0 292975876
26 13 158.492 158.492 0 292975876
26 109 142.468 142.468 0 292975876
26 24 131.388 131.388 0 292975876
26 5 136.238 136.238 0 292975876
26 16 130.292 130.292 0 292975876
26 81 128.422 128.422 0 292975876
26 0 136.92 136.92 0 292975876
26 100 188.212 188.212 0 292975876
26 44 154.994 154.994 0 292975876
26 17 205.748 205.748 0 292975876
26 35 158.434 158.434 0 292975876
26 18 191.486 191.486 0 292975876
26 28 195.058 195.058 0 292975876
26 88 155.188 155.188 0 292975876
26 25 172.576 172.576 0 292975876
26 67 189.064 189.064 0 292975876
26 37 258.094 258.094 0 292975876
26 99 249.34 249.34 0 292975876
26 11 202.632 202.632 0 292975876
26 75 188.23 188.23 0 292975876
26 34 174.242 174.242 0 292975876
26 98 140.15 140.15 0 292975876
26 73 153.608 153.608 0 292975876
26 108 129.104 129.104 0 292975876
26 12 141.42 141.42 0 292975876
26 32 133.432 133.432 0 292975876
26 96 108.61 108.61 0 292975876
26 2 158.98 158.98 0 292975876
26 10 187.776 187.776 0 292975876
26 84 217.458 217.458 0 292975876
26 72 184.686 184.686 0 292975876
26 101 158.864 158.864 0 292975876
26 20 211.568 211.568 0 292975876
26 97 144.25 144.25 0 292975876
26 69 164.33 164.33 0 292975876
26 64 158.622 158.622 0 292975876
26 9 643.506 643.506 0 292975876
26 4 177.468 177.468 0 292975876
