8 75 200.364 200.364 0 373349505
8 11 109.47 109.47 0 373349505
8 3 29.088 29.088 0 373349505
8 4 25.1 25.1 0 373349505
8 77 9.032 9.032 0 373349505
8 20 4.99 4.99 0 373349505
8 99 8.99 8.99 0 373349505
8 2 12.332 12.332 0 373349505
8 109 7.564 7.564 0 373349505
8 64 21.668 21.668 0 373349505
8 21 203.362 203.362 0 373349505
8 65 5.236 5.236 0 373349505
8 68 9.714 9.714 0 373349505
8 67 4.512 4.512 0 373349505
8 76 8.792 8.792 0 373349505
8 83 7.228 7.228 0 373349505
8 108 12.678 12.678 0 373349505
8 18 5.006 5.006 0 373349505
8 101 10.15 10.15 0 373349505
8 81 4.856 4.856 0 373349505
8 93 10.826 10.826 0 373349505
8 73 18.064 18.064 0 373349505
8 84 207.638 207.638 0 373349505
8 13 15.978 15.978 0 373349505
8 19 28.814 28.814 0 373349505
8 85 5.002 5.002 0 373349505
8 92 62.942 62.942 0 373349505
8 28 6.488 6.488 0 373349505
8 100 15.762 15.762 0 373349505
8 98 7.68 7.68 0 373349505
8 26 17.238 17.238 0 373349505
8 89 25.278 25.278 0 373349505
8 27 205.278 205.278 0 373349505
8 10 6.22 6.22 0 373349505
8 66 8.258 8.258 0 373349505
8 44 4.308 4.308 0 373349505
8 82 8.298 8.298 0 373349505
8 36 4.334 4.334 0 373349505
8 34 8.32 8.32 0 373349505
8 35 3.86 3.86 0 373349505
8 33 7.7 7.7 0 373349505
8 96 22.642 22.642 0 373349505
8 16 201.262 201.262 0 373349505
8 12 5.198 5.198 0 373349505
8 0 37.586 37.586 0 373349505
8 45 7.734 7.734 0 373349505
8 17 200.12 200.12 0 373349505
8 37 15.89 15.89 0 373349505
8 25 200.86 200.86 0 373349505
8 90 4.682 4.682 0 373349505
8 32 200.372 200.372 0 373349505
8 97 4.644 4.644 0 373349505
8 88 221.852 221.852 0 373349505
8 24 18.11 18.11 0 373349505
8 72 394.322 394.322 0 373349505
8 5 4.344 4.344 0 373349505
8 1 200.294 200.294 0 373349505
8 29 16.984 16.984 0 373349505
8 9 11.532 11.532 0 373349505
8 91 20.402 20.402 0 373349505
8 74 9.738 9.738 0 373349505
8 80 19.374 19.374 0 373349505
8 69 13.604 13.604 0 373349505
75 8 203.948 203.948 0 373349505
75 11 411.504 411.504 0 373349505
75 3 24.818 24.818 0 373349505
75 4 201.838 201.838 0 373349505
75 77 63.294 63.294 0 373349505
75 20 7.678 7.678 0 373349505
75 99 11.626 11.626 0 373349505
75 2 7.762 7.762 0 373349505
75 109 26.172 26.172 0 373349505
75 64 14.182 14.182 0 373349505
75 21 24.678 24.678 0 373349505
75 65 199.89 199.89 0 373349505
75 68 11.504 11.504 0 373349505
75 67 8.232 8.232 0 373349505
75 76 11.956 11.956 0 373349505
75 83 20.23 20.23 0 373349505
75 108 11.76 11.76 0 373349505
75 18 7.906 7.906 0 373349505
75 101 10.606 10.606 0 373349505
75 81 11.338 11.338 0 373349505
75 93 24.318 24.318 0 373349505
75 73 15.122 15.122 0 373349505
75 84 27.486 27.486 0 373349505
75 13 211.006 211.006 0 373349505
75 19 18.18 18.18 0 373349505
75 85 8.736 8.736 0 373349505
75 92 15.67 15.67 0 373349505
75 28 9 9 0 373349505
75 100 11.63 11.63 0 373349505
75 98 21.388 21.388 0 373349505
75 26 12.828 12.828 0 373349505
75 89 13.448 13.448 0 373349505
75 27 24.668 24.668 0 373349505
75 10 202.922 202.922 0 373349505
75 66 11.802 11.802 0 373349505
75 44 7.982 7.982 0 373349505
75 82 11.62 11.62 0 373349505
75 36 8.086 8.086 0 373349505
75 34 11.52 11.52 0 373349505
75 35 8.196 8.196 0 373349505
75 33 11.916 11.916 0 373349505
75 96 8.898 8.898 0 373349505
75 16 24.386 24.386 0 373349505
75 12 200.664 200.664 0 373349505
75 0 11.884 11.884 0 373349505
75 45 33.774 33.774 0 373349505
75 17 11.898 11.898 0 373349505
75 37 8.976 8.976 0 373349505
75 25 11.704 11.704 0 373349505
75 90 7.05 7.05 0 373349505
75 32 11.276 11.276 0 373349505
75 97 8.56 8.56 0 373349505
75 88 23.726 23.726 0 373349505
75 24 13.424 13.424 0 373349505
75 72 27.62 27.62 0 373349505
75 5 234.318 234.318 0 373349505
75 1 12.576 12.576 0 373349505
75 29 199.738 199.738 0 373349505
75 9 24.396 24.396 0 373349505
75 91 200.226 200.226 0 373349505
75 74 24.786 24.786 0 373349505
75 80 201.444 201.444 0 373349505
75 69 25.054 25.054 0 373349505
11 8 115.116 115.116 0 373349505
11 75 431.33 431.33 0 373349505
11 3 236.012 236.012 0 373349505
11 4 103.796 103.796 0 373349505
11 77 253.472 253.472 0 373349505
11 20 73.836 73.836 0 373349505
11 99 63.514 63.514 0 373349505
11 2 130.178 130.178 0 373349505
11 109 61.486 61.486 0 373349505
11 64 73.642 73.642 0 373349505
11 21 88.862 88.862 0 373349505
11 65 71.32 71.32 0 373349505
11 68 236.884 236.884 0 373349505
11 67 93.8 93.8 0 373349505
11 76 118.846 118.846 0 373349505
11 83 188.994 188.994 0 373349505
11 108 65.49 65.49 0 373349505
11 18 42.57 42.57 0 373349505
11 101 45.294 45.294 0 373349505
11 81 57.346 57.346 0 373349505
11 93 61.136 61.136 0 373349505
11 73 106.2 106.2 0 373349505
11 84 258.61 258.61 0 373349505
11 13 179.788 179.788 0 373349505
11 19 86.93 86.93 0 373349505
11 85 78.098 78.098 0 373349505
11 92 79.47 79.47 0 373349505
11 28 100.754 100.754 0 373349505
11 100 60.134 60.134 0 373349505
11 98 98.066 98.066 0 373349505
11 26 56.77 56.77 0 373349505
11 89 187.478 187.478 0 373349505
11 27 251.852 251.852 0 373349505
11 10 45.596 45.596 0 373349505
11 66 97.258 97.258 0 373349505
11 44 41.418 41.418 0 373349505
11 82 46.834 46.834 0 373349505
11 36 74.884 74.884 0 373349505
11 34 52.714 52.714 0 373349505
11 35 116.586 116.586 0 373349505
11 33 42.904 42.904 0 373349505
11 96 55.164 55.164 0 373349505
11 16 61.128 61.128 0 373349505
11 12 110.86 110.86 0 373349505
11 0 248.746 248.746 0 373349505
11 45 66.534 66.534 0 373349505
11 17 85.062 85.062 0 373349505
11 37 130.614 130.614 0 373349505
11 25 57.052 57.052 0 373349505
11 90 111.386 111.386 0 373349505
11 32 69.19 69.19 0 373349505
11 97 66.456 66.456 0 373349505
11 88 79.08 79.08 0 373349505
11 24 78.928 78.928 0 373349505
11 72 252.966 252.966 0 373349505
11 5 116.09 116.09 0 373349505
11 1 45.156 45.156 0 373349505
11 29 75.444 75.444 0 373349505
11 9 257.81 257.81 0 373349505
11 91 55.978 55.978 0 373349505
11 74 240.302 240.302 0 373349505
11 80 65.57 65.57 0 373349505
11 69 265.012 265.012 0 373349505
3 8 24.9 24.9 0 373349505
3 75 30.384 30.384 0 373349505
3 11 220.568 220.568 0 373349505
3 4 11.686 11.686 0 373349505
3 77 12.362 12.362 0 373349505
3 20 7.886 7.886 0 373349505
3 99 12.346 12.346 0 373349505
3 2 220.634 220.634 0 373349505
3 109 25.17 25.17 0 373349505
3 64 233.084 233.084 0 373349505
3 21 25.472 25.472 0 373349505
3 65 200.416 200.416 0 373349505
3 68 38.176 38.176 0 373349505
3 67 392.682 392.682 0 373349505
3 76 25.97 25.97 0 373349505
3 83 215.126 215.126 0 373349505
3 108 25.846 25.846 0 373349505
3 18 8.548 8.548 0 373349505
3 101 12.73 12.73 0 373349505
3 81 12.208 12.208 0 373349505
3 93 28.15 28.15 0 373349505
3 73 18.826 18.826 0 373349505
3 84 109.272 109.272 0 373349505
3 13 212.042 212.042 0 373349505
3 19 18.414 18.414 0 373349505
3 85 9.5 9.5 0 373349505
3 92 16.82 16.82 0 373349505
3 28 8.162 8.162 0 373349505
3 100 13.094 13.094 0 373349505
3 98 21.376 21.376 0 373349505
3 26 11.416 11.416 0 373349505
3 89 51.862 51.862 0 373349505
3 27 28.564 28.564 0 373349505
3 10 205.874 205.874 0 373349505
3 66 13.974 13.974 0 373349505
3 44 9.108 9.108 0 373349505
3 82 12.232 12.232 0 373349505
3 36 8.47 8.47 0 373349505
3 34 12.29 12.29 0 373349505
3 35 11.904 11.904 0 373349505
3 33 12.664 12.664 0 373349505
3 96 9.328 9.328 0 373349505
3 16 12.184 12.184 0 373349505
3 12 8.948 8.948 0 373349505
3 0 25.288 25.288 0 373349505
3 45 201.154 201.154 0 373349505
3 17 12.2 12.2 0 373349505
3 37 9.742 9.742 0 373349505
3 25 12.762 12.762 0 373349505
3 90 200.614 200.614 0 373349505
3 32 25.522 25.522 0 373349505
3 97 10.924 10.924 0 373349505
3 88 12.284 12.284 0 373349505
3 24 33.26 33.26 0 373349505
3 72 25.306 25.306 0 373349505
3 5 200.668 200.668 0 373349505
3 1 12.394 12.394 0 373349505
3 29 8.45 8.45 0 373349505
3 9 12.556 12.556 0 373349505
3 91 9.092 9.092 0 373349505
3 74 12.196 12.196 0 373349505
3 80 7.014 7.014 0 373349505
3 69 10.692 10.692 0 373349505
4 8 24.84 24.84 0 373349505
4 75 205.28 205.28 0 373349505
4 11 88.28 88.28 0 373349505
4 3 15.528 15.528 0 373349505
4 77 10.912 10.912 0 373349505
4 20 7.326 7.326 0 373349505
4 99 10.814 10.814 0 373349505
4 2 7.424 7.424 0 373349505
4 109 204.374 204.374 0 373349505
4 64 5.756 5.756 0 373349505
4 21 202.74 202.74 0 373349505
4 65 19.036 19.036 0 373349505
4 68 394.768 394.768 0 373349505
4 67 6.518 6.518 0 373349505
4 76 203.922 203.922 0 373349505
4 83 9.988 9.988 0 373349505
4 108 202.438 202.438 0 373349505
4 18 18.804 18.804 0 373349505
4 101 10.134 10.134 0 373349505
4 81 19.384 19.384 0 373349505
4 93 11.742 11.742 0 373349505
4 73 32.438 32.438 0 373349505
4 84 204.416 204.416 0 373349505
4 13 20.614 20.614 0 373349505
4 19 16.824 16.824 0 373349505
4 85 20.036 20.036 0 373349505
4 92 40.362 40.362 0 373349505
4 28 34.87 34.87 0 373349505
4 100 11.93 11.93 0 373349505
4 98 9.292 9.292 0 373349505
4 26 56.156 56.156 0 373349505
4 89 25.846 25.846 0 373349505
4 27 203.908 203.908 0 373349505
4 10 11.452 11.452 0 373349505
4 66 12.488 12.488 0 373349505
4 44 6.836 6.836 0 373349505
4 82 11.932 11.932 0 373349505
4 36 6.71 6.71 0 373349505
4 34 10.784 10.784 0 373349505
4 35 61.586 61.586 0 373349505
4 33 13.74 13.74 0 373349505
4 96 13.59 13.59 0 373349505
4 16 23.714 23.714 0 373349505
4 12 18.782 18.782 0 373349505
4 0 202.426 202.426 0 373349505
4 45 7.1 7.1 0 373349505
4 17 9.988 9.988 0 373349505
4 37 8.038 8.038 0 373349505
4 25 13.63 13.63 0 373349505
4 90 13.542 13.542 0 373349505
4 32 202.084 202.084 0 373349505
4 97 6.612 6.612 0 373349505
4 88 30.5 30.5 0 373349505
4 24 19.604 19.604 0 373349505
4 72 227.056 227.056 0 373349505
4 5 8.318 8.318 0 373349505
4 1 10.764 10.764 0 373349505
4 29 6.67 6.67 0 373349505
4 9 13.542 13.542 0 373349505
4 91 6.932 6.932 0 373349505
4 74 10.472 10.472 0 373349505
4 80 6.666 6.666 0 373349505
4 69 9.362 9.362 0 373349505
77 8 8.77 8.77 0 373349505
77 75 59.55 59.55 0 373349505
77 11 236.41 236.41 0 373349505
77 3 15.456 15.456 0 373349505
77 4 14.754 14.754 0 373349505
77 20 9.272 9.272 0 373349505
77 99 12.716 12.716 0 373349505
77 2 8.974 8.974 0 373349505
77 109 61.802 61.802 0 373349505
77 64 5.91 5.91 0 373349505
77 21 24.14 24.14 0 373349505
77 65 13.666 13.666 0 373349505
77 68 27.66 27.66 0 373349505
77 67 235.366 235.366 0 373349505
77 76 13.904 13.904 0 373349505
77 83 21.346 21.346 0 373349505
77 108 49.858 49.858 0 373349505
77 18 200.222 200.222 0 373349505
77 101 25.086 25.086 0 373349505
77 81 204.142 204.142 0 373349505
77 93 28.564 28.564 0 373349505
77 73 204.978 204.978 0 373349505
77 84 39.058 39.058 0 373349505
77 13 400.882 400.882 0 373349505
77 19 94.668 94.668 0 373349505
77 85 201.134 201.134 0 373349505
77 92 29.554 29.554 0 373349505
77 28 201.156 201.156 0 373349505
77 100 25.198 25.198 0 373349505
77 98 21.756 21.756 0 373349505
77 26 13.952 13.952 0 373349505
77 89 14.058 14.058 0 373349505
77 27 92.582 92.582 0 373349505
77 10 209.314 209.314 0 373349505
77 66 12.444 12.444 0 373349505
77 44 8.226 8.226 0 373349505
77 82 12.314 12.314 0 373349505
77 36 8.704 8.704 0 373349505
77 34 12.732 12.732 0 373349505
77 35 7.47 7.47 0 373349505
77 33 61.384 61.384 0 373349505
77 96 6.892 6.892 0 373349505
77 16 24.522 24.522 0 373349505
77 12 23.916 23.916 0 373349505
77 0 28.29 28.29 0 373349505
77 45 202.658 202.658 0 373349505
77 17 66.126 66.126 0 373349505
77 37 9.668 9.668 0 373349505
77 25 45.958 45.958 0 373349505
77 90 8.746 8.746 0 373349505
77 32 12.72 12.72 0 373349505
77 97 14.868 14.868 0 373349505
77 88 13.876 13.876 0 373349505
77 24 8.754 8.754 0 373349505
77 72 25.798 25.798 0 373349505
77 5 200.708 200.708 0 373349505
77 1 58.966 58.966 0 373349505
77 29 8.71 8.71 0 373349505
77 9 12.738 12.738 0 373349505
77 91 9.024 9.024 0 373349505
77 74 12.618 12.618 0 373349505
77 80 33.37 33.37 0 373349505
77 69 12.822 12.822 0 373349505
20 8 5.358 5.358 0 373349505
20 75 8.416 8.416 0 373349505
20 11 59.958 59.958 0 373349505
20 3 10.714 10.714 0 373349505
20 4 7.102 7.102 0 373349505
20 77 12.072 12.072 0 373349505
20 99 9.25 9.25 0 373349505
20 2 5.638 5.638 0 373349505
20 109 7.452 7.452 0 373349505
20 64 3.19 3.19 0 373349505
20 21 13.866 13.866 0 373349505
20 65 18.868 18.868 0 373349505
20 68 213.874 213.874 0 373349505
20 67 6.212 6.212 0 373349505
20 76 9.192 9.192 0 373349505
20 83 7.566 7.566 0 373349505
20 108 9.062 9.062 0 373349505
20 18 4.936 4.936 0 373349505
20 101 217.048 217.048 0 373349505
20 81 5.422 5.422 0 373349505
20 93 202.598 202.598 0 373349505
20 73 18.982 18.982 0 373349505
20 84 395.346 395.346 0 373349505
20 13 7.108 7.108 0 373349505
20 19 207.466 207.466 0 373349505
20 85 5.214 5.214 0 373349505
20 92 211.622 211.622 0 373349505
20 28 6.066 6.066 0 373349505
20 100 202.354 202.354 0 373349505
20 98 21.566 21.566 0 373349505
20 26 16.948 16.948 0 373349505
20 89 19.42 19.42 0 373349505
20 27 9.262 9.262 0 373349505
20 10 32.736 32.736 0 373349505
20 66 201.494 201.494 0 373349505
20 44 19.338 19.338 0 373349505
20 82 8.202 8.202 0 373349505
20 36 18.234 18.234 0 373349505
20 34 27.524 27.524 0 373349505
20 35 23.41 23.41 0 373349505
20 33 8.994 8.994 0 373349505
20 96 4.818 4.818 0 373349505
20 16 14.122 14.122 0 373349505
20 12 18.37 18.37 0 373349505
20 0 201.736 201.736 0 373349505
20 45 6.51 6.51 0 373349505
20 17 8.556 8.556 0 373349505
20 37 6.302 6.302 0 373349505
20 25 25.568 25.568 0 373349505
20 90 5.794 5.794 0 373349505
20 32 8.75 8.75 0 373349505
20 97 4.892 4.892 0 373349505
20 88 31.504 31.504 0 373349505
20 24 18.148 18.148 0 373349505
20 72 200.526 200.526 0 373349505
20 5 14.458 14.458 0 373349505
20 1 8.482 8.482 0 373349505
20 29 79.002 79.002 0 373349505
20 9 52.45 52.45 0 373349505
20 91 4.942 4.942 0 373349505
20 74 8.196 8.196 0 373349505
20 80 5.38 5.38 0 373349505
20 69 32.78 32.78 0 373349505
99 8 9.108 9.108 0 373349505
99 75 11.856 11.856 0 373349505
99 11 48.514 48.514 0 373349505
99 3 14.366 14.366 0 373349505
99 4 10.566 10.566 0 373349505
99 77 12.278 12.278 0 373349505
99 20 12.216 12.216 0 373349505
99 2 9.34 9.34 0 373349505
99 109 12.456 12.456 0 373349505
99 64 8.236 8.236 0 373349505
99 21 12.464 12.464 0 373349505
99 65 8.142 8.142 0 373349505
99 68 25.468 25.468 0 373349505
99 67 212.766 212.766 0 373349505
99 76 12.69 12.69 0 373349505
99 83 20.542 20.542 0 373349505
99 108 12.274 12.274 0 373349505
99 18 40.982 40.982 0 373349505
99 101 12.292 12.292 0 373349505
99 81 10.544 10.544 0 373349505
99 93 11.566 11.566 0 373349505
99 73 26.654 26.654 0 373349505
99 84 29.148 29.148 0 373349505
99 13 214.66 214.66 0 373349505
99 19 19.564 19.564 0 373349505
99 85 10.812 10.812 0 373349505
99 92 16.534 16.534 0 373349505
99 28 8.8 8.8 0 373349505
99 100 12.3 12.3 0 373349505
99 98 213.492 213.492 0 373349505
99 26 26.29 26.29 0 373349505
99 89 207.398 207.398 0 373349505
99 27 25.462 25.462 0 373349505
99 10 203.158 203.158 0 373349505
99 66 38.088 38.088 0 373349505
99 44 392.194 392.194 0 373349505
99 82 24.98 24.98 0 373349505
99 36 200.318 200.318 0 373349505
99 34 25.622 25.622 0 373349505
99 35 200.612 200.612 0 373349505
99 33 25.446 25.446 0 373349505
99 96 29.512 29.512 0 373349505
99 16 12.282 12.282 0 373349505
99 12 9.102 9.102 0 373349505
99 0 40.592 40.592 0 373349505
99 45 208.04 208.04 0 373349505
99 17 12.576 12.576 0 373349505
99 37 9.686 9.686 0 373349505
99 25 12.756 12.756 0 373349505
99 90 30.072 30.072 0 373349505
99 32 12.294 12.294 0 373349505
99 97 10.814 10.814 0 373349505
99 88 10.144 10.144 0 373349505
99 24 22.578 22.578 0 373349505
99 72 28.428 28.428 0 373349505
99 5 203.518 203.518 0 373349505
99 1 14.452 14.452 0 373349505
99 29 33.982 33.982 0 373349505
99 9 12.85 12.85 0 373349505
99 91 8.848 8.848 0 373349505
99 74 105.588 105.588 0 373349505
99 80 8.336 8.336 0 373349505
99 69 12.682 12.682 0 373349505
2 8 16.386 16.386 0 373349505
2 75 8.462 8.462 0 373349505
2 11 119.71 119.71 0 373349505
2 3 241.352 241.352 0 373349505
2 4 7.262 7.262 0 373349505
2 77 9.604 9.604 0 373349505
2 20 5.82 5.82 0 373349505
2 99 13.032 13.032 0 373349505
2 109 9.268 9.268 0 373349505
2 64 11.728 11.728 0 373349505
2 21 9.582 9.582 0 373349505
2 65 18.126 18.126 0 373349505
2 68 201.096 201.096 0 373349505
2 67 5.68 5.68 0 373349505
2 76 9.128 9.128 0 373349505
2 83 8.122 8.122 0 373349505
2 108 8.948 8.948 0 373349505
2 18 5.298 5.298 0 373349505
2 101 8.944 8.944 0 373349505
2 81 5.792 5.792 0 373349505
2 93 11.79 11.79 0 373349505
2 73 22.892 22.892 0 373349505
2 84 203.756 203.756 0 373349505
2 13 7.644 7.644 0 373349505
2 19 16.066 16.066 0 373349505
2 85 5.71 5.71 0 373349505
2 92 21.046 21.046 0 373349505
2 28 5.524 5.524 0 373349505
2 100 9.722 9.722 0 373349505
2 98 8.24 8.24 0 373349505
2 26 208.224 208.224 0 373349505
2 89 7.032 7.032 0 373349505
2 27 203.68 203.68 0 373349505
2 10 20.752 20.752 0 373349505
2 66 392.184 392.184 0 373349505
2 44 4.444 4.444 0 373349505
2 82 200 200 0 373349505
2 36 5.612 5.612 0 373349505
2 34 213.7 213.7 0 373349505
2 35 4.986 4.986 0 373349505
2 33 200.476 200.476 0 373349505
2 96 18.822 18.822 0 373349505
2 16 9.088 9.088 0 373349505
2 12 32.246 32.246 0 373349505
2 0 200.766 200.766 0 373349505
2 45 18.712 18.712 0 373349505
2 17 8 8 0 373349505
2 37 18.694 18.694 0 373349505
2 25 9.736 9.736 0 373349505
2 90 18.968 18.968 0 373349505
2 32 26.654 26.654 0 373349505
2 97 22.148 22.148 0 373349505
2 88 28.88 28.88 0 373349505
2 24 22.402 22.402 0 373349505
2 72 202.574 202.574 0 373349505
2 5 5.972 5.972 0 373349505
2 1 9.496 9.496 0 373349505
2 29 5.03 5.03 0 373349505
2 9 37.278 37.278 0 373349505
2 91 6.14 6.14 0 373349505
2 74 9.474 9.474 0 373349505
2 80 5.544 5.544 0 373349505
2 69 12.018 12.018 0 373349505
109 8 6.25 6.25 0 373349505
109 75 23.598 23.598 0 373349505
109 11 43.394 43.394 0 373349505
109 3 27.478 27.478 0 373349505
109 4 206.326 206.326 0 373349505
109 77 68.438 68.438 0 373349505
109 20 8.076 8.076 0 373349505
109 99 14.714 14.714 0 373349505
109 2 12.282 12.282 0 373349505
109 64 8.902 8.902 0 373349505
109 21 12.642 12.642 0 373349505
109 65 8.126 8.126 0 373349505
109 68 24.964 24.964 0 373349505
109 67 200.548 200.548 0 373349505
109 76 12.796 12.796 0 373349505
109 83 22.238 22.238 0 373349505
109 108 12.226 12.226 0 373349505
109 18 8.122 8.122 0 373349505
109 101 12.1 12.1 0 373349505
109 81 12.364 12.364 0 373349505
109 93 13.68 13.68 0 373349505
109 73 45.766 45.766 0 373349505
109 84 26.456 26.456 0 373349505
109 13 210.594 210.594 0 373349505
109 19 17.882 17.882 0 373349505
109 85 9.094 9.094 0 373349505
109 92 16.516 16.516 0 373349505
109 28 8.928 8.928 0 373349505
109 100 12.44 12.44 0 373349505
109 98 21.556 21.556 0 373349505
109 26 13.06 13.06 0 373349505
109 89 11.416 11.416 0 373349505
109 27 23.422 23.422 0 373349505
109 10 14.706 14.706 0 373349505
109 66 27.992 27.992 0 373349505
109 44 201.538 201.538 0 373349505
109 82 13.172 13.172 0 373349505
109 36 8.192 8.192 0 373349505
109 34 12.672 12.672 0 373349505
109 35 21.034 21.034 0 373349505
109 33 12.652 12.652 0 373349505
109 96 201.134 201.134 0 373349505
109 16 25.012 25.012 0 373349505
109 12 200.948 200.948 0 373349505
109 0 38.026 38.026 0 373349505
109 45 393.246 393.246 0 373349505
109 17 25.14 25.14 0 373349505
109 37 201.688 201.688 0 373349505
109 25 25.596 25.596 0 373349505
109 90 201.044 201.044 0 373349505
109 32 25.726 25.726 0 373349505
109 97 205.116 205.116 0 373349505
109 88 25.364 25.364 0 373349505
109 24 8.526 8.526 0 373349505
109 72 25.396 25.396 0 373349505
109 5 200.598 200.598 0 373349505
109 1 27.926 27.926 0 373349505
109 29 15.09 15.09 0 373349505
109 9 12.824 12.824 0 373349505
109 91 39.802 39.802 0 373349505
109 74 12.454 12.454 0 373349505
109 80 10.306 10.306 0 373349505
109 69 12.53 12.53 0 373349505
64 8 21.87 21.87 0 373349505
64 75 13.854 13.854 0 373349505
64 11 56.632 56.632 0 373349505
64 3 217.838 217.838 0 373349505
64 4 6.584 6.584 0 373349505
64 77 8.914 8.914 0 373349505
64 20 4.188 4.188 0 373349505
64 99 8.244 8.244 0 373349505
64 2 16.472 16.472 0 373349505
64 109 12.408 12.408 0 373349505
64 21 50.73 50.73 0 373349505
64 65 16.944 16.944 0 373349505
64 68 200.158 200.158 0 373349505
64 67 4.488 4.488 0 373349505
64 76 8.98 8.98 0 373349505
64 83 87.278 87.278 0 373349505
64 108 8.262 8.262 0 373349505
64 18 4.14 4.14 0 373349505
64 101 8.356 8.356 0 373349505
64 81 4.496 4.496 0 373349505
64 93 26.316 26.316 0 373349505
64 73 4.484 4.484 0 373349505
64 84 10.384 10.384 0 373349505
64 13 18.022 18.022 0 373349505
64 19 207.06 207.06 0 373349505
64 85 4.28 4.28 0 373349505
64 92 18.998 18.998 0 373349505
64 28 4.3 4.3 0 373349505
64 100 8.644 8.644 0 373349505
64 98 7.322 7.322 0 373349505
64 26 15.618 15.618 0 373349505
64 89 4.612 4.612 0 373349505
64 27 13.238 13.238 0 373349505
64 10 21.814 21.814 0 373349505
64 66 201.184 201.184 0 373349505
64 44 5.144 5.144 0 373349505
64 82 8.166 8.166 0 373349505
64 36 4.166 4.166 0 373349505
64 34 8.136 8.136 0 373349505
64 35 4.982 4.982 0 373349505
64 33 8.55 8.55 0 373349505
64 96 5.194 5.194 0 373349505
64 16 199.964 199.964 0 373349505
64 12 17.068 17.068 0 373349505
64 0 392.342 392.342 0 373349505
64 45 5.212 5.212 0 373349505
64 17 200.15 200.15 0 373349505
64 37 5.346 5.346 0 373349505
64 25 200.32 200.32 0 373349505
64 90 4.424 4.424 0 373349505
64 32 217.076 217.076 0 373349505
64 97 4.28 4.28 0 373349505
64 88 218.474 218.474 0 373349505
64 24 17.186 17.186 0 373349505
64 72 8.226 8.226 0 373349505
64 5 31.6 31.6 0 373349505
64 1 200.096 200.096 0 373349505
64 29 17.064 17.064 0 373349505
64 9 11.418 11.418 0 373349505
64 91 17.174 17.174 0 373349505
64 74 32.282 32.282 0 373349505
64 80 16.582 16.582 0 373349505
64 69 26.058 26.058 0 373349505
21 8 202.338 202.338 0 373349505
21 75 24.814 24.814 0 373349505
21 11 71.25 71.25 0 373349505
21 3 25.494 25.494 0 373349505
21 4 202.454 202.454 0 373349505
21 77 27.292 27.292 0 373349505
21 20 14.844 14.844 0 373349505
21 99 12.462 12.462 0 373349505
21 2 9 9 0 373349505
21 109 14.566 14.566 0 373349505
21 64 31.918 31.918 0 373349505
21 65 23.072 23.072 0 373349505
21 68 28.168 28.168 0 373349505
21 67 203.65 203.65 0 373349505
21 76 14.806 14.806 0 373349505
21 83 25.348 25.348 0 373349505
21 108 12.418 12.418 0 373349505
21 18 8.234 8.234 0 373349505
21 101 12.196 12.196 0 373349505
21 81 12.002 12.002 0 373349505
21 93 13.528 13.528 0 373349505
21 73 12.702 12.702 0 373349505
21 84 76.938 76.938 0 373349505
21 13 18.836 18.836 0 373349505
21 19 30.754 30.754 0 373349505
21 85 233.71 233.71 0 373349505
21 92 16.514 16.514 0 373349505
21 28 8.904 8.904 0 373349505
21 100 12.344 12.344 0 373349505
21 98 21.698 21.698 0 373349505
21 26 13.668 13.668 0 373349505
21 89 13.72 13.72 0 373349505
21 27 12.672 12.672 0 373349505
21 10 11.74 11.74 0 373349505
21 66 25.106 25.106 0 373349505
21 44 200.238 200.238 0 373349505
21 82 12.414 12.414 0 373349505
21 36 8.324 8.324 0 373349505
21 34 12.248 12.248 0 373349505
21 35 33.586 33.586 0 373349505
21 33 12.714 12.714 0 373349505
21 96 8.094 8.094 0 373349505
21 16 9.836 9.836 0 373349505
21 12 22.894 22.894 0 373349505
21 0 28.228 28.228 0 373349505
21 45 204.216 204.216 0 373349505
21 17 14.118 14.118 0 373349505
21 37 10.34 10.34 0 373349505
21 25 12.412 12.412 0 373349505
21 90 8.514 8.514 0 373349505
21 32 12.576 12.576 0 373349505
21 97 14.494 14.494 0 373349505
21 88 12.314 12.314 0 373349505
21 24 200.228 200.228 0 373349505
21 72 25.106 25.106 0 373349505
21 5 200.5 200.5 0 373349505
21 1 37.892 37.892 0 373349505
21 29 392.174 392.174 0 373349505
21 9 25.302 25.302 0 373349505
21 91 202.042 202.042 0 373349505
21 74 25.752 25.752 0 373349505
21 80 200.338 200.338 0 373349505
21 69 25.022 25.022 0 373349505
65 8 4.23 4.23 0 373349505
65 75 200.454 200.454 0 373349505
65 11 55.016 55.016 0 373349505
65 3 200.278 200.278 0 373349505
65 4 18.792 18.792 0 373349505
65 77 10.282 10.282 0 373349505
65 20 17.84 17.84 0 373349505
65 99 8.172 8.172 0 373349505
65 2 17.736 17.736 0 373349505
65 109 8.124 8.124 0 373349505
65 64 18.476 18.476 0 373349505
65 21 29.85 29.85 0 373349505
65 68 201.526 201.526 0 373349505
65 67 5.632 5.632 0 373349505
65 76 9.56 9.56 0 373349505
65 83 17.03 17.03 0 373349505
65 108 8.124 8.124 0 373349505
65 18 4.042 4.042 0 373349505
65 101 50.236 50.236 0 373349505
65 81 4.418 4.418 0 373349505
65 93 9.518 9.518 0 373349505
65 73 4.408 4.408 0 373349505
65 84 10.332 10.332 0 373349505
65 13 18.52 18.52 0 373349505
65 19 205.702 205.702 0 373349505
65 85 4.8 4.8 0 373349505
65 92 18.894 18.894 0 373349505
65 28 4.288 4.288 0 373349505
65 100 9 9 0 373349505
65 98 7.284 7.284 0 373349505
65 26 15.63 15.63 0 373349505
65 89 5.602 5.602 0 373349505
65 27 8.364 8.364 0 373349505
65 10 21.4 21.4 0 373349505
65 66 212.586 212.586 0 373349505
65 44 5.814 5.814 0 373349505
65 82 8.218 8.218 0 373349505
65 36 4.084 4.084 0 373349505
65 34 9.54 9.54 0 373349505
65 35 56.442 56.442 0 373349505
65 33 32.58 32.58 0 373349505
65 96 4.44 4.44 0 373349505
65 16 7.056 7.056 0 373349505
65 12 28.07 28.07 0 373349505
65 0 202.652 202.652 0 373349505
65 45 6.094 6.094 0 373349505
65 17 8.032 8.032 0 373349505
65 37 5.142 5.142 0 373349505
65 25 8.154 8.154 0 373349505
65 90 4.34 4.34 0 373349505
65 32 8.13 8.13 0 373349505
65 97 11.118 11.118 0 373349505
65 88 27.692 27.692 0 373349505
65 24 4.144 4.144 0 373349505
65 72 199.898 199.898 0 373349505
65 5 16.936 16.936 0 373349505
65 1 392.068 392.068 0 373349505
65 29 4.188 4.188 0 373349505
65 9 203.312 203.312 0 373349505
65 91 4.19 4.19 0 373349505
65 74 203.346 203.346 0 373349505
65 80 4.038 4.038 0 373349505
65 69 200.254 200.254 0 373349505
68 8 8.714 8.714 0 373349505
68 75 12.218 12.218 0 373349505
68 11 220.662 220.662 0 373349505
68 3 38.092 38.092 0 373349505
68 4 394.284 394.284 0 373349505
68 77 24.774 24.774 0 373349505
68 20 224.904 224.904 0 373349505
68 99 25.338 25.338 0 373349505
68 2 200.608 200.608 0 373349505
68 109 24.956 24.956 0 373349505
68 64 201.964 201.964 0 373349505
68 21 25.434 25.434 0 373349505
68 65 204.238 204.238 0 373349505
68 67 201.07 201.07 0 373349505
68 76 12.702 12.702 0 373349505
68 83 20.712 20.712 0 373349505
68 108 27.402 27.402 0 373349505
68 18 14.47 14.47 0 373349505
68 101 12.004 12.004 0 373349505
68 81 11.158 11.158 0 373349505
68 93 13.03 13.03 0 373349505
68 73 10.28 10.28 0 373349505
68 84 24.522 24.522 0 373349505
68 13 24.726 24.726 0 373349505
68 19 33.612 33.612 0 373349505
68 85 202.162 202.162 0 373349505
68 92 17.194 17.194 0 373349505
68 28 8.64 8.64 0 373349505
68 100 12.14 12.14 0 373349505
68 98 54.372 54.372 0 373349505
68 26 13.24 13.24 0 373349505
68 89 13.558 13.558 0 373349505
68 27 12.404 12.404 0 373349505
68 10 12.132 12.132 0 373349505
68 66 25.364 25.364 0 373349505
68 44 212.252 212.252 0 373349505
68 82 12.118 12.118 0 373349505
68 36 8.144 8.144 0 373349505
68 34 12.352 12.352 0 373349505
68 35 8.51 8.51 0 373349505
68 33 12.408 12.408 0 373349505
68 96 9.118 9.118 0 373349505
68 16 12.076 12.076 0 373349505
68 12 8.67 8.67 0 373349505
68 0 25.088 25.088 0 373349505
68 45 201.098 201.098 0 373349505
68 17 62.122 62.122 0 373349505
68 37 9.18 9.18 0 373349505
68 25 12.252 12.252 0 373349505
68 90 8.334 8.334 0 373349505
68 32 12.026 12.026 0 373349505
68 97 13.326 13.326 0 373349505
68 88 10.67 10.67 0 373349505
68 24 5.646 5.646 0 373349505
68 72 23.706 23.706 0 373349505
68 5 11.082 11.082 0 373349505
68 1 27.618 27.618 0 373349505
68 29 201.956 201.956 0 373349505
68 9 13.118 13.118 0 373349505
68 91 8.33 8.33 0 373349505
68 74 12.264 12.264 0 373349505
68 80 8.066 8.066 0 373349505
68 69 12.046 12.046 0 373349505
67 8 4.526 4.526 0 373349505
67 75 9.034 9.034 0 373349505
67 11 74.38 74.38 0 373349505
67 3 392.574 392.574 0 373349505
67 4 6.486 6.486 0 373349505
67 77 217.816 217.816 0 373349505
67 20 5.278 5.278 0 373349505
67 99 225.144 225.144 0 373349505
67 2 5.548 5.548 0 373349505
67 109 200.602 200.602 0 373349505
67 64 4.588 4.588 0 373349505
67 21 201.262 201.262 0 373349505
67 65 6.814 6.814 0 373349505
67 68 204.614 204.614 0 373349505
67 76 201.274 201.274 0 373349505
67 83 20.15 20.15 0 373349505
67 108 8.85 8.85 0 373349505
67 18 17.374 17.374 0 373349505
67 101 8.866 8.866 0 373349505
67 81 17.276 17.276 0 373349505
67 93 9.92 9.92 0 373349505
67 73 16.89 16.89 0 373349505
67 84 50.592 50.592 0 373349505
67 13 47.658 47.658 0 373349505
67 19 207.158 207.158 0 373349505
67 85 5.862 5.862 0 373349505
67 92 61.058 61.058 0 373349505
67 28 4.716 4.716 0 373349505
67 100 9.196 9.196 0 373349505
67 98 7.886 7.886 0 373349505
67 26 16.342 16.342 0 373349505
67 89 6.108 6.108 0 373349505
67 27 9.844 9.844 0 373349505
67 10 21.89 21.89 0 373349505
67 66 204.068 204.068 0 373349505
67 44 5.434 5.434 0 373349505
67 82 8.646 8.646 0 373349505
67 36 4.776 4.776 0 373349505
67 34 8.628 8.628 0 373349505
67 35 5.232 5.232 0 373349505
67 33 8.942 8.942 0 373349505
67 96 5.986 5.986 0 373349505
67 16 8.578 8.578 0 373349505
67 12 4.822 4.822 0 373349505
67 0 8.996 8.996 0 373349505
67 45 18.326 18.326 0 373349505
67 17 200.516 200.516 0 373349505
67 37 7.482 7.482 0 373349505
67 25 9.07 9.07 0 373349505
67 90 5.344 5.344 0 373349505
67 32 8.816 8.816 0 373349505
67 97 4.98 4.98 0 373349505
67 88 47.398 47.398 0 373349505
67 24 4.28 4.28 0 373349505
67 72 14.3 14.3 0 373349505
67 5 18.97 18.97 0 373349505
67 1 202.028 202.028 0 373349505
67 29 111.866 111.866 0 373349505
67 9 12.326 12.326 0 373349505
67 91 5.358 5.358 0 373349505
67 74 21.476 21.476 0 373349505
67 80 4.982 4.982 0 373349505
67 69 9.194 9.194 0 373349505
76 8 6.464 6.464 0 373349505
76 75 10.262 10.262 0 373349505
76 11 88.886 88.886 0 373349505
76 3 28.916 28.916 0 373349505
76 4 207.698 207.698 0 373349505
76 77 13.142 13.142 0 373349505
76 20 9.15 9.15 0 373349505
76 99 12.786 12.786 0 373349505
76 2 9.008 9.008 0 373349505
76 109 12.914 12.914 0 373349505
76 64 9.398 9.398 0 373349505
76 21 13.698 13.698 0 373349505
76 65 8.668 8.668 0 373349505
76 68 14.732 14.732 0 373349505
76 67 205.134 205.134 0 373349505
76 83 406.38 406.38 0 373349505
76 108 25.67 25.67 0 373349505
76 18 200.698 200.698 0 373349505
76 101 25.512 25.512 0 373349505
76 81 204.622 204.622 0 373349505
76 93 27.084 27.084 0 373349505
76 73 205.27 205.27 0 373349505
76 84 26.73 26.73 0 373349505
76 13 211.646 211.646 0 373349505
76 19 44.144 44.144 0 373349505
76 85 201.908 201.908 0 373349505
76 92 17.42 17.42 0 373349505
76 28 9.932 9.932 0 373349505
76 100 28.578 28.578 0 373349505
76 98 28.98 28.98 0 373349505
76 26 13.842 13.842 0 373349505
76 89 13.61 13.61 0 373349505
76 27 10.786 10.786 0 373349505
76 10 27.284 27.284 0 373349505
76 66 29.048 29.048 0 373349505
76 44 261.438 261.438 0 373349505
76 82 15.534 15.534 0 373349505
76 36 10.15 10.15 0 373349505
76 34 13.356 13.356 0 373349505
76 35 9.972 9.972 0 373349505
76 33 14.332 14.332 0 373349505
76 96 10.212 10.212 0 373349505
76 16 13.314 13.314 0 373349505
76 12 29.352 29.352 0 373349505
76 0 13.84 13.84 0 373349505
76 45 10.606 10.606 0 373349505
76 17 26.284 26.284 0 373349505
76 37 202.572 202.572 0 373349505
76 25 14.284 14.284 0 373349505
76 90 9.976 9.976 0 373349505
76 32 13.618 13.618 0 373349505
76 97 36.31 36.31 0 373349505
76 88 13.29 13.29 0 373349505
76 24 9.746 9.746 0 373349505
76 72 13.702 13.702 0 373349505
76 5 9.774 9.774 0 373349505
76 1 26.508 26.508 0 373349505
76 29 205.108 205.108 0 373349505
76 9 13.814 13.814 0 373349505
76 91 10.314 10.314 0 373349505
76 74 133.378 133.378 0 373349505
76 80 21.906 21.906 0 373349505
76 69 13.234 13.234 0 373349505
83 8 7.196 7.196 0 373349505
83 75 20.7 20.7 0 373349505
83 11 174.152 174.152 0 373349505
83 3 215.292 215.292 0 373349505
83 4 9.858 9.858 0 373349505
83 77 22.214 22.214 0 373349505
83 20 7.278 7.278 0 373349505
83 99 20.492 20.492 0 373349505
83 2 6.962 6.962 0 373349505
83 109 22.238 22.238 0 373349505
83 64 82.07 82.07 0 373349505
83 21 23.556 23.556 0 373349505
83 65 13.798 13.798 0 373349505
83 68 20.698 20.698 0 373349505
83 67 21.904 21.904 0 373349505
83 76 409.636 409.636 0 373349505
83 108 215.314 215.314 0 373349505
83 18 114.156 114.156 0 373349505
83 101 213.104 213.104 0 373349505
83 81 13.644 13.644 0 373349505
83 93 213.958 213.958 0 373349505
83 73 7.186 7.186 0 373349505
83 84 215.992 215.992 0 373349505
83 13 20.91 20.91 0 373349505
83 19 410.48 410.48 0 373349505
83 85 125.758 125.758 0 373349505
83 92 31.93 31.93 0 373349505
83 28 20.178 20.178 0 373349505
83 100 21.558 21.558 0 373349505
83 98 23.118 23.118 0 373349505
83 26 28.542 28.542 0 373349505
83 89 31.76 31.76 0 373349505
83 27 17.842 17.842 0 373349505
83 10 100.194 100.194 0 373349505
83 66 273.584 273.584 0 373349505
83 44 25.794 25.794 0 373349505
83 82 44.314 44.314 0 373349505
83 36 6.372 6.372 0 373349505
83 34 20.354 20.354 0 373349505
83 35 7.552 7.552 0 373349505
83 33 19.632 19.632 0 373349505
83 96 44.906 44.906 0 373349505
83 16 21.022 21.022 0 373349505
83 12 7.05 7.05 0 373349505
83 0 21.04 21.04 0 373349505
83 45 20.794 20.794 0 373349505
83 17 214.198 214.198 0 373349505
83 37 7.768 7.768 0 373349505
83 25 21.766 21.766 0 373349505
83 90 72.06 72.06 0 373349505
83 32 22.292 22.292 0 373349505
83 97 6.78 6.78 0 373349505
83 88 44.788 44.788 0 373349505
83 24 6.892 6.892 0 373349505
83 72 20.672 20.672 0 373349505
83 5 19.768 19.768 0 373349505
83 1 213.006 213.006 0 373349505
83 29 61.802 61.802 0 373349505
83 9 24.212 24.212 0 373349505
83 91 8.266 8.266 0 373349505
83 74 21.97 21.97 0 373349505
83 80 13.156 13.156 0 373349505
83 69 21.358 21.358 0 373349505
108 8 11.724 11.724 0 373349505
108 75 11.892 11.892 0 373349505
108 11 63.648 63.648 0 373349505
108 3 25.568 25.568 0 373349505
108 4 202.192 202.192 0 373349505
108 77 54.46 54.46 0 373349505
108 20 8.576 8.576 0 373349505
108 99 12.268 12.268 0 373349505
108 2 8.556 8.556 0 373349505
108 109 12.216 12.216 0 373349505
108 64 7.398 7.398 0 373349505
108 21 12.118 12.118 0 373349505
108 65 5.752 5.752 0 373349505
108 68 23.75 23.75 0 373349505
108 67 11.618 11.618 0 373349505
108 76 30.55 30.55 0 373349505
108 83 221.484 221.484 0 373349505
108 18 8.814 8.814 0 373349505
108 101 12.4 12.4 0 373349505
108 81 11.906 11.906 0 373349505
108 93 13.42 13.42 0 373349505
108 73 12.388 12.388 0 373349505
108 84 13.18 13.18 0 373349505
108 13 20.04 20.04 0 373349505
108 19 30.658 30.658 0 373349505
108 85 393.174 393.174 0 373349505
108 92 29.22 29.22 0 373349505
108 28 200.758 200.758 0 373349505
108 100 25.034 25.034 0 373349505
108 98 213.606 213.606 0 373349505
108 26 26.102 26.102 0 373349505
108 89 230.622 230.622 0 373349505
108 27 25.734 25.734 0 373349505
108 10 203.288 203.288 0 373349505
108 66 38.006 38.006 0 373349505
108 44 392.39 392.39 0 373349505
108 82 24.956 24.956 0 373349505
108 36 8.204 8.204 0 373349505
108 34 12.376 12.376 0 373349505
108 35 8.578 8.578 0 373349505
108 33 27.638 27.638 0 373349505
108 96 15.584 15.584 0 373349505
108 16 10.734 10.734 0 373349505
108 12 11.092 11.092 0 373349505
108 0 23.844 23.844 0 373349505
108 45 12.154 12.154 0 373349505
108 17 27.272 27.272 0 373349505
108 37 203.25 203.25 0 373349505
108 25 13.268 13.268 0 373349505
108 90 8.446 8.446 0 373349505
108 32 12.262 12.262 0 373349505
108 97 13.882 13.882 0 373349505
108 88 12.192 12.192 0 373349505
108 24 8.614 8.614 0 373349505
108 72 12.184 12.184 0 373349505
108 5 8.246 8.246 0 373349505
108 1 25.024 25.024 0 373349505
108 29 200.206 200.206 0 373349505
108 9 12.216 12.216 0 373349505
108 91 8.534 8.534 0 373349505
108 74 12.074 12.074 0 373349505
108 80 8.152 8.152 0 373349505
108 69 12.102 12.102 0 373349505
18 8 5.396 5.396 0 373349505
18 75 8.444 8.444 0 373349505
18 11 25.918 25.918 0 373349505
18 3 8.374 8.374 0 373349505
18 4 18.624 18.624 0 373349505
18 77 200.954 200.954 0 373349505
18 20 4.632 4.632 0 373349505
18 99 24.762 24.762 0 373349505
18 2 4.838 4.838 0 373349505
18 109 8.11 8.11 0 373349505
18 64 3.71 3.71 0 373349505
18 21 8.156 8.156 0 373349505
18 65 3.068 3.068 0 373349505
18 68 13.284 13.284 0 373349505
18 67 18.242 18.242 0 373349505
18 76 203.428 203.428 0 373349505
18 83 120.544 120.544 0 373349505
18 108 12.294 12.294 0 373349505
18 101 8.998 8.998 0 373349505
18 81 4.466 4.466 0 373349505
18 93 9.628 9.628 0 373349505
18 73 4.694 4.694 0 373349505
18 84 10.336 10.336 0 373349505
18 13 17.978 17.978 0 373349505
18 19 222.386 222.386 0 373349505
18 85 4.232 4.232 0 373349505
18 92 210.964 210.964 0 373349505
18 28 4.328 4.328 0 373349505
18 100 201.728 201.728 0 373349505
18 98 7.41 7.41 0 373349505
18 26 210.166 210.166 0 373349505
18 89 7.138 7.138 0 373349505
18 27 241.296 241.296 0 373349505
18 10 8.368 8.368 0 373349505
18 66 200.136 200.136 0 373349505
18 44 16.878 16.878 0 373349505
18 82 391.9 391.9 0 373349505
18 36 16.89 16.89 0 373349505
18 34 8.076 8.076 0 373349505
18 35 29.024 29.024 0 373349505
18 33 8.536 8.536 0 373349505
18 96 17.89 17.89 0 373349505
18 16 48.988 48.988 0 373349505
18 12 15.9 15.9 0 373349505
18 0 13.544 13.544 0 373349505
18 45 31.75 31.75 0 373349505
18 17 219.23 219.23 0 373349505
18 37 23.564 23.564 0 373349505
18 25 8.186 8.186 0 373349505
18 90 4.394 4.394 0 373349505
18 32 8.182 8.182 0 373349505
18 97 4.35 4.35 0 373349505
18 88 31.51 31.51 0 373349505
18 24 4.244 4.244 0 373349505
18 72 24.722 24.722 0 373349505
18 5 17.006 17.006 0 373349505
18 1 200.106 200.106 0 373349505
18 29 4.252 4.252 0 373349505
18 9 23.784 23.784 0 373349505
18 91 4.27 4.27 0 373349505
18 74 8.026 8.026 0 373349505
18 80 4.43 4.43 0 373349505
18 69 8.056 8.056 0 373349505
101 8 10.13 10.13 0 373349505
101 75 12.312 12.312 0 373349505
101 11 28.93 28.93 0 373349505
101 3 12.486 12.486 0 373349505
101 4 9.994 9.994 0 373349505
101 77 24.664 24.664 0 373349505
101 20 232.992 232.992 0 373349505
101 99 12.26 12.26 0 373349505
101 2 8.516 8.516 0 373349505
101 109 12.104 12.104 0 373349505
101 64 8.354 8.354 0 373349505
101 21 12.2 12.2 0 373349505
101 65 29.35 29.35 0 373349505
101 68 12.012 12.012 0 373349505
101 67 8.714 8.714 0 373349505
101 76 25.504 25.504 0 373349505
101 83 213.54 213.54 0 373349505
101 108 14.144 14.144 0 373349505
101 18 12.482 12.482 0 373349505
101 81 33.352 33.352 0 373349505
101 93 13.188 13.188 0 373349505
101 73 11.224 11.224 0 373349505
101 84 129.938 129.938 0 373349505
101 13 35.382 35.382 0 373349505
101 19 33.696 33.696 0 373349505
101 85 203.392 203.392 0 373349505
101 92 18.252 18.252 0 373349505
101 28 12.336 12.336 0 373349505
101 100 13.024 13.024 0 373349505
101 98 21.712 21.712 0 373349505
101 26 13.374 13.374 0 373349505
101 89 13.694 13.694 0 373349505
101 27 12.394 12.394 0 373349505
101 10 11.95 11.95 0 373349505
101 66 12.072 12.072 0 373349505
101 44 8.242 8.242 0 373349505
101 82 24.906 24.906 0 373349505
101 36 391.9 391.9 0 373349505
101 34 24.944 24.944 0 373349505
101 35 200.906 200.906 0 373349505
101 33 25.228 25.228 0 373349505
101 96 201.314 201.314 0 373349505
101 16 25.034 25.034 0 373349505
101 12 202.918 202.918 0 373349505
101 0 25.094 25.094 0 373349505
101 45 201.458 201.458 0 373349505
101 17 37.634 37.634 0 373349505
101 37 393.364 393.364 0 373349505
101 25 24.966 24.966 0 373349505
101 90 9.48 9.48 0 373349505
101 32 13.07 13.07 0 373349505
101 97 12.664 12.664 0 373349505
101 88 27.422 27.422 0 373349505
101 24 13.444 13.444 0 373349505
101 72 9.56 9.56 0 373349505
101 5 22.252 22.252 0 373349505
101 1 27.882 27.882 0 373349505
101 29 202.632 202.632 0 373349505
101 9 14.514 14.514 0 373349505
101 91 21.59 21.59 0 373349505
101 74 11.982 11.982 0 373349505
101 80 53.73 53.73 0 373349505
101 69 12.328 12.328 0 373349505
81 8 4.798 4.798 0 373349505
81 75 13.672 13.672 0 373349505
81 11 41.512 41.512 0 373349505
81 3 12.228 12.228 0 373349505
81 4 19.162 19.162 0 373349505
81 77 204.702 204.702 0 373349505
81 20 5.138 5.138 0 373349505
81 99 12.04 12.04 0 373349505
81 2 5.726 5.726 0 373349505
81 109 12.594 12.594 0 373349505
81 64 4.516 4.516 0 373349505
81 21 12.05 12.05 0 373349505
81 65 4.43 4.43 0 373349505
81 68 12.07 12.07 0 373349505
81 67 17.618 17.618 0 373349505
81 76 204.46 204.46 0 373349505
81 83 17.098 17.098 0 373349505
81 108 11.952 11.952 0 373349505
81 18 6.576 6.576 0 373349505
81 101 57.668 57.668 0 373349505
81 93 13.936 13.936 0 373349505
81 73 4.252 4.252 0 373349505
81 84 14.334 14.334 0 373349505
81 13 22.976 22.976 0 373349505
81 19 210.158 210.158 0 373349505
81 85 5.638 5.638 0 373349505
81 92 23.536 23.536 0 373349505
81 28 5.332 5.332 0 373349505
81 100 26.034 26.034 0 373349505
81 98 7.728 7.728 0 373349505
81 26 19.444 19.444 0 373349505
81 89 5.91 5.91 0 373349505
81 27 12.348 12.348 0 373349505
81 10 8.452 8.452 0 373349505
81 66 12.146 12.146 0 373349505
81 44 17.34 17.34 0 373349505
81 82 203.908 203.908 0 373349505
81 36 4.542 4.542 0 373349505
81 34 203.71 203.71 0 373349505
81 35 59.128 59.128 0 373349505
81 33 204.72 204.72 0 373349505
81 96 5.538 5.538 0 373349505
81 16 203.85 203.85 0 373349505
81 12 4.52 4.52 0 373349505
81 0 204.088 204.088 0 373349505
81 45 25.02 25.02 0 373349505
81 17 395.926 395.926 0 373349505
81 37 7.356 7.356 0 373349505
81 25 204.132 204.132 0 373349505
81 90 17.77 17.77 0 373349505
81 32 11.98 11.98 0 373349505
81 97 17.458 17.458 0 373349505
81 88 31.604 31.604 0 373349505
81 24 23.46 23.46 0 373349505
81 72 10.994 10.994 0 373349505
81 5 34.852 34.852 0 373349505
81 1 204.996 204.996 0 373349505
81 29 18.384 18.384 0 373349505
81 9 34.274 34.274 0 373349505
81 91 23.03 23.03 0 373349505
81 74 11.914 11.914 0 373349505
81 80 4.554 4.554 0 373349505
81 69 37.954 37.954 0 373349505
93 8 10.276 10.276 0 373349505
93 75 26.324 26.324 0 373349505
93 11 45.056 45.056 0 373349505
93 3 24.422 24.422 0 373349505
93 4 14.478 14.478 0 373349505
93 77 30.44 30.44 0 373349505
93 20 203.416 203.416 0 373349505
93 99 14.5 14.5 0 373349505
93 2 12.654 12.654 0 373349505
93 109 13.72 13.72 0 373349505
93 64 42.528 42.528 0 373349505
93 21 13.524 13.524 0 373349505
93 65 9.516 9.516 0 373349505
93 68 13.318 13.318 0 373349505
93 67 9.93 9.93 0 373349505
93 76 26.864 26.864 0 373349505
93 83 214.028 214.028 0 373349505
93 108 13.416 13.416 0 373349505
93 18 9.594 9.594 0 373349505
93 101 15.48 15.48 0 373349505
93 81 17.58 17.58 0 373349505
93 73 14.356 14.356 0 373349505
93 84 14.724 14.724 0 373349505
93 13 19.046 19.046 0 373349505
93 19 31.794 31.794 0 373349505
93 85 202.644 202.644 0 373349505
93 92 17.514 17.514 0 373349505
93 28 34.892 34.892 0 373349505
93 100 14.278 14.278 0 373349505
93 98 35.39 35.39 0 373349505
93 26 14.344 14.344 0 373349505
93 89 15.038 15.038 0 373349505
93 27 12.316 12.316 0 373349505
93 10 11.836 11.836 0 373349505
93 66 24.892 24.892 0 373349505
93 44 12.668 12.668 0 373349505
93 82 28.498 28.498 0 373349505
93 36 203.58 203.58 0 373349505
93 34 14.58 14.58 0 373349505
93 35 9.978 9.978 0 373349505
93 33 13.67 13.67 0 373349505
93 96 10.59 10.59 0 373349505
93 16 13.318 13.318 0 373349505
93 12 10.166 10.166 0 373349505
93 0 13.49 13.49 0 373349505
93 45 10.588 10.588 0 373349505
93 17 78.414 78.414 0 373349505
93 37 202.666 202.666 0 373349505
93 25 13.498 13.498 0 373349505
93 90 206.342 206.342 0 373349505
93 32 26.204 26.204 0 373349505
93 97 205.876 205.876 0 373349505
93 88 26.198 26.198 0 373349505
93 24 201.704 201.704 0 373349505
93 72 26.346 26.346 0 373349505
93 5 201.9 201.9 0 373349505
93 1 38.95 38.95 0 373349505
93 29 393.642 393.642 0 373349505
93 9 26.204 26.204 0 373349505
93 91 201.85 201.85 0 373349505
93 74 25.89 25.89 0 373349505
93 80 9.514 9.514 0 373349505
93 69 13.35 13.35 0 373349505
73 8 17.744 17.744 0 373349505
73 75 11.974 11.974 0 373349505
73 11 87.052 87.052 0 373349505
73 3 17.596 17.596 0 373349505
73 4 33.148 33.148 0 373349505
73 77 206.514 206.514 0 373349505
73 20 19.37 19.37 0 373349505
73 99 30.806 30.806 0 373349505
73 2 23.804 23.804 0 373349505
73 109 29.526 29.526 0 373349505
73 64 4.488 4.488 0 373349505
73 21 12.808 12.808 0 373349505
73 65 4.436 4.436 0 373349505
73 68 13.172 13.172 0 373349505
73 67 17.68 17.68 0 373349505
73 76 205.076 205.076 0 373349505
73 83 7.214 7.214 0 373349505
73 108 12.404 12.404 0 373349505
73 18 4.71 4.71 0 373349505
73 101 12.47 12.47 0 373349505
73 81 6.946 6.946 0 373349505
73 93 18.006 18.006 0 373349505
73 84 15.004 15.004 0 373349505
73 13 15.392 15.392 0 373349505
73 19 18.004 18.004 0 373349505
73 85 17.338 17.338 0 373349505
73 92 273.412 273.412 0 373349505
73 28 4.614 4.614 0 373349505
73 100 37.08 37.08 0 373349505
73 98 7.636 7.636 0 373349505
73 26 19.824 19.824 0 373349505
73 89 5.79 5.79 0 373349505
73 27 12.022 12.022 0 373349505
73 10 7.636 7.636 0 373349505
73 66 34.286 34.286 0 373349505
73 44 18.2 18.2 0 373349505
73 82 205.168 205.168 0 373349505
73 36 5.458 5.458 0 373349505
73 34 12.082 12.082 0 373349505
73 35 5.476 5.476 0 373349505
73 33 12.982 12.982 0 373349505
73 96 5.762 5.762 0 373349505
73 16 12.662 12.662 0 373349505
73 12 4.438 4.438 0 373349505
73 0 12.686 12.686 0 373349505
73 45 18.278 18.278 0 373349505
73 17 204.48 204.48 0 373349505
73 37 5.736 5.736 0 373349505
73 25 12.546 12.546 0 373349505
73 90 4.848 4.848 0 373349505
73 32 204.28 204.28 0 373349505
73 97 4.478 4.478 0 373349505
73 88 224.174 224.174 0 373349505
73 24 4.714 4.714 0 373349505
73 72 216.76 216.76 0 373349505
73 5 4.506 4.506 0 373349505
73 1 220.948 220.948 0 373349505
73 29 128.918 128.918 0 373349505
73 9 399.31 399.31 0 373349505
73 91 6.272 6.272 0 373349505
73 74 204.296 204.296 0 373349505
73 80 17.204 17.204 0 373349505
73 69 12.348 12.348 0 373349505
84 8 206.508 206.508 0 373349505
84 75 24.686 24.686 0 373349505
84 11 238.834 238.834 0 373349505
84 3 104.336 104.336 0 373349505
84 4 204.206 204.206 0 373349505
84 77 38.578 38.578 0 373349505
84 20 394.854 394.854 0 373349505
84 99 26.174 26.174 0 373349505
84 2 202.598 202.598 0 373349505
84 109 26.422 26.422 0 373349505
84 64 10.39 10.39 0 373349505
84 21 71.566 71.566 0 373349505
84 65 9.48 9.48 0 373349505
84 68 25.68 25.68 0 373349505
84 67 63.802 63.802 0 373349505
84 76 29.51 29.51 0 373349505
84 83 219.27 219.27 0 373349505
84 108 15.102 15.102 0 373349505
84 18 11.284 11.284 0 373349505
84 101 127.838 127.838 0 373349505
84 81 17.98 17.98 0 373349505
84 93 14.91 14.91 0 373349505
84 73 18.69 18.69 0 373349505
84 13 20.47 20.47 0 373349505
84 19 18.946 18.946 0 373349505
84 85 11.166 11.166 0 373349505
84 92 145.264 145.264 0 373349505
84 28 203.026 203.026 0 373349505
84 100 13.178 13.178 0 373349505
84 98 23.802 23.802 0 373349505
84 26 14.448 14.448 0 373349505
84 89 15.816 15.816 0 373349505
84 27 13.442 13.442 0 373349505
84 10 15.022 15.022 0 373349505
84 66 128.592 128.592 0 373349505
84 44 10.376 10.376 0 373349505
84 82 27.944 27.944 0 373349505
84 36 202.422 202.422 0 373349505
84 34 13.246 13.246 0 373349505
84 35 10.924 10.924 0 373349505
84 33 13.48 13.48 0 373349505
84 96 11.398 11.398 0 373349505
84 16 103.924 103.924 0 373349505
84 12 9.668 9.668 0 373349505
84 0 10.698 10.698 0 373349505
84 45 44.534 44.534 0 373349505
84 17 29.028 29.028 0 373349505
84 37 205.662 205.662 0 373349505
84 25 15.136 15.136 0 373349505
84 90 11.666 11.666 0 373349505
84 32 89.17 89.17 0 373349505
84 97 13.506 13.506 0 373349505
84 88 13.406 13.406 0 373349505
84 24 31.162 31.162 0 373349505
84 72 13.618 13.618 0 373349505
84 5 22.512 22.512 0 373349505
84 1 13.166 13.166 0 373349505
84 29 35.314 35.314 0 373349505
84 9 130.006 130.006 0 373349505
84 91 202.444 202.444 0 373349505
84 74 111.372 111.372 0 373349505
84 80 204.238 204.238 0 373349505
84 69 25.906 25.906 0 373349505
13 8 12.528 12.528 0 373349505
13 75 208.878 208.878 0 373349505
13 11 196.656 196.656 0 373349505
13 3 212.08 212.08 0 373349505
13 4 20.454 20.454 0 373349505
13 77 401.374 401.374 0 373349505
13 20 6.744 6.744 0 373349505
13 99 211.27 211.27 0 373349505
13 2 6.418 6.418 0 373349505
13 109 210.656 210.656 0 373349505
13 64 18.026 18.026 0 373349505
13 21 19.164 19.164 0 373349505
13 65 18.138 18.138 0 373349505
13 68 19.968 19.968 0 373349505
13 67 42.382 42.382 0 373349505
13 76 212.482 212.482 0 373349505
13 83 22 22 0 373349505
13 108 21.456 21.456 0 373349505
13 18 18.002 18.002 0 373349505
13 101 38.718 38.718 0 373349505
13 81 24.028 24.028 0 373349505
13 93 19.514 19.514 0 373349505
13 73 14.794 14.794 0 373349505
13 84 23.996 23.996 0 373349505
13 19 37.702 37.702 0 373349505
13 85 18.202 18.202 0 373349505
13 92 222.152 222.152 0 373349505
13 28 5.378 5.378 0 373349505
13 100 20.966 20.966 0 373349505
13 98 8.398 8.398 0 373349505
13 26 28.028 28.028 0 373349505
13 89 16.39 16.39 0 373349505
13 27 20.326 20.326 0 373349505
13 10 9.314 9.314 0 373349505
13 66 62.212 62.212 0 373349505
13 44 18.066 18.066 0 373349505
13 82 211.22 211.22 0 373349505
13 36 5.28 5.28 0 373349505
13 34 19.04 19.04 0 373349505
13 35 8.126 8.126 0 373349505
13 33 20.83 20.83 0 373349505
13 96 6.22 6.22 0 373349505
13 16 18.818 18.818 0 373349505
13 12 4.462 4.462 0 373349505
13 0 18.04 18.04 0 373349505
13 45 23.6 23.6 0 373349505
13 17 211.272 211.272 0 373349505
13 37 7.354 7.354 0 373349505
13 25 16.616 16.616 0 373349505
13 90 5.49 5.49 0 373349505
13 32 17.812 17.812 0 373349505
13 97 5.626 5.626 0 373349505
13 88 38.318 38.318 0 373349505
13 24 5.372 5.372 0 373349505
13 72 20.164 20.164 0 373349505
13 5 6.052 6.052 0 373349505
13 1 18.574 18.574 0 373349505
13 29 18.042 18.042 0 373349505
13 9 238.842 238.842 0 373349505
13 91 5.358 5.358 0 373349505
13 74 19.34 19.34 0 373349505
13 80 5.292 5.292 0 373349505
13 69 209.686 209.686 0 373349505
19 8 27.902 27.902 0 373349505
19 75 22.158 22.158 0 373349505
19 11 65.238 65.238 0 373349505
19 3 23.332 23.332 0 373349505
19 4 21.528 21.528 0 373349505
19 77 104.45 104.45 0 373349505
19 20 212 212 0 373349505
19 99 22.932 22.932 0 373349505
19 2 19.774 19.774 0 373349505
19 109 22.854 22.854 0 373349505
19 64 211.81 211.81 0 373349505
19 21 35.72 35.72 0 373349505
19 65 210.68 210.68 0 373349505
19 68 35.576 35.576 0 373349505
19 67 211.056 211.056 0 373349505
19 76 48.974 48.974 0 373349505
19 83 415.45 415.45 0 373349505
19 108 35.618 35.618 0 373349505
19 18 243.576 243.576 0 373349505
19 101 35.644 35.644 0 373349505
19 81 214.13 214.13 0 373349505
19 93 36.818 36.818 0 373349505
19 73 22.922 22.922 0 373349505
19 84 25.41 25.41 0 373349505
19 13 55.964 55.964 0 373349505
19 85 41.686 41.686 0 373349505
19 92 42.36 42.36 0 373349505
19 28 215.61 215.61 0 373349505
19 100 24.394 24.394 0 373349505
19 98 32.174 32.174 0 373349505
19 26 24.336 24.336 0 373349505
19 89 24.146 24.146 0 373349505
19 27 23.484 23.484 0 373349505
19 10 23.91 23.91 0 373349505
19 66 23.236 23.236 0 373349505
19 44 20.168 20.168 0 373349505
19 82 35.898 35.898 0 373349505
19 36 211.764 211.764 0 373349505
19 34 23.466 23.466 0 373349505
19 35 20.302 20.302 0 373349505
19 33 23.596 23.596 0 373349505
19 96 20.76 20.76 0 373349505
19 16 23.336 23.336 0 373349505
19 12 20.372 20.372 0 373349505
19 0 23.178 23.178 0 373349505
19 45 20.802 20.802 0 373349505
19 17 35.616 35.616 0 373349505
19 37 212.84 212.84 0 373349505
19 25 23.07 23.07 0 373349505
19 90 20.152 20.152 0 373349505
19 32 22.758 22.758 0 373349505
19 97 23.346 23.346 0 373349505
19 88 22.806 22.806 0 373349505
19 24 18.926 18.926 0 373349505
19 72 20.668 20.668 0 373349505
19 5 16.714 16.714 0 373349505
19 1 34.268 34.268 0 373349505
19 29 21.964 21.964 0 373349505
19 9 38.588 38.588 0 373349505
19 91 212.6 212.6 0 373349505
19 74 23.618 23.618 0 373349505
19 80 18.43 18.43 0 373349505
19 69 21.922 21.922 0 373349505
85 8 5.03 5.03 0 373349505
85 75 8.746 8.746 0 373349505
85 11 61.112 61.112 0 373349505
85 3 9.494 9.494 0 373349505
85 4 19.306 19.306 0 373349505
85 77 201.664 201.664 0 373349505
85 20 4.832 4.832 0 373349505
85 99 9.046 9.046 0 373349505
85 2 5.154 5.154 0 373349505
85 109 9.096 9.096 0 373349505
85 64 4.278 4.278 0 373349505
85 21 217.478 217.478 0 373349505
85 65 4.786 4.786 0 373349505
85 68 200.918 200.918 0 373349505
85 67 4.692 4.692 0 373349505
85 76 201.626 201.626 0 373349505
85 83 130.414 130.414 0 373349505
85 108 393.178 393.178 0 373349505
85 18 4.23 4.23 0 373349505
85 101 201.11 201.11 0 373349505
85 81 4.676 4.676 0 373349505
85 93 202.81 202.81 0 373349505
85 73 17.328 17.328 0 373349505
85 84 10.5 10.5 0 373349505
85 13 20.032 20.032 0 373349505
85 19 48.102 48.102 0 373349505
85 92 213.508 213.508 0 373349505
85 28 18.24 18.24 0 373349505
85 100 26.13 26.13 0 373349505
85 98 20.312 20.312 0 373349505
85 26 34.51 34.51 0 373349505
85 89 23.828 23.828 0 373349505
85 27 9.254 9.254 0 373349505
85 10 8.782 8.782 0 373349505
85 66 9.008 9.008 0 373349505
85 44 17.024 17.024 0 373349505
85 82 217.578 217.578 0 373349505
85 36 4.24 4.24 0 373349505
85 34 8.918 8.918 0 373349505
85 35 15.164 15.164 0 373349505
85 33 9.4 9.4 0 373349505
85 96 5.272 5.272 0 373349505
85 16 50.37 50.37 0 373349505
85 12 4.178 4.178 0 373349505
85 0 9.096 9.096 0 373349505
85 45 5.266 5.266 0 373349505
85 17 8.89 8.89 0 373349505
85 37 19.798 19.798 0 373349505
85 25 201.404 201.404 0 373349505
85 90 4.744 4.744 0 373349505
85 32 21.49 21.49 0 373349505
85 97 4.3 4.3 0 373349505
85 88 28.534 28.534 0 373349505
85 24 4.706 4.706 0 373349505
85 72 8.164 8.164 0 373349505
85 5 3.328 3.328 0 373349505
85 1 14.222 14.222 0 373349505
85 29 18.028 18.028 0 373349505
85 9 225.104 225.104 0 373349505
85 91 5.308 5.308 0 373349505
85 74 8.964 8.964 0 373349505
85 80 4.194 4.194 0 373349505
85 69 11.926 11.926 0 373349505
92 8 41.872 41.872 0 373349505
92 75 14.286 14.286 0 373349505
92 11 61.192 61.192 0 373349505
92 3 14.142 14.142 0 373349505
92 4 35.268 35.268 0 373349505
92 77 32.862 32.862 0 373349505
92 20 213.64 213.64 0 373349505
92 99 18.192 18.192 0 373349505
92 2 22.218 22.218 0 373349505
92 109 16.564 16.564 0 373349505
92 64 19.01 19.01 0 373349505
92 21 16.53 16.53 0 373349505
92 65 18.898 18.898 0 373349505
92 68 16.266 16.266 0 373349505
92 67 40.148 40.148 0 373349505
92 76 17.104 17.104 0 373349505
92 83 31.954 31.954 0 373349505
92 108 29.228 29.228 0 373349505
92 18 210.892 210.892 0 373349505
92 101 16.33 16.33 0 373349505
92 81 22.562 22.562 0 373349505
92 93 17.54 17.54 0 373349505
92 73 268.718 268.718 0 373349505
92 84 150.352 150.352 0 373349505
92 13 222.078 222.078 0 373349505
92 19 37.842 37.842 0 373349505
92 85 216.264 216.264 0 373349505
92 28 404.246 404.246 0 373349505
92 100 29.322 29.322 0 373349505
92 98 224.44 224.44 0 373349505
92 26 30.37 30.37 0 373349505
92 89 216.378 216.378 0 373349505
92 27 29.59 29.59 0 373349505
92 10 21.632 21.632 0 373349505
92 66 13.828 13.828 0 373349505
92 44 33.11 33.11 0 373349505
92 82 47.464 47.464 0 373349505
92 36 219.738 219.738 0 373349505
92 34 18.336 18.336 0 373349505
92 35 20.974 20.974 0 373349505
92 33 16.504 16.504 0 373349505
92 96 19.994 19.994 0 373349505
92 16 16.116 16.116 0 373349505
92 12 23.132 23.132 0 373349505
92 0 16.544 16.544 0 373349505
92 45 19.988 19.988 0 373349505
92 17 16.598 16.598 0 373349505
92 37 20.034 20.034 0 373349505
92 25 29.352 29.352 0 373349505
92 90 211.034 211.034 0 373349505
92 32 16.864 16.864 0 373349505
92 97 36.332 36.332 0 373349505
92 88 16.348 16.348 0 373349505
92 24 44.006 44.006 0 373349505
92 72 17.006 17.006 0 373349505
92 5 18.994 18.994 0 373349505
92 1 16.346 16.346 0 373349505
92 29 19.016 19.016 0 373349505
92 9 29.218 29.218 0 373349505
92 91 211.21 211.21 0 373349505
92 74 16.308 16.308 0 373349505
92 80 19.054 19.054 0 373349505
92 69 16.314 16.314 0 373349505
28 8 7.078 7.078 0 373349505
28 75 8.404 8.404 0 373349505
28 11 72.64 72.64 0 373349505
28 3 8.518 8.518 0 373349505
28 4 30.644 30.644 0 373349505
28 77 202.83 202.83 0 373349505
28 20 6.346 6.346 0 373349505
28 99 9.794 9.794 0 373349505
28 2 5.18 5.18 0 373349505
28 109 8.918 8.918 0 373349505
28 64 4.3 4.3 0 373349505
28 21 8.906 8.906 0 373349505
28 65 4.288 4.288 0 373349505
28 68 8.63 8.63 0 373349505
28 67 4.62 4.62 0 373349505
28 76 9.78 9.78 0 373349505
28 83 19.666 19.666 0 373349505
28 108 200.762 200.762 0 373349505
28 18 4.334 4.334 0 373349505
28 101 12.224 12.224 0 373349505
28 81 5.358 5.358 0 373349505
28 93 22.662 22.662 0 373349505
28 73 4.614 4.614 0 373349505
28 84 202.986 202.986 0 373349505
28 13 5.36 5.36 0 373349505
28 19 210.632 210.632 0 373349505
28 85 17.644 17.644 0 373349505
28 92 407.65 407.65 0 373349505
28 100 201.736 201.736 0 373349505
28 98 7.618 7.618 0 373349505
28 26 208.124 208.124 0 373349505
28 89 6.582 6.582 0 373349505
28 27 201.178 201.178 0 373349505
28 10 20.858 20.858 0 373349505
28 66 8.068 8.068 0 373349505
28 44 34.542 34.542 0 373349505
28 82 201.818 201.818 0 373349505
28 36 18.174 18.174 0 373349505
28 34 9.766 9.766 0 373349505
28 35 83.086 83.086 0 373349505
28 33 9.248 9.248 0 373349505
28 96 18.126 18.126 0 373349505
28 16 26.956 26.956 0 373349505
28 12 22.676 22.676 0 373349505
28 0 8.962 8.962 0 373349505
28 45 5.362 5.362 0 373349505
28 17 8.774 8.774 0 373349505
28 37 28.184 28.184 0 373349505
28 25 200.904 200.904 0 373349505
28 90 4.586 4.586 0 373349505
28 32 50.51 50.51 0 373349505
28 97 4.436 4.436 0 373349505
28 88 31.736 31.736 0 373349505
28 24 4.416 4.416 0 373349505
28 72 33.08 33.08 0 373349505
28 5 11.084 11.084 0 373349505
28 1 8.822 8.822 0 373349505
28 29 17.126 17.126 0 373349505
28 9 205.21 205.21 0 373349505
28 91 4.422 4.422 0 373349505
28 74 8.786 8.786 0 373349505
28 80 4.336 4.336 0 373349505
28 69 8.904 8.904 0 373349505
100 8 13.778 13.778 0 373349505
100 75 11.072 11.072 0 373349505
100 11 42.684 42.684 0 373349505
100 3 12.818 12.818 0 373349505
100 4 11.306 11.306 0 373349505
100 77 24.682 24.682 0 373349505
100 20 201.558 201.558 0 373349505
100 99 12.292 12.292 0 373349505
100 2 9.238 9.238 0 373349505
100 109 12.434 12.434 0 373349505
100 64 8.658 8.658 0 373349505
100 21 12.192 12.192 0 373349505
100 65 8.808 8.808 0 373349505
100 68 11.19 11.19 0 373349505
100 67 6.684 6.684 0 373349505
100 76 24.538 24.538 0 373349505
100 83 24.57 24.57 0 373349505
100 108 27.566 27.566 0 373349505
100 18 204.166 204.166 0 373349505
100 101 14.428 14.428 0 373349505
100 81 39.108 39.108 0 373349505
100 93 14.454 14.454 0 373349505
100 73 24.956 24.956 0 373349505
100 84 13.192 13.192 0 373349505
100 13 20.948 20.948 0 373349505
100 19 18.42 18.42 0 373349505
100 85 42.774 42.774 0 373349505
100 92 31.732 31.732 0 373349505
100 28 205.392 205.392 0 373349505
100 98 22.88 22.88 0 373349505
100 26 13.416 13.416 0 373349505
100 89 14.102 14.102 0 373349505
100 27 12.552 12.552 0 373349505
100 10 205.072 205.072 0 373349505
100 66 25.236 25.236 0 373349505
100 44 200.648 200.648 0 373349505
100 82 37.84 37.84 0 373349505
100 36 392.87 392.87 0 373349505
100 34 25.13 25.13 0 373349505
100 35 201.248 201.248 0 373349505
100 33 25.358 25.358 0 373349505
100 96 201.624 201.624 0 373349505
100 16 24.922 24.922 0 373349505
100 12 200.578 200.578 0 373349505
100 0 23.802 23.802 0 373349505
100 45 7.62 7.62 0 373349505
100 17 78.722 78.722 0 373349505
100 37 12.824 12.824 0 373349505
100 25 43.258 43.258 0 373349505
100 90 208.832 208.832 0 373349505
100 32 13.27 13.27 0 373349505
100 97 13.388 13.388 0 373349505
100 88 12.27 12.27 0 373349505
100 24 8.772 8.772 0 373349505
100 72 12.416 12.416 0 373349505
100 5 8.638 8.638 0 373349505
100 1 12.18 12.18 0 373349505
100 29 8.644 8.644 0 373349505
100 9 25.088 25.088 0 373349505
100 91 201.096 201.096 0 373349505
100 74 12.126 12.126 0 373349505
100 80 8.726 8.726 0 373349505
100 69 12.118 12.118 0 373349505
98 8 7.546 7.546 0 373349505
98 75 21.222 21.222 0 373349505
98 11 80.464 80.464 0 373349505
98 3 21.768 21.768 0 373349505
98 4 9.23 9.23 0 373349505
98 77 22.214 22.214 0 373349505
98 20 21.11 21.11 0 373349505
98 99 213.476 213.476 0 373349505
98 2 7.97 7.97 0 373349505
98 109 21.688 21.688 0 373349505
98 64 7.39 7.39 0 373349505
98 21 21.652 21.652 0 373349505
98 65 7.282 7.282 0 373349505
98 68 37.678 37.678 0 373349505
98 67 6.75 6.75 0 373349505
98 76 27.476 27.476 0 373349505
98 83 24.134 24.134 0 373349505
98 108 214.604 214.604 0 373349505
98 18 8.428 8.428 0 373349505
98 101 21.728 21.728 0 373349505
98 81 7.736 7.736 0 373349505
98 93 47.692 47.692 0 373349505
98 73 7.646 7.646 0 373349505
98 84 23.896 23.896 0 373349505
98 13 8.366 8.366 0 373349505
98 19 27.214 27.214 0 373349505
98 85 20.494 20.494 0 373349505
98 92 224.48 224.48 0 373349505
98 28 10.342 10.342 0 373349505
98 100 26.796 26.796 0 373349505
98 26 45.802 45.802 0 373349505
98 89 8.738 8.738 0 373349505
98 27 21.984 21.984 0 373349505
98 10 11.16 11.16 0 373349505
98 66 213.408 213.408 0 373349505
98 44 7.398 7.398 0 373349505
98 82 213.572 213.572 0 373349505
98 36 20.176 20.176 0 373349505
98 34 421.976 421.976 0 373349505
98 35 7.82 7.82 0 373349505
98 33 214.024 214.024 0 373349505
98 96 7.948 7.948 0 373349505
98 16 213.78 213.78 0 373349505
98 12 8.828 8.828 0 373349505
98 0 216.12 216.12 0 373349505
98 45 20.704 20.704 0 373349505
98 17 39.18 39.18 0 373349505
98 37 35.12 35.12 0 373349505
98 25 214.736 214.736 0 373349505
98 90 21.794 21.794 0 373349505
98 32 21.68 21.68 0 373349505
98 97 20.22 20.22 0 373349505
98 88 44.8 44.8 0 373349505
98 24 20.212 20.212 0 373349505
98 72 40.294 40.294 0 373349505
98 5 35.698 35.698 0 373349505
98 1 21.596 21.596 0 373349505
98 29 116.282 116.282 0 373349505
98 9 258.628 258.628 0 373349505
98 91 7.386 7.386 0 373349505
98 74 21.526 21.526 0 373349505
98 80 7.296 7.296 0 373349505
98 69 21.552 21.552 0 373349505
26 8 17.996 17.996 0 373349505
26 75 12.76 12.76 0 373349505
26 11 39.628 39.628 0 373349505
26 3 13.436 13.436 0 373349505
26 4 37.258 37.258 0 373349505
26 77 13.358 13.358 0 373349505
26 20 16.272 16.272 0 373349505
26 99 26.28 26.28 0 373349505
26 2 207.718 207.718 0 373349505
26 109 13.384 13.384 0 373349505
26 64 15.734 15.734 0 373349505
26 21 13.62 13.62 0 373349505
26 65 15.626 15.626 0 373349505
26 68 13.25 13.25 0 373349505
26 67 16.16 16.16 0 373349505
26 76 13.888 13.888 0 373349505
26 83 28.708 28.708 0 373349505
26 108 26.108 26.108 0 373349505
26 18 211.052 211.052 0 373349505
26 101 13.318 13.318 0 373349505
26 81 19.41 19.41 0 373349505
26 93 14.478 14.478 0 373349505
26 73 19.866 19.866 0 373349505
26 84 14.354 14.354 0 373349505
26 13 26.68 26.68 0 373349505
26 19 16.792 16.792 0 373349505
26 85 30.394 30.394 0 373349505
26 92 33.45 33.45 0 373349505
26 28 212.552 212.552 0 373349505
26 100 15.866 15.866 0 373349505
26 98 66.908 66.908 0 373349505
26 89 20.766 20.766 0 373349505
26 27 13.746 13.746 0 373349505
26 10 20.618 20.618 0 373349505
26 66 13.354 13.354 0 373349505
26 44 15.724 15.724 0 373349505
26 82 13.348 13.348 0 373349505
26 36 15.88 15.88 0 373349505
26 34 26.084 26.084 0 373349505
26 35 208.306 208.306 0 373349505
26 33 13.838 13.838 0 373349505
26 96 16.72 16.72 0 373349505
26 16 13.248 13.248 0 373349505
26 12 15.74 15.74 0 373349505
26 0 14.236 14.236 0 373349505
26 45 208.56 208.56 0 373349505
26 17 26.958 26.958 0 373349505
26 37 220.872 220.872 0 373349505
26 25 39.034 39.034 0 373349505
26 90 424.756 424.756 0 373349505
26 32 26.664 26.664 0 373349505
26 97 210.726 210.726 0 373349505
26 88 26.128 26.128 0 373349505
26 24 207.832 207.832 0 373349505
26 72 24.95 24.95 0 373349505
26 5 228.048 228.048 0 373349505
26 1 23.854 23.854 0 373349505
26 29 29.894 29.894 0 373349505
26 9 29.126 29.126 0 373349505
26 91 211.152 211.152 0 373349505
26 74 127.004 127.004 0 373349505
26 80 23.47 23.47 0 373349505
26 69 13.416 13.416 0 373349505
89 8 28.538 28.538 0 373349505
89 75 13.446 13.446 0 373349505
89 11 167.842 167.842 0 373349505
89 3 75.818 75.818 0 373349505
89 4 26.704 26.704 0 373349505
89 77 14.484 14.484 0 373349505
89 20 19.104 19.104 0 373349505
89 99 206.8 206.8 0 373349505
89 2 6.654 6.654 0 373349505
89 109 13.794 13.794 0 373349505
89 64 5.768 5.768 0 373349505
89 21 13.708 13.708 0 373349505
89 65 5.768 5.768 0 373349505
89 68 13.538 13.538 0 373349505
89 67 6.13 6.13 0 373349505
89 76 14.28 14.28 0 373349505
89 83 29.258 29.258 0 373349505
89 108 218.474 218.474 0 373349505
89 18 7.522 7.522 0 373349505
89 101 13.61 13.61 0 373349505
89 81 6.016 6.016 0 373349505
89 93 15.002 15.002 0 373349505
89 73 5.918 5.918 0 373349505
89 84 15.686 15.686 0 373349505
89 13 12.63 12.63 0 373349505
89 19 18.094 18.094 0 373349505
89 85 22.988 22.988 0 373349505
89 92 217.328 217.328 0 373349505
89 28 9.872 9.872 0 373349505
89 100 14.98 14.98 0 373349505
89 98 9.546 9.546 0 373349505
89 26 24.436 24.436 0 373349505
89 27 14.248 14.248 0 373349505
89 10 11.628 11.628 0 373349505
89 66 13.568 13.568 0 373349505
89 44 5.688 5.688 0 373349505
89 82 13.572 13.572 0 373349505
89 36 18.532 18.532 0 373349505
89 34 204.992 204.992 0 373349505
89 35 7.218 7.218 0 373349505
89 33 13.422 13.422 0 373349505
89 96 6.61 6.61 0 373349505
89 16 12.992 12.992 0 373349505
89 12 5.55 5.55 0 373349505
89 0 13.164 13.164 0 373349505
89 45 6.96 6.96 0 373349505
89 17 204.798 204.798 0 373349505
89 37 19.472 19.472 0 373349505
89 25 397.11 397.11 0 373349505
89 90 5.872 5.872 0 373349505
89 32 229.424 229.424 0 373349505
89 97 7.554 7.554 0 373349505
89 88 225.964 225.964 0 373349505
89 24 5.718 5.718 0 373349505
89 72 204.578 204.578 0 373349505
89 5 5.546 5.546 0 373349505
89 1 204.268 204.268 0 373349505
89 29 35.774 35.774 0 373349505
89 9 209.228 209.228 0 373349505
89 91 19.416 19.416 0 373349505
89 74 14.112 14.112 0 373349505
89 80 18.336 18.336 0 373349505
89 69 13.22 13.22 0 373349505
27 8 204.868 204.868 0 373349505
27 75 24.346 24.346 0 373349505
27 11 234.224 234.224 0 373349505
27 3 23.742 23.742 0 373349505
27 4 200.992 200.992 0 373349505
27 77 94.87 94.87 0 373349505
27 20 11.73 11.73 0 373349505
27 99 28.456 28.456 0 373349505
27 2 205.292 205.292 0 373349505
27 109 28.214 28.214 0 373349505
27 64 14.702 14.702 0 373349505
27 21 12.918 12.918 0 373349505
27 65 8.626 8.626 0 373349505
27 68 12.656 12.656 0 373349505
27 67 9.592 9.592 0 373349505
27 76 13.438 13.438 0 373349505
27 83 20.164 20.164 0 373349505
27 108 26.106 26.106 0 373349505
27 18 245.65 245.65 0 373349505
27 101 12.664 12.664 0 373349505
27 81 12.636 12.636 0 373349505
27 93 13.96 13.96 0 373349505
27 73 12.974 12.974 0 373349505
27 84 13.704 13.704 0 373349505
27 13 20.608 20.608 0 373349505
27 19 18.796 18.796 0 373349505
27 85 9.526 9.526 0 373349505
27 92 29.944 29.944 0 373349505
27 28 201.482 201.482 0 373349505
27 100 12.81 12.81 0 373349505
27 98 22.542 22.542 0 373349505
27 26 14.232 14.232 0 373349505
27 89 18.02 18.02 0 373349505
27 10 13.86 13.86 0 373349505
27 66 11.092 11.092 0 373349505
27 44 6.632 6.632 0 373349505
27 82 24.342 24.342 0 373349505
27 36 11.752 11.752 0 373349505
27 34 28.904 28.904 0 373349505
27 35 205.89 205.89 0 373349505
27 33 14.574 14.574 0 373349505
27 96 9.728 9.728 0 373349505
27 16 12.68 12.68 0 373349505
27 12 9.064 9.064 0 373349505
27 0 12.888 12.888 0 373349505
27 45 35.004 35.004 0 373349505
27 17 13.064 13.064 0 373349505
27 37 10.242 10.242 0 373349505
27 25 25.734 25.734 0 373349505
27 90 201.598 201.598 0 373349505
27 32 12.74 12.74 0 373349505
27 97 13.588 13.588 0 373349505
27 88 12.768 12.768 0 373349505
27 24 9.27 9.27 0 373349505
27 72 12.78 12.78 0 373349505
27 5 9.288 9.288 0 373349505
27 1 12.716 12.716 0 373349505
27 29 200.972 200.972 0 373349505
27 9 38.576 38.576 0 373349505
27 91 393.436 393.436 0 373349505
27 74 25.436 25.436 0 373349505
27 80 201.126 201.126 0 373349505
27 69 25.724 25.724 0 373349505
10 8 7.272 7.272 0 373349505
10 75 204.674 204.674 0 373349505
10 11 30.644 30.644 0 373349505
10 3 204.01 204.01 0 373349505
10 4 10.836 10.836 0 373349505
10 77 210.514 210.514 0 373349505
10 20 34.244 34.244 0 373349505
10 99 205.932 205.932 0 373349505
10 2 23.726 23.726 0 373349505
10 109 14.058 14.058 0 373349505
10 64 23.438 23.438 0 373349505
10 21 14.104 14.104 0 373349505
10 65 24.386 24.386 0 373349505
10 68 14.918 14.918 0 373349505
10 67 24.536 24.536 0 373349505
10 76 33.816 33.816 0 373349505
10 83 113.29 113.29 0 373349505
10 108 205.308 205.308 0 373349505
10 18 11.374 11.374 0 373349505
10 101 14.43 14.43 0 373349505
10 81 11.15 11.15 0 373349505
10 93 17.678 17.678 0 373349505
10 73 11.436 11.436 0 373349505
10 84 18.208 18.208 0 373349505
10 13 12.11 12.11 0 373349505
10 19 22.224 22.224 0 373349505
10 85 11.894 11.894 0 373349505
10 92 25.81 25.81 0 373349505
10 28 24.548 24.548 0 373349505
10 100 208.246 208.246 0 373349505
10 98 13.676 13.676 0 373349505
10 26 24.438 24.438 0 373349505
10 89 18.194 18.194 0 373349505
10 27 20.256 20.256 0 373349505
10 66 15.548 15.548 0 373349505
10 44 21.544 21.544 0 373349505
10 82 22.044 22.044 0 373349505
10 36 26.404 26.404 0 373349505
10 34 251.742 251.742 0 373349505
10 35 12.998 12.998 0 373349505
10 33 33.344 33.344 0 373349505
10 96 14.532 14.532 0 373349505
10 16 17.654 17.654 0 373349505
10 12 12.068 12.068 0 373349505
10 0 30.744 30.744 0 373349505
10 45 14.59 14.59 0 373349505
10 17 40.32 40.32 0 373349505
10 37 25.138 25.138 0 373349505
10 25 208.076 208.076 0 373349505
10 90 13.014 13.014 0 373349505
10 32 16.27 16.27 0 373349505
10 97 12.598 12.598 0 373349505
10 88 37.8 37.8 0 373349505
10 24 10.182 10.182 0 373349505
10 72 14.262 14.262 0 373349505
10 5 10.798 10.798 0 373349505
10 1 14.272 14.272 0 373349505
10 29 9.312 9.312 0 373349505
10 9 210.176 210.176 0 373349505
10 91 23.782 23.782 0 373349505
10 74 397.042 397.042 0 373349505
10 80 10.728 10.728 0 373349505
10 69 206.58 206.58 0 373349505
66 8 8.258 8.258 0 373349505
66 75 11.164 11.164 0 373349505
66 11 58.144 58.144 0 373349505
66 3 12.346 12.346 0 373349505
66 4 10.62 10.62 0 373349505
66 77 11.896 11.896 0 373349505
66 20 200.702 200.702 0 373349505
66 99 38.078 38.078 0 373349505
66 2 391.914 391.914 0 373349505
66 109 25.022 25.022 0 373349505
66 64 200.178 200.178 0 373349505
66 21 25.098 25.098 0 373349505
66 65 224.848 224.848 0 373349505
66 68 25.224 25.224 0 373349505
66 67 203.706 203.706 0 373349505
66 76 23.29 23.29 0 373349505
66 83 247.712 247.712 0 373349505
66 108 40.902 40.902 0 373349505
66 18 202.56 202.56 0 373349505
66 101 13.978 13.978 0 373349505
66 81 13.04 13.04 0 373349505
66 93 28.544 28.544 0 373349505
66 73 51.706 51.706 0 373349505
66 84 133.06 133.06 0 373349505
66 13 42.262 42.262 0 373349505
66 19 18.28 18.28 0 373349505
66 85 9.002 9.002 0 373349505
66 92 16.334 16.334 0 373349505
66 28 8.96 8.96 0 373349505
66 100 25.132 25.132 0 373349505
66 98 213.39 213.39 0 373349505
66 26 13.526 13.526 0 373349505
66 89 13.562 13.562 0 373349505
66 27 15.47 15.47 0 373349505
66 10 16.638 16.638 0 373349505
66 44 8.786 8.786 0 373349505
66 82 12.266 12.266 0 373349505
66 36 8.16 8.16 0 373349505
66 34 25.072 25.072 0 373349505
66 35 201.06 201.06 0 373349505
66 33 12.714 12.714 0 373349505
66 96 9.29 9.29 0 373349505
66 16 12.294 12.294 0 373349505
66 12 8.062 8.062 0 373349505
66 0 11.556 11.556 0 373349505
66 45 20.94 20.94 0 373349505
66 17 9.664 9.664 0 373349505
66 37 23.264 23.264 0 373349505
66 25 28.032 28.032 0 373349505
66 90 203.492 203.492 0 373349505
66 32 13.538 13.538 0 373349505
66 97 14.004 14.004 0 373349505
66 88 12.188 12.188 0 373349505
66 24 8.196 8.196 0 373349505
66 72 12.206 12.206 0 373349505
66 5 8.346 8.346 0 373349505
66 1 12.234 12.234 0 373349505
66 29 8.172 8.172 0 373349505
66 9 12.178 12.178 0 373349505
66 91 8.376 8.376 0 373349505
66 74 24.848 24.848 0 373349505
66 80 199.87 199.87 0 373349505
66 69 12.19 12.19 0 373349505
44 8 4.262 4.262 0 373349505
44 75 7.81 7.81 0 373349505
44 11 25.1 25.1 0 373349505
44 3 8.12 8.12 0 373349505
44 4 6.228 6.228 0 373349505
44 77 8.668 8.668 0 373349505
44 20 18.318 18.318 0 373349505
44 99 392.216 392.216 0 373349505
44 2 4.256 4.256 0 373349505
44 109 200.138 200.138 0 373349505
44 64 4.148 4.148 0 373349505
44 21 200.242 200.242 0 373349505
44 65 5.11 5.11 0 373349505
44 68 224.39 224.39 0 373349505
44 67 4.508 4.508 0 373349505
44 76 228.854 228.854 0 373349505
44 83 23.848 23.848 0 373349505
44 108 393.372 393.372 0 373349505
44 18 17.868 17.868 0 373349505
44 101 9.26 9.26 0 373349505
44 81 17.352 17.352 0 373349505
44 93 9.672 9.672 0 373349505
44 73 17.204 17.204 0 373349505
44 84 10.372 10.372 0 373349505
44 13 18.058 18.058 0 373349505
44 19 15.41 15.41 0 373349505
44 85 17.02 17.02 0 373349505
44 92 37.386 37.386 0 373349505
44 28 35.512 35.512 0 373349505
44 100 200.62 200.62 0 373349505
44 98 7.376 7.376 0 373349505
44 26 15.908 15.908 0 373349505
44 89 5.494 5.494 0 373349505
44 27 8.436 8.436 0 373349505
44 10 18.678 18.678 0 373349505
44 66 12.272 12.272 0 373349505
44 82 8.59 8.59 0 373349505
44 36 17.012 17.012 0 373349505
44 34 200.07 200.07 0 373349505
44 35 73.226 73.226 0 373349505
44 33 8.58 8.58 0 373349505
44 96 5.496 5.496 0 373349505
44 16 8.08 8.08 0 373349505
44 12 15.648 15.648 0 373349505
44 0 8.424 8.424 0 373349505
44 45 6.054 6.054 0 373349505
44 17 48.664 48.664 0 373349505
44 37 22.616 22.616 0 373349505
44 25 201.19 201.19 0 373349505
44 90 5.482 5.482 0 373349505
44 32 9.136 9.136 0 373349505
44 97 5.206 5.206 0 373349505
44 88 27.946 27.946 0 373349505
44 24 4.294 4.294 0 373349505
44 72 8.142 8.142 0 373349505
44 5 4.262 4.262 0 373349505
44 1 8.154 8.154 0 373349505
44 29 10.73 10.73 0 373349505
44 9 11.634 11.634 0 373349505
44 91 17.01 17.01 0 373349505
44 74 203.716 203.716 0 373349505
44 80 4.062 4.062 0 373349505
44 69 8.062 8.062 0 373349505
82 8 8.29 8.29 0 373349505
82 75 11.604 11.604 0 373349505
82 11 30.142 30.142 0 373349505
82 3 12.21 12.21 0 373349505
82 4 12.322 12.322 0 373349505
82 77 11.88 11.88 0 373349505
82 20 7.94 7.94 0 373349505
82 99 24.976 24.976 0 373349505
82 2 199.844 199.844 0 373349505
82 109 12.206 12.206 0 373349505
82 64 8.152 8.152 0 373349505
82 21 12.474 12.474 0 373349505
82 65 8.178 8.178 0 373349505
82 68 12.14 12.14 0 373349505
82 67 8.52 8.52 0 373349505
82 76 13.404 13.404 0 373349505
82 83 31.212 31.212 0 373349505
82 108 24.958 24.958 0 373349505
82 18 391.892 391.892 0 373349505
82 101 24.904 24.904 0 373349505
82 81 203.88 203.88 0 373349505
82 93 26.14 26.14 0 373349505
82 73 204.17 204.17 0 373349505
82 84 27.93 27.93 0 373349505
82 13 211.218 211.218 0 373349505
82 19 28.954 28.954 0 373349505
82 85 231.748 231.748 0 373349505
82 92 40.82 40.82 0 373349505
82 28 203.808 203.808 0 373349505
82 100 40.718 40.718 0 373349505
82 98 215.806 215.806 0 373349505
82 26 14.154 14.154 0 373349505
82 89 13.614 13.614 0 373349505
82 27 27.742 27.742 0 373349505
82 10 19.988 19.988 0 373349505
82 66 14.614 14.614 0 373349505
82 44 12.446 12.446 0 373349505
82 36 8.762 8.762 0 373349505
82 34 24.956 24.956 0 373349505
82 35 201.032 201.032 0 373349505
82 33 12.66 12.66 0 373349505
82 96 33.884 33.884 0 373349505
82 16 12.428 12.428 0 373349505
82 12 8.098 8.098 0 373349505
82 0 12.29 12.29 0 373349505
82 45 9.214 9.214 0 373349505
82 17 62.34 62.34 0 373349505
82 37 9.486 9.486 0 373349505
82 25 25.054 25.054 0 373349505
82 90 200.452 200.452 0 373349505
82 32 12.364 12.364 0 373349505
82 97 14.44 14.44 0 373349505
82 88 12.196 12.196 0 373349505
82 24 8.196 8.196 0 373349505
82 72 11.874 11.874 0 373349505
82 5 7.81 7.81 0 373349505
82 1 11.15 11.15 0 373349505
82 29 5.78 5.78 0 373349505
82 9 23.802 23.802 0 373349505
82 91 11.366 11.366 0 373349505
82 74 27.914 27.914 0 373349505
82 80 201.918 201.918 0 373349505
82 69 13.066 13.066 0 373349505
36 8 4.318 4.318 0 373349505
36 75 8.098 8.098 0 373349505
36 11 58.564 58.564 0 373349505
36 3 8.424 8.424 0 373349505
36 4 6.37 6.37 0 373349505
36 77 9.054 9.054 0 373349505
36 20 17.732 17.732 0 373349505
36 99 200.42 200.42 0 373349505
36 2 5.382 5.382 0 373349505
36 109 8.186 8.186 0 373349505
36 64 4.16 4.16 0 373349505
36 21 8.314 8.314 0 373349505
36 65 4.11 4.11 0 373349505
36 68 8.118 8.118 0 373349505
36 67 4.576 4.576 0 373349505
36 76 9.012 9.012 0 373349505
36 83 6.358 6.358 0 373349505
36 108 8.208 8.208 0 373349505
36 18 16.89 16.89 0 373349505
36 101 391.922 391.922 0 373349505
36 81 4.548 4.548 0 373349505
36 93 201.604 201.604 0 373349505
36 73 4.466 4.466 0 373349505
36 84 202.424 202.424 0 373349505
36 13 5.23 5.23 0 373349505
36 19 206.068 206.068 0 373349505
36 85 3.258 3.258 0 373349505
36 92 216.25 216.25 0 373349505
36 28 18.21 18.21 0 373349505
36 100 394.052 394.052 0 373349505
36 98 21.164 21.164 0 373349505
36 26 16.156 16.156 0 373349505
36 89 18.366 18.366 0 373349505
36 27 8.504 8.504 0 373349505
36 10 21.95 21.95 0 373349505
36 66 10.45 10.45 0 373349505
36 44 17.602 17.602 0 373349505
36 82 12.234 12.234 0 373349505
36 34 219.148 219.148 0 373349505
36 35 23.448 23.448 0 373349505
36 33 21.022 21.022 0 373349505
36 96 5.228 5.228 0 373349505
36 16 32.826 32.826 0 373349505
36 12 4.098 4.098 0 373349505
36 0 8.988 8.988 0 373349505
36 45 5.208 5.208 0 373349505
36 17 8.134 8.134 0 373349505
36 37 5.246 5.246 0 373349505
36 25 8.262 8.262 0 373349505
36 90 17.254 17.254 0 373349505
36 32 200 200 0 373349505
36 97 15.958 15.958 0 373349505
36 88 27.144 27.144 0 373349505
36 24 4.224 4.224 0 373349505
36 72 49.77 49.77 0 373349505
36 5 4.202 4.202 0 373349505
36 1 7.718 7.718 0 373349505
36 29 46.706 46.706 0 373349505
36 9 16.688 16.688 0 373349505
36 91 18.05 18.05 0 373349505
36 74 202.918 202.918 0 373349505
36 80 5.126 5.126 0 373349505
36 69 8.168 8.168 0 373349505
34 8 8.13 8.13 0 373349505
34 75 10.938 10.938 0 373349505
34 11 36.034 36.034 0 373349505
34 3 10.464 10.464 0 373349505
34 4 10.268 10.268 0 373349505
34 77 10.686 10.686 0 373349505
34 20 22.976 22.976 0 373349505
34 99 28.412 28.412 0 373349505
34 2 226.66 226.66 0 373349505
34 109 14.484 14.484 0 373349505
34 64 8.622 8.622 0 373349505
34 21 12.246 12.246 0 373349505
34 65 10.52 10.52 0 373349505
34 68 12.312 12.312 0 373349505
34 67 8.488 8.488 0 373349505
34 76 12.932 12.932 0 373349505
34 83 20.154 20.154 0 373349505
34 108 12.252 12.252 0 373349505
34 18 8.078 8.078 0 373349505
34 101 24.92 24.92 0 373349505
34 81 203.718 203.718 0 373349505
34 93 13.528 13.528 0 373349505
34 73 12.084 12.084 0 373349505
34 84 13.282 13.282 0 373349505
34 13 19.054 19.054 0 373349505
34 19 18.356 18.356 0 373349505
34 85 8.906 8.906 0 373349505
34 92 16.554 16.554 0 373349505
34 28 8.778 8.778 0 373349505
34 100 25.064 25.064 0 373349505
34 98 438.2 438.2 0 373349505
34 26 26.146 26.146 0 373349505
34 89 204.912 204.912 0 373349505
34 27 25.95 25.95 0 373349505
34 10 226.212 226.212 0 373349505
34 66 23.956 23.956 0 373349505
34 44 200.054 200.054 0 373349505
34 82 25.09 25.09 0 373349505
34 36 218.55 218.55 0 373349505
34 35 396.444 396.444 0 373349505
34 33 27.366 27.366 0 373349505
34 96 22.352 22.352 0 373349505
34 16 12.158 12.158 0 373349505
34 12 8.022 8.022 0 373349505
34 0 27.514 27.514 0 373349505
34 45 15.606 15.606 0 373349505
34 17 12.044 12.044 0 373349505
34 37 9.184 9.184 0 373349505
34 25 12.212 12.212 0 373349505
34 90 8.45 8.45 0 373349505
34 32 24.89 24.89 0 373349505
34 97 206.192 206.192 0 373349505
34 88 12.152 12.152 0 373349505
34 24 8.304 8.304 0 373349505
34 72 12.132 12.132 0 373349505
34 5 8.192 8.192 0 373349505
34 1 13.342 13.342 0 373349505
34 29 31.536 31.536 0 373349505
34 9 12.48 12.48 0 373349505
34 91 11.64 11.64 0 373349505
34 74 123.574 123.574 0 373349505
34 80 200.012 200.012 0 373349505
34 69 12.006 12.006 0 373349505
35 8 4.552 4.552 0 373349505
35 75 8.036 8.036 0 373349505
35 11 111.092 111.092 0 373349505
35 3 10.266 10.266 0 373349505
35 4 56.312 56.312 0 373349505
35 77 8.516 8.516 0 373349505
35 20 22.804 22.804 0 373349505
35 99 201.704 201.704 0 373349505
35 2 5.832 5.832 0 373349505
35 109 34.402 34.402 0 373349505
35 64 5.1 5.1 0 373349505
35 21 21.356 21.356 0 373349505
35 65 52.59 52.59 0 373349505
35 68 8.61 8.61 0 373349505
35 67 5.062 5.062 0 373349505
35 76 9.614 9.614 0 373349505
35 83 7.722 7.722 0 373349505
35 108 8.718 8.718 0 373349505
35 18 25.244 25.244 0 373349505
35 101 201.136 201.136 0 373349505
35 81 54.942 54.942 0 373349505
35 93 10.096 10.096 0 373349505
35 73 5.734 5.734 0 373349505
35 84 11.134 11.134 0 373349505
35 13 7.586 7.586 0 373349505
35 19 15.484 15.484 0 373349505
35 85 12.146 12.146 0 373349505
35 92 19.916 19.916 0 373349505
35 28 78.136 78.136 0 373349505
35 100 201.404 201.404 0 373349505
35 98 8.058 8.058 0 373349505
35 26 208.62 208.62 0 373349505
35 89 8.066 8.066 0 373349505
35 27 205.264 205.264 0 373349505
35 10 10.184 10.184 0 373349505
35 66 200.768 200.768 0 373349505
35 44 69.486 69.486 0 373349505
35 82 200.48 200.48 0 373349505
35 36 25.89 25.89 0 373349505
35 34 398.328 398.328 0 373349505
35 33 203.174 203.174 0 373349505
35 96 19.25 19.25 0 373349505
35 16 25.694 25.694 0 373349505
35 12 99.29 99.29 0 373349505
35 0 10.128 10.128 0 373349505
35 45 19.174 19.174 0 373349505
35 17 9.632 9.632 0 373349505
35 37 19.308 19.308 0 373349505
35 25 9.538 9.538 0 373349505
35 90 31.29 31.29 0 373349505
35 32 220.076 220.076 0 373349505
35 97 85.58 85.58 0 373349505
35 88 29.664 29.664 0 373349505
35 24 5.416 5.416 0 373349505
35 72 9.542 9.542 0 373349505
35 5 5.318 5.318 0 373349505
35 1 9.572 9.572 0 373349505
35 29 6.138 6.138 0 373349505
35 9 12.502 12.502 0 373349505
35 91 93.076 93.076 0 373349505
35 74 201.332 201.332 0 373349505
35 80 5.23 5.23 0 373349505
35 69 50.936 50.936 0 373349505
33 8 8.668 8.668 0 373349505
33 75 11.386 11.386 0 373349505
33 11 27.99 27.99 0 373349505
33 3 12.744 12.744 0 373349505
33 4 12.764 12.764 0 373349505
33 77 70.39 70.39 0 373349505
33 20 8.8 8.8 0 373349505
33 99 25.538 25.538 0 373349505
33 2 200.43 200.43 0 373349505
33 109 12.728 12.728 0 373349505
33 64 8.604 8.604 0 373349505
33 21 13.212 13.212 0 373349505
33 65 20.614 20.614 0 373349505
33 68 12.474 12.474 0 373349505
33 67 8.88 8.88 0 373349505
33 76 12.39 12.39 0 373349505
33 83 17.706 17.706 0 373349505
33 108 24.198 24.198 0 373349505
33 18 11.62 11.62 0 373349505
33 101 28.216 28.216 0 373349505
33 81 206.648 206.648 0 373349505
33 93 14.712 14.712 0 373349505
33 73 13.05 13.05 0 373349505
33 84 13.554 13.554 0 373349505
33 13 21.868 21.868 0 373349505
33 19 18.764 18.764 0 373349505
33 85 9.524 9.524 0 373349505
33 92 16.606 16.606 0 373349505
33 28 9.402 9.402 0 373349505
33 100 25.444 25.444 0 373349505
33 98 214.116 214.116 0 373349505
33 26 13.98 13.98 0 373349505
33 89 13.39 13.39 0 373349505
33 27 13.684 13.684 0 373349505
33 10 46.77 46.77 0 373349505
33 66 12.758 12.758 0 373349505
33 44 8.71 8.71 0 373349505
33 82 12.744 12.744 0 373349505
33 36 33.308 33.308 0 373349505
33 34 28.974 28.974 0 373349505
33 35 206.202 206.202 0 373349505
33 96 202.256 202.256 0 373349505
33 16 25.614 25.614 0 373349505
33 12 200.62 200.62 0 373349505
33 0 25.686 25.686 0 373349505
33 45 201.428 201.428 0 373349505
33 17 24.278 24.278 0 373349505
33 37 199.212 199.212 0 373349505
33 25 37.18 37.18 0 373349505
33 90 203.948 203.948 0 373349505
33 32 41.184 41.184 0 373349505
33 97 397.538 397.538 0 373349505
33 88 26.47 26.47 0 373349505
33 24 8.818 8.818 0 373349505
33 72 14.694 14.694 0 373349505
33 5 13.178 13.178 0 373349505
33 1 27.812 27.812 0 373349505
33 29 15.09 15.09 0 373349505
33 9 12.716 12.716 0 373349505
33 91 8.862 8.862 0 373349505
33 74 25.456 25.456 0 373349505
33 80 200.774 200.774 0 373349505
33 69 13.1 13.1 0 373349505
96 8 23.584 23.584 0 373349505
96 75 8.718 8.718 0 373349505
96 11 38.674 38.674 0 373349505
96 3 9.308 9.308 0 373349505
96 4 16.212 16.212 0 373349505
96 77 9.786 9.786 0 373349505
96 20 5.678 5.678 0 373349505
96 99 49.686 49.686 0 373349505
96 2 18.634 18.634 0 373349505
96 109 201.144 201.144 0 373349505
96 64 5.194 5.194 0 373349505
96 21 9.32 9.32 0 373349505
96 65 5.052 5.052 0 373349505
96 68 9.138 9.138 0 373349505
96 67 5.658 5.658 0 373349505
96 76 9.358 9.358 0 373349505
96 83 49.032 49.032 0 373349505
96 108 14.41 14.41 0 373349505
96 18 18.882 18.882 0 373349505
96 101 202.314 202.314 0 373349505
96 81 6.538 6.538 0 373349505
96 93 10.6 10.6 0 373349505
96 73 5.762 5.762 0 373349505
96 84 11.386 11.386 0 373349505
96 13 6.192 6.192 0 373349505
96 19 15.8 15.8 0 373349505
96 85 5.27 5.27 0 373349505
96 92 20.024 20.024 0 373349505
96 28 18.122 18.122 0 373349505
96 100 201.616 201.616 0 373349505
96 98 7.948 7.948 0 373349505
96 26 16.728 16.728 0 373349505
96 89 6.504 6.504 0 373349505
96 27 9.46 9.46 0 373349505
96 10 10.676 10.676 0 373349505
96 66 9.36 9.36 0 373349505
96 44 5.36 5.36 0 373349505
96 82 21.632 21.632 0 373349505
96 36 5.268 5.268 0 373349505
96 34 33.888 33.888 0 373349505
96 35 21.79 21.79 0 373349505
96 33 205.616 205.616 0 373349505
96 16 201.46 201.46 0 373349505
96 12 5.132 5.132 0 373349505
96 0 202.018 202.018 0 373349505
96 45 6.048 6.048 0 373349505
96 17 200.58 200.58 0 373349505
96 37 7.162 7.162 0 373349505
96 25 206.684 206.684 0 373349505
96 90 19.184 19.184 0 373349505
96 32 394.23 394.23 0 373349505
96 97 6.396 6.396 0 373349505
96 88 221.392 221.392 0 373349505
96 24 18.26 18.26 0 373349505
96 72 9.154 9.154 0 373349505
96 5 18.496 18.496 0 373349505
96 1 9.17 9.17 0 373349505
96 29 17.896 17.896 0 373349505
96 9 12.374 12.374 0 373349505
96 91 30.818 30.818 0 373349505
96 74 201.114 201.114 0 373349505
96 80 17.866 17.866 0 373349505
96 69 27.486 27.486 0 373349505
16 8 201.034 201.034 0 373349505
16 75 24.356 24.356 0 373349505
16 11 44.218 44.218 0 373349505
16 3 12.176 12.176 0 373349505
16 4 37.042 37.042 0 373349505
16 77 27.586 27.586 0 373349505
16 20 14.912 14.912 0 373349505
16 99 12.252 12.252 0 373349505
16 2 8.726 8.726 0 373349505
16 109 24.98 24.98 0 373349505
16 64 199.936 199.936 0 373349505
16 21 12.46 12.46 0 373349505
16 65 8.034 8.034 0 373349505
16 68 12.094 12.094 0 373349505
16 67 8.472 8.472 0 373349505
16 76 12.908 12.908 0 373349505
16 83 21.032 21.032 0 373349505
16 108 12.146 12.146 0 373349505
16 18 28.858 28.858 0 373349505
16 101 24.958 24.958 0 373349505
16 81 203.816 203.816 0 373349505
16 93 13.322 13.322 0 373349505
16 73 12.598 12.598 0 373349505
16 84 108.992 108.992 0 373349505
16 13 18.798 18.798 0 373349505
16 19 17.084 17.084 0 373349505
16 85 29.326 29.326 0 373349505
16 92 13.648 13.648 0 373349505
16 28 22.792 22.792 0 373349505
16 100 27.896 27.896 0 373349505
16 98 216.104 216.104 0 373349505
16 26 14.902 14.902 0 373349505
16 89 13.816 13.816 0 373349505
16 27 12.438 12.438 0 373349505
16 10 13.706 13.706 0 373349505
16 66 12.19 12.19 0 373349505
16 44 8.092 8.092 0 373349505
16 82 12.566 12.566 0 373349505
16 36 20.45 20.45 0 373349505
16 34 12.244 12.244 0 373349505
16 35 44.262 44.262 0 373349505
16 33 25.914 25.914 0 373349505
16 96 204.856 204.856 0 373349505
16 12 9.064 9.064 0 373349505
16 0 12.396 12.396 0 373349505
16 45 9.13 9.13 0 373349505
16 17 12.4 12.4 0 373349505
16 37 9.174 9.174 0 373349505
16 25 12.246 12.246 0 373349505
16 90 8.386 8.386 0 373349505
16 32 24.974 24.974 0 373349505
16 97 202.504 202.504 0 373349505
16 88 12.322 12.322 0 373349505
16 24 200.002 200.002 0 373349505
16 72 24.746 24.746 0 373349505
16 5 199.998 199.998 0 373349505
16 1 25.042 25.042 0 373349505
16 29 199.076 199.076 0 373349505
16 9 22.652 22.652 0 373349505
16 91 214.3 214.3 0 373349505
16 74 40.574 40.574 0 373349505
16 80 393.958 393.958 0 373349505
16 69 26.798 26.798 0 373349505
12 8 4.19 4.19 0 373349505
12 75 200.334 200.334 0 373349505
12 11 83.21 83.21 0 373349505
12 3 8.698 8.698 0 373349505
12 4 18.594 18.594 0 373349505
12 77 33.32 33.32 0 373349505
12 20 17.216 17.216 0 373349505
12 99 8.904 8.904 0 373349505
12 2 31.304 31.304 0 373349505
12 109 200.7 200.7 0 373349505
12 64 17.024 17.024 0 373349505
12 21 26.812 26.812 0 373349505
12 65 32.086 32.086 0 373349505
12 68 8.458 8.458 0 373349505
12 67 4.586 4.586 0 373349505
12 76 47.91 47.91 0 373349505
12 83 7.06 7.06 0 373349505
12 108 12.014 12.014 0 373349505
12 18 16.876 16.876 0 373349505
12 101 203.72 203.72 0 373349505
12 81 4.522 4.522 0 373349505
12 93 9.954 9.954 0 373349505
12 73 4.412 4.412 0 373349505
12 84 10.81 10.81 0 373349505
12 13 5.126 5.126 0 373349505
12 19 14.578 14.578 0 373349505
12 85 4.06 4.06 0 373349505
12 92 21.04 21.04 0 373349505
12 28 21.688 21.688 0 373349505
12 100 201.548 201.548 0 373349505
12 98 9.122 9.122 0 373349505
12 26 16.684 16.684 0 373349505
12 89 5.408 5.408 0 373349505
12 27 9.006 9.006 0 373349505
12 10 8.966 8.966 0 373349505
12 66 8.074 8.074 0 373349505
12 44 11.724 11.724 0 373349505
12 82 8.084 8.084 0 373349505
12 36 4.094 4.094 0 373349505
12 34 8.03 8.03 0 373349505
12 35 104.186 104.186 0 373349505
12 33 201.206 201.206 0 373349505
12 96 7.704 7.704 0 373349505
12 16 12.712 12.712 0 373349505
12 0 26.078 26.078 0 373349505
12 45 5.146 5.146 0 373349505
12 17 8.066 8.066 0 373349505
12 37 5.154 5.154 0 373349505
12 25 8.17 8.17 0 373349505
12 90 17.204 17.204 0 373349505
12 32 200.09 200.09 0 373349505
12 97 4.14 4.14 0 373349505
12 88 28.3 28.3 0 373349505
12 24 4.15 4.15 0 373349505
12 72 203.086 203.086 0 373349505
12 5 5.78 5.78 0 373349505
12 1 200.246 200.246 0 373349505
12 29 3.456 3.456 0 373349505
12 9 202.186 202.186 0 373349505
12 91 28.182 28.182 0 373349505
12 74 392.996 392.996 0 373349505
12 80 5.198 5.198 0 373349505
12 69 213.504 213.504 0 373349505
0 8 24.416 24.416 0 373349505
0 75 11.21 11.21 0 373349505
0 11 231.166 231.166 0 373349505
0 3 23.858 23.858 0 373349505
0 4 202.2 202.2 0 373349505
0 77 24.696 24.696 0 373349505
0 20 198.768 198.768 0 373349505
0 99 36.854 36.854 0 373349505
0 2 203.24 203.24 0 373349505
0 109 40.972 40.972 0 373349505
0 64 393.882 393.882 0 373349505
0 21 25.866 25.866 0 373349505
0 65 202.64 202.64 0 373349505
0 68 25.13 25.13 0 373349505
0 67 8.792 8.792 0 373349505
0 76 13.31 13.31 0 373349505
0 83 21.092 21.092 0 373349505
0 108 27.51 27.51 0 373349505
0 18 14.74 14.74 0 373349505
0 101 25.208 25.208 0 373349505
0 81 204.074 204.074 0 373349505
0 93 13.508 13.508 0 373349505
0 73 12.692 12.692 0 373349505
0 84 13.276 13.276 0 373349505
0 13 19.006 19.006 0 373349505
0 19 18.218 18.218 0 373349505
0 85 9.102 9.102 0 373349505
0 92 16.554 16.554 0 373349505
0 28 8.986 8.986 0 373349505
0 100 25.626 25.626 0 373349505
0 98 215.832 215.832 0 373349505
0 26 14 14 0 373349505
0 89 13.034 13.034 0 373349505
0 27 12.628 12.628 0 373349505
0 10 38.998 38.998 0 373349505
0 66 12.64 12.64 0 373349505
0 44 8.604 8.604 0 373349505
0 82 11.08 11.08 0 373349505
0 36 6.226 6.226 0 373349505
0 34 23.886 23.886 0 373349505
0 35 11.814 11.814 0 373349505
0 33 28.676 28.676 0 373349505
0 96 203.736 203.736 0 373349505
0 16 16.316 16.316 0 373349505
0 12 45.662 45.662 0 373349505
0 45 10.436 10.436 0 373349505
0 17 69.73 69.73 0 373349505
0 37 9.82 9.82 0 373349505
0 25 12.414 12.414 0 373349505
0 90 9.056 9.056 0 373349505
0 32 25.116 25.116 0 373349505
0 97 203.344 203.344 0 373349505
0 88 12.32 12.32 0 373349505
0 24 12.112 12.112 0 373349505
0 72 12.334 12.334 0 373349505
0 5 8.828 8.828 0 373349505
0 1 12.36 12.36 0 373349505
0 29 8.758 8.758 0 373349505
0 9 12.354 12.354 0 373349505
0 91 8.948 8.948 0 373349505
0 74 25.002 25.002 0 373349505
0 80 200.62 200.62 0 373349505
0 69 12.686 12.686 0 373349505
45 8 7.224 7.224 0 373349505
45 75 21.612 21.612 0 373349505
45 11 50.01 50.01 0 373349505
45 3 200.636 200.636 0 373349505
45 4 6.966 6.966 0 373349505
45 77 201.722 201.722 0 373349505
45 20 5.204 5.204 0 373349505
45 99 206.706 206.706 0 373349505
45 2 19.422 19.422 0 373349505
45 109 394.238 394.238 0 373349505
45 64 6.192 6.192 0 373349505
45 21 201.3 201.3 0 373349505
45 65 5.104 5.104 0 373349505
45 68 201.112 201.112 0 373349505
45 67 18.248 18.248 0 373349505
45 76 10.102 10.102 0 373349505
45 83 20.86 20.86 0 373349505
45 108 9.19 9.19 0 373349505
45 18 30.756 30.756 0 373349505
45 101 201.576 201.576 0 373349505
45 81 28.284 28.284 0 373349505
45 93 10.606 10.606 0 373349505
45 73 18.274 18.274 0 373349505
45 84 67.854 67.854 0 373349505
45 13 24.54 24.54 0 373349505
45 19 15.852 15.852 0 373349505
45 85 5.264 5.264 0 373349505
45 92 20.018 20.018 0 373349505
45 28 5.362 5.362 0 373349505
45 100 9.686 9.686 0 373349505
45 98 21.568 21.568 0 373349505
45 26 208.506 208.506 0 373349505
45 89 6.91 6.91 0 373349505
45 27 22.536 22.536 0 373349505
45 10 10.7 10.7 0 373349505
45 66 33.464 33.464 0 373349505
45 44 6.804 6.804 0 373349505
45 82 8.654 8.654 0 373349505
45 36 4.228 4.228 0 373349505
45 34 14.538 14.538 0 373349505
45 35 19.774 19.774 0 373349505
45 33 202.632 202.632 0 373349505
45 96 6.182 6.182 0 373349505
45 16 9.146 9.146 0 373349505
45 12 8.198 8.198 0 373349505
45 0 14.04 14.04 0 373349505
45 17 9.694 9.694 0 373349505
45 37 6.312 6.312 0 373349505
45 25 9.332 9.332 0 373349505
45 90 18.356 18.356 0 373349505
45 32 201.212 201.212 0 373349505
45 97 5.31 5.31 0 373349505
45 88 29.436 29.436 0 373349505
45 24 5.232 5.232 0 373349505
45 72 13.024 13.024 0 373349505
45 5 5.348 5.348 0 373349505
45 1 9.206 9.206 0 373349505
45 29 61.488 61.488 0 373349505
45 9 12 12 0 373349505
45 91 5.254 5.254 0 373349505
45 74 9.128 9.128 0 373349505
45 80 17.976 17.976 0 373349505
45 69 200.99 200.99 0 373349505
17 8 200.068 200.068 0 373349505
17 75 11.482 11.482 0 373349505
17 11 72.738 72.738 0 373349505
17 3 12.186 12.186 0 373349505
17 4 9.814 9.814 0 373349505
17 77 58.952 58.952 0 373349505
17 20 8.132 8.132 0 373349505
17 99 12.424 12.424 0 373349505
17 2 7.858 7.858 0 373349505
17 109 25.076 25.076 0 373349505
17 64 200.136 200.136 0 373349505
17 21 12.214 12.214 0 373349505
17 65 8.02 8.02 0 373349505
17 68 58.598 58.598 0 373349505
17 67 200.352 200.352 0 373349505
17 76 24.91 24.91 0 373349505
17 83 213.936 213.936 0 373349505
17 108 22.572 22.572 0 373349505
17 18 214.096 214.096 0 373349505
17 101 40.596 40.596 0 373349505
17 81 398.86 398.86 0 373349505
17 93 75.97 75.97 0 373349505
17 73 205.434 205.434 0 373349505
17 84 25.984 25.984 0 373349505
17 13 211.254 211.254 0 373349505
17 19 30.688 30.688 0 373349505
17 85 8.88 8.88 0 373349505
17 92 16.602 16.602 0 373349505
17 28 8.75 8.75 0 373349505
17 100 77.71 77.71 0 373349505
17 98 52.822 52.822 0 373349505
17 26 26.628 26.628 0 373349505
17 89 204.666 204.666 0 373349505
17 27 12.934 12.934 0 373349505
17 10 24.946 24.946 0 373349505
17 66 12.126 12.126 0 373349505
17 44 28.836 28.836 0 373349505
17 82 58.248 58.248 0 373349505
17 36 8.122 8.122 0 373349505
17 34 12.052 12.052 0 373349505
17 35 9.148 9.148 0 373349505
17 33 25.38 25.38 0 373349505
17 96 201.18 201.18 0 373349505
17 16 12.428 12.428 0 373349505
17 12 8.036 8.036 0 373349505
17 0 67.49 67.49 0 373349505
17 45 13.396 13.396 0 373349505
17 37 8.416 8.416 0 373349505
17 25 9.774 9.774 0 373349505
17 90 22.39 22.39 0 373349505
17 32 27.892 27.892 0 373349505
17 97 206.096 206.096 0 373349505
17 88 62.3 62.3 0 373349505
17 24 9.232 9.232 0 373349505
17 72 12.13 12.13 0 373349505
17 5 11.63 11.63 0 373349505
17 1 12.168 12.168 0 373349505
17 29 8.132 8.132 0 373349505
17 9 12.572 12.572 0 373349505
17 91 29.078 29.078 0 373349505
17 74 179.566 179.566 0 373349505
17 80 8.016 8.016 0 373349505
17 69 24.808 24.808 0 373349505
37 8 15.592 15.592 0 373349505
37 75 8.804 8.804 0 373349505
37 11 118.88 118.88 0 373349505
37 3 9.634 9.634 0 373349505
37 4 8.186 8.186 0 373349505
37 77 10.274 10.274 0 373349505
37 20 5.896 5.896 0 373349505
37 99 9.544 9.544 0 373349505
37 2 18.52 18.52 0 373349505
37 109 201.532 201.532 0 373349505
37 64 5.304 5.304 0 373349505
37 21 9.38 9.38 0 373349505
37 65 5.146 5.146 0 373349505
37 68 9.184 9.184 0 373349505
37 67 6.624 6.624 0 373349505
37 76 201.59 201.59 0 373349505
37 83 7.668 7.668 0 373349505
37 108 200.294 200.294 0 373349505
37 18 22.59 22.59 0 373349505
37 101 394.358 394.358 0 373349505
37 81 7.67 7.67 0 373349505
37 93 203.67 203.67 0 373349505
37 73 5.726 5.726 0 373349505
37 84 203.436 203.436 0 373349505
37 13 6.316 6.316 0 373349505
37 19 207.868 207.868 0 373349505
37 85 19.124 19.124 0 373349505
37 92 20.074 20.074 0 373349505
37 28 24.92 24.92 0 373349505
37 100 9.782 9.782 0 373349505
37 98 34.096 34.096 0 373349505
37 26 233.012 233.012 0 373349505
37 89 19.336 19.336 0 373349505
37 27 10.202 10.202 0 373349505
37 10 22.236 22.236 0 373349505
37 66 27.396 27.396 0 373349505
37 44 23.576 23.576 0 373349505
37 82 9.454 9.454 0 373349505
37 36 5.236 5.236 0 373349505
37 34 9.186 9.186 0 373349505
37 35 18.896 18.896 0 373349505
37 33 201.66 201.66 0 373349505
37 96 7.36 7.36 0 373349505
37 16 9.172 9.172 0 373349505
37 12 5.156 5.156 0 373349505
37 0 12.708 12.708 0 373349505
37 45 6.748 6.748 0 373349505
37 17 13.276 13.276 0 373349505
37 25 9.168 9.168 0 373349505
37 90 23.012 23.012 0 373349505
37 32 202.334 202.334 0 373349505
37 97 6.506 6.506 0 373349505
37 88 30.644 30.644 0 373349505
37 24 6.31 6.31 0 373349505
37 72 9.25 9.25 0 373349505
37 5 5.438 5.438 0 373349505
37 1 9.214 9.214 0 373349505
37 29 5.21 5.21 0 373349505
37 9 12.248 12.248 0 373349505
37 91 15.614 15.614 0 373349505
37 74 26.026 26.026 0 373349505
37 80 17.986 17.986 0 373349505
37 69 242.004 242.004 0 373349505
25 8 201.406 201.406 0 373349505
25 75 13.086 13.086 0 373349505
25 11 40.754 40.754 0 373349505
25 3 12.906 12.906 0 373349505
25 4 14.726 14.726 0 373349505
25 77 50.442 50.442 0 373349505
25 20 41.368 41.368 0 373349505
25 99 12.626 12.626 0 373349505
25 2 10.538 10.538 0 373349505
25 109 25.462 25.462 0 373349505
25 64 200.304 200.304 0 373349505
25 21 12.4 12.4 0 373349505
25 65 8.148 8.148 0 373349505
25 68 12.256 12.256 0 373349505
25 67 8.808 8.808 0 373349505
25 76 13.578 13.578 0 373349505
25 83 21.758 21.758 0 373349505
25 108 12.288 12.288 0 373349505
25 18 8.184 8.184 0 373349505
25 101 24.962 24.962 0 373349505
25 81 204.058 204.058 0 373349505
25 93 13.492 13.492 0 373349505
25 73 12.544 12.544 0 373349505
25 84 13.222 13.222 0 373349505
25 13 16.59 16.59 0 373349505
25 19 18.048 18.048 0 373349505
25 85 201.054 201.054 0 373349505
25 92 28.108 28.108 0 373349505
25 28 198.35 198.35 0 373349505
25 100 36.716 36.716 0 373349505
25 98 216.59 216.59 0 373349505
25 26 41.938 41.938 0 373349505
25 89 398.874 398.874 0 373349505
25 27 26.438 26.438 0 373349505
25 10 204.858 204.858 0 373349505
25 66 25.066 25.066 0 373349505
25 44 200.2 200.2 0 373349505
25 82 25.052 25.052 0 373349505
25 36 8.256 8.256 0 373349505
25 34 12.212 12.212 0 373349505
25 35 9.144 9.144 0 373349505
25 33 40.736 40.736 0 373349505
25 96 207.844 207.844 0 373349505
25 16 12.232 12.232 0 373349505
25 12 8.156 8.156 0 373349505
25 0 12.418 12.418 0 373349505
25 45 9.886 9.886 0 373349505
25 17 14.946 14.946 0 373349505
25 37 13.546 13.546 0 373349505
25 90 9.178 9.178 0 373349505
25 32 25.384 25.384 0 373349505
25 97 204.098 204.098 0 373349505
25 88 12.32 12.32 0 373349505
25 24 8.362 8.362 0 373349505
25 72 11.932 11.932 0 373349505
25 5 8.3 8.3 0 373349505
25 1 12.39 12.39 0 373349505
25 29 8.308 8.308 0 373349505
25 9 11.066 11.066 0 373349505
25 91 30.96 30.96 0 373349505
25 74 24.148 24.148 0 373349505
25 80 11.166 11.166 0 373349505
25 69 27.38 27.38 0 373349505
90 8 4.674 4.674 0 373349505
90 75 8.286 8.286 0 373349505
90 11 72.22 72.22 0 373349505
90 3 200.594 200.594 0 373349505
90 4 16.636 16.636 0 373349505
90 77 9.162 9.162 0 373349505
90 20 5.33 5.33 0 373349505
90 99 50.856 50.856 0 373349505
90 2 18.398 18.398 0 373349505
90 109 201.116 201.116 0 373349505
90 64 4.416 4.416 0 373349505
90 21 8.532 8.532 0 373349505
90 65 4.334 4.334 0 373349505
90 68 8.334 8.334 0 373349505
90 67 5.006 5.006 0 373349505
90 76 9.424 9.424 0 373349505
90 83 77.848 77.848 0 373349505
90 108 8.448 8.448 0 373349505
90 18 4.382 4.382 0 373349505
90 101 9.27 9.27 0 373349505
90 81 17.73 17.73 0 373349505
90 93 205.046 205.046 0 373349505
90 73 4.788 4.788 0 373349505
90 84 10.674 10.674 0 373349505
90 13 5.46 5.46 0 373349505
90 19 15.224 15.224 0 373349505
90 85 4.744 4.744 0 373349505
90 92 210.44 210.44 0 373349505
90 28 3.594 3.594 0 373349505
90 100 206.13 206.13 0 373349505
90 98 21.68 21.68 0 373349505
90 26 413.488 413.488 0 373349505
90 89 6.706 6.706 0 373349505
90 27 201.502 201.502 0 373349505
90 10 9.468 9.468 0 373349505
90 66 200.504 200.504 0 373349505
90 44 4.444 4.444 0 373349505
90 82 200.452 200.452 0 373349505
90 36 17.248 17.248 0 373349505
90 34 8.438 8.438 0 373349505
90 35 30.88 30.88 0 373349505
90 33 200.876 200.876 0 373349505
90 96 18.182 18.182 0 373349505
90 16 8.378 8.378 0 373349505
90 12 17.18 17.18 0 373349505
90 0 9.254 9.254 0 373349505
90 45 18.492 18.492 0 373349505
90 17 26.544 26.544 0 373349505
90 37 27.028 27.028 0 373349505
90 25 12.576 12.576 0 373349505
90 32 9.012 9.012 0 373349505
90 97 17.312 17.312 0 373349505
90 88 221.138 221.138 0 373349505
90 24 4.53 4.53 0 373349505
90 72 8.352 8.352 0 373349505
90 5 6.162 6.162 0 373349505
90 1 8.538 8.538 0 373349505
90 29 4.404 4.404 0 373349505
90 9 11.092 11.092 0 373349505
90 91 3.498 3.498 0 373349505
90 74 37.884 37.884 0 373349505
90 80 18.15 18.15 0 373349505
90 69 201.374 201.374 0 373349505
32 8 200.15 200.15 0 373349505
32 75 11.092 11.092 0 373349505
32 11 48.036 48.036 0 373349505
32 3 25.368 25.368 0 373349505
32 4 201.828 201.828 0 373349505
32 77 12.2 12.2 0 373349505
32 20 8.162 8.162 0 373349505
32 99 10.122 10.122 0 373349505
32 2 22.402 22.402 0 373349505
32 109 28.324 28.324 0 373349505
32 64 236.07 236.07 0 373349505
32 21 14.1 14.1 0 373349505
32 65 9.082 9.082 0 373349505
32 68 12.142 12.142 0 373349505
32 67 8.664 8.664 0 373349505
32 76 13.106 13.106 0 373349505
32 83 23.2 23.2 0 373349505
32 108 12.3 12.3 0 373349505
32 18 8.168 8.168 0 373349505
32 101 12.75 12.75 0 373349505
32 81 11.952 11.952 0 373349505
32 93 26.188 26.188 0 373349505
32 73 204.264 204.264 0 373349505
32 84 94.802 94.802 0 373349505
32 13 17.784 17.784 0 373349505
32 19 17.814 17.814 0 373349505
32 85 33.706 33.706 0 373349505
32 92 16.726 16.726 0 373349505
32 28 29.684 29.684 0 373349505
32 100 12.254 12.254 0 373349505
32 98 21.654 21.654 0 373349505
32 26 26.728 26.728 0 373349505
32 89 217.112 217.112 0 373349505
32 27 12.472 12.472 0 373349505
32 10 12.918 12.918 0 373349505
32 66 12.196 12.196 0 373349505
32 44 8.122 8.122 0 373349505
32 82 12.258 12.258 0 373349505
32 36 198.598 198.598 0 373349505
32 34 22.368 22.368 0 373349505
32 35 215.316 215.316 0 373349505
32 33 41.152 41.152 0 373349505
32 96 395.596 395.596 0 373349505
32 16 26.928 26.928 0 373349505
32 12 201.054 201.054 0 373349505
32 0 25.102 25.102 0 373349505
32 45 201.202 201.202 0 373349505
32 17 24.924 24.924 0 373349505
32 37 201.296 201.296 0 373349505
32 25 28.23 28.23 0 373349505
32 90 12.586 12.586 0 373349505
32 97 13.74 13.74 0 373349505
32 88 40.188 40.188 0 373349505
32 24 206.476 206.476 0 373349505
32 72 12.292 12.292 0 373349505
32 5 8.21 8.21 0 373349505
32 1 12.196 12.196 0 373349505
32 29 8.224 8.224 0 373349505
32 9 12.262 12.262 0 373349505
32 91 8.568 8.568 0 373349505
32 74 12.29 12.29 0 373349505
32 80 8.348 8.348 0 373349505
32 69 24.918 24.918 0 373349505
97 8 4.578 4.578 0 373349505
97 75 10.828 10.828 0 373349505
97 11 50.43 50.43 0 373349505
97 3 10.854 10.854 0 373349505
97 4 6.228 6.228 0 373349505
97 77 15.998 15.998 0 373349505
97 20 4.702 4.702 0 373349505
97 99 10.93 10.93 0 373349505
97 2 21.714 21.714 0 373349505
97 109 205.988 205.988 0 373349505
97 64 5.252 5.252 0 373349505
97 21 15.494 15.494 0 373349505
97 65 14.414 14.414 0 373349505
97 68 13.536 13.536 0 373349505
97 67 4.732 4.732 0 373349505
97 76 56.568 56.568 0 373349505
97 83 6.802 6.802 0 373349505
97 108 13.884 13.884 0 373349505
97 18 4.352 4.352 0 373349505
97 101 12.676 12.676 0 373349505
97 81 17.494 17.494 0 373349505
97 93 205.86 205.86 0 373349505
97 73 4.478 4.478 0 373349505
97 84 13.602 13.602 0 373349505
97 13 5.598 5.598 0 373349505
97 19 18.382 18.382 0 373349505
97 85 4.306 4.306 0 373349505
97 92 48.498 48.498 0 373349505
97 28 4.432 4.432 0 373349505
97 100 13.352 13.352 0 373349505
97 98 20.216 20.216 0 373349505
97 26 210.69 210.69 0 373349505
97 89 6.692 6.692 0 373349505
97 27 13.544 13.544 0 373349505
97 10 9.114 9.114 0 373349505
97 66 13.03 13.03 0 373349505
97 44 5.898 5.898 0 373349505
97 82 14.486 14.486 0 373349505
97 36 11.286 11.286 0 373349505
97 34 205.218 205.218 0 373349505
97 35 88.554 88.554 0 373349505
97 33 396.502 396.502 0 373349505
97 96 6.404 6.404 0 373349505
97 16 202.516 202.516 0 373349505
97 12 4.138 4.138 0 373349505
97 0 203.55 203.55 0 373349505
97 45 5.286 5.286 0 373349505
97 17 203.76 203.76 0 373349505
97 37 5.524 5.524 0 373349505
97 25 204.232 204.232 0 373349505
97 90 20.302 20.302 0 373349505
97 32 17.202 17.202 0 373349505
97 88 226.126 226.126 0 373349505
97 24 17.124 17.124 0 373349505
97 72 13.2 13.2 0 373349505
97 5 17.688 17.688 0 373349505
97 1 25.688 25.688 0 373349505
97 29 16.986 16.986 0 373349505
97 9 35.084 35.084 0 373349505
97 91 23.78 23.78 0 373349505
97 74 12.482 12.482 0 373349505
97 80 16.958 16.958 0 373349505
97 69 220.732 220.732 0 373349505
88 8 222.032 222.032 0 373349505
88 75 27.08 27.08 0 373349505
88 11 62.642 62.642 0 373349505
88 3 12.248 12.248 0 373349505
88 4 30.202 30.202 0 373349505
88 77 12.794 12.794 0 373349505
88 20 30.462 30.462 0 373349505
88 99 12.532 12.532 0 373349505
88 2 29.698 29.698 0 373349505
88 109 25.236 25.236 0 373349505
88 64 218.458 218.458 0 373349505
88 21 12.31 12.31 0 373349505
88 65 27.686 27.686 0 373349505
88 68 12.104 12.104 0 373349505
88 67 64.106 64.106 0 373349505
88 76 12.922 12.922 0 373349505
88 83 44.592 44.592 0 373349505
88 108 11.306 11.306 0 373349505
88 18 29.118 29.118 0 373349505
88 101 23.856 23.856 0 373349505
88 81 34.598 34.598 0 373349505
88 93 29.11 29.11 0 373349505
88 73 226.13 226.13 0 373349505
88 84 14.39 14.39 0 373349505
88 13 38.298 38.298 0 373349505
88 19 17.844 17.844 0 373349505
88 85 28.528 28.528 0 373349505
88 92 16.36 16.36 0 373349505
88 28 32.562 32.562 0 373349505
88 100 12.306 12.306 0 373349505
88 98 44.79 44.79 0 373349505
88 26 26.136 26.136 0 373349505
88 89 225.79 225.79 0 373349505
88 27 12.502 12.502 0 373349505
88 10 34.666 34.666 0 373349505
88 66 12.198 12.198 0 373349505
88 44 27.94 27.94 0 373349505
88 82 12.202 12.202 0 373349505
88 36 27.096 27.096 0 373349505
88 34 12.15 12.15 0 373349505
88 35 29.25 29.25 0 373349505
88 33 25.388 25.388 0 373349505
88 96 221.388 221.388 0 373349505
88 16 12.432 12.432 0 373349505
88 12 28.318 28.318 0 373349505
88 0 12.322 12.322 0 373349505
88 45 29.436 29.436 0 373349505
88 17 64.526 64.526 0 373349505
88 37 29.628 29.628 0 373349505
88 25 10.91 10.91 0 373349505
88 90 221.128 221.128 0 373349505
88 32 37.03 37.03 0 373349505
88 97 232.7 232.7 0 373349505
88 24 414.222 414.222 0 373349505
88 72 26.148 26.148 0 373349505
88 5 246.934 246.934 0 373349505
88 1 25.826 25.826 0 373349505
88 29 234.13 234.13 0 373349505
88 9 25.08 25.08 0 373349505
88 91 222.956 222.956 0 373349505
88 74 24.97 24.97 0 373349505
88 80 26.866 26.866 0 373349505
88 69 24.96 24.96 0 373349505
24 8 18.11 18.11 0 373349505
24 75 11.21 11.21 0 373349505
24 11 61.048 61.048 0 373349505
24 3 21.058 21.058 0 373349505
24 4 19.3 19.3 0 373349505
24 77 8.962 8.962 0 373349505
24 20 17.908 17.908 0 373349505
24 99 26.58 26.58 0 373349505
24 2 23.222 23.222 0 373349505
24 109 8.382 8.382 0 373349505
24 64 17.278 17.278 0 373349505
24 21 200.308 200.308 0 373349505
24 65 4.168 4.168 0 373349505
24 68 8.22 8.22 0 373349505
24 67 4.998 4.998 0 373349505
24 76 9.296 9.296 0 373349505
24 83 6.906 6.906 0 373349505
24 108 8.472 8.472 0 373349505
24 18 3.368 3.368 0 373349505
24 101 13.808 13.808 0 373349505
24 81 28.524 28.524 0 373349505
24 93 202.736 202.736 0 373349505
24 73 5.854 5.854 0 373349505
24 84 51.89 51.89 0 373349505
24 13 5.372 5.372 0 373349505
24 19 14.07 14.07 0 373349505
24 85 4.666 4.666 0 373349505
24 92 31.914 31.914 0 373349505
24 28 4.436 4.436 0 373349505
24 100 8.826 8.826 0 373349505
24 98 20.218 20.218 0 373349505
24 26 207.888 207.888 0 373349505
24 89 5.658 5.658 0 373349505
24 27 9.214 9.214 0 373349505
24 10 7.784 7.784 0 373349505
24 66 8.206 8.206 0 373349505
24 44 4.318 4.318 0 373349505
24 82 8.202 8.202 0 373349505
24 36 4.234 4.234 0 373349505
24 34 8.36 8.36 0 373349505
24 35 5.15 5.15 0 373349505
24 33 8.72 8.72 0 373349505
24 96 18.32 18.32 0 373349505
24 16 200.032 200.032 0 373349505
24 12 4.174 4.174 0 373349505
24 0 11.442 11.442 0 373349505
24 45 5.244 5.244 0 373349505
24 17 8.42 8.42 0 373349505
24 37 7.042 7.042 0 373349505
24 25 7.692 7.692 0 373349505
24 90 3.618 3.618 0 373349505
24 32 206.05 206.05 0 373349505
24 97 20.652 20.652 0 373349505
24 88 416.68 416.68 0 373349505
24 72 200.63 200.63 0 373349505
24 5 4.326 4.326 0 373349505
24 1 224.542 224.542 0 373349505
24 29 62.914 62.914 0 373349505
24 9 203.524 203.524 0 373349505
24 91 4.342 4.342 0 373349505
24 74 200.36 200.36 0 373349505
24 80 29.786 29.786 0 373349505
24 69 200.184 200.184 0 373349505
72 8 394.194 394.194 0 373349505
72 75 26.352 26.352 0 373349505
72 11 233.942 233.942 0 373349505
72 3 25.71 25.71 0 373349505
72 4 214.62 214.62 0 373349505
72 77 24.996 24.996 0 373349505
72 20 200.364 200.364 0 373349505
72 99 25.354 25.354 0 373349505
72 2 202.204 202.204 0 373349505
72 109 25.308 25.308 0 373349505
72 64 8.2 8.2 0 373349505
72 21 25.12 25.12 0 373349505
72 65 199.872 199.872 0 373349505
72 68 27.326 27.326 0 373349505
72 67 15.148 15.148 0 373349505
72 76 13.188 13.188 0 373349505
72 83 20.536 20.536 0 373349505
72 108 12.184 12.184 0 373349505
72 18 40.928 40.928 0 373349505
72 101 12.118 12.118 0 373349505
72 81 11.928 11.928 0 373349505
72 93 26.28 26.28 0 373349505
72 73 228.946 228.946 0 373349505
72 84 13.504 13.504 0 373349505
72 13 20.17 20.17 0 373349505
72 19 17.876 17.876 0 373349505
72 85 8.77 8.77 0 373349505
72 92 17.158 17.158 0 373349505
72 28 19.09 19.09 0 373349505
72 100 10.29 10.29 0 373349505
72 98 35.936 35.936 0 373349505
72 26 29.338 29.338 0 373349505
72 89 207.862 207.862 0 373349505
72 27 14.142 14.142 0 373349505
72 10 12.556 12.556 0 373349505
72 66 12.212 12.212 0 373349505
72 44 8.13 8.13 0 373349505
72 82 12.234 12.234 0 373349505
72 36 29.044 29.044 0 373349505
72 34 12.136 12.136 0 373349505
72 35 9.082 9.082 0 373349505
72 33 14.596 14.596 0 373349505
72 96 9.146 9.146 0 373349505
72 16 25.14 25.14 0 373349505
72 12 202.306 202.306 0 373349505
72 0 12.35 12.35 0 373349505
72 45 11.984 11.984 0 373349505
72 17 12.148 12.148 0 373349505
72 37 9.268 9.268 0 373349505
72 25 12.32 12.32 0 373349505
72 90 8.486 8.486 0 373349505
72 32 12.566 12.566 0 373349505
72 97 13.23 13.23 0 373349505
72 88 28.194 28.194 0 373349505
72 24 204.26 204.26 0 373349505
72 5 8.808 8.808 0 373349505
72 1 12.222 12.222 0 373349505
72 29 8.168 8.168 0 373349505
72 9 14.23 14.23 0 373349505
72 91 6.8 6.8 0 373349505
72 74 100.628 100.628 0 373349505
72 80 213.896 213.896 0 373349505
72 69 40.748 40.748 0 373349505
5 8 5.32 5.32 0 373349505
5 75 217.526 217.526 0 373349505
5 11 104.088 104.088 0 373349505
5 3 200.672 200.672 0 373349505
5 4 7.17 7.17 0 373349505
5 77 200.974 200.974 0 373349505
5 20 11.148 11.148 0 373349505
5 99 200.47 200.47 0 373349505
5 2 4.736 4.736 0 373349505
5 109 200.426 200.426 0 373349505
5 64 30.87 30.87 0 373349505
5 21 200.604 200.604 0 373349505
5 65 16.952 16.952 0 373349505
5 68 8.134 8.134 0 373349505
5 67 17.678 17.678 0 373349505
5 76 9.228 9.228 0 373349505
5 83 19.82 19.82 0 373349505
5 108 8.262 8.262 0 373349505
5 18 17.014 17.014 0 373349505
5 101 26.402 26.402 0 373349505
5 81 35.862 35.862 0 373349505
5 93 202.132 202.132 0 373349505
5 73 4.514 4.514 0 373349505
5 84 34.666 34.666 0 373349505
5 13 5.956 5.956 0 373349505
5 19 13.836 13.836 0 373349505
5 85 4.266 4.266 0 373349505
5 92 19.032 19.032 0 373349505
5 28 13.67 13.67 0 373349505
5 100 7.66 7.66 0 373349505
5 98 31.48 31.48 0 373349505
5 26 250.13 250.13 0 373349505
5 89 6.56 6.56 0 373349505
5 27 10.226 10.226 0 373349505
5 10 8.118 8.118 0 373349505
5 66 8.444 8.444 0 373349505
5 44 4.24 4.24 0 373349505
5 82 8.158 8.158 0 373349505
5 36 4.396 4.396 0 373349505
5 34 8.194 8.194 0 373349505
5 35 4.966 4.966 0 373349505
5 33 11.818 11.818 0 373349505
5 96 18.446 18.446 0 373349505
5 16 200.136 200.136 0 373349505
5 12 5.158 5.158 0 373349505
5 0 9.03 9.03 0 373349505
5 45 5.338 5.338 0 373349505
5 17 10.718 10.718 0 373349505
5 37 5.418 5.418 0 373349505
5 25 8.336 8.336 0 373349505
5 90 5.534 5.534 0 373349505
5 32 8.232 8.232 0 373349505
5 97 17.772 17.772 0 373349505
5 88 234.694 234.694 0 373349505
5 24 7.476 7.476 0 373349505
5 72 12.076 12.076 0 373349505
5 1 8.678 8.678 0 373349505
5 29 4.238 4.238 0 373349505
5 9 11.446 11.446 0 373349505
5 91 5.266 5.266 0 373349505
5 74 7.392 7.392 0 373349505
5 80 21.61 21.61 0 373349505
5 69 392.99 392.99 0 373349505
1 8 200.102 200.102 0 373349505
1 75 11.016 11.016 0 373349505
1 11 28.942 28.942 0 373349505
1 3 12.382 12.382 0 373349505
1 4 10.268 10.268 0 373349505
1 77 62.676 62.676 0 373349505
1 20 8.178 8.178 0 373349505
1 99 11.342 11.342 0 373349505
1 2 6.16 6.16 0 373349505
1 109 24.058 24.058 0 373349505
1 64 203.002 203.002 0 373349505
1 21 40.81 40.81 0 373349505
1 65 393.99 393.99 0 373349505
1 68 26.53 26.53 0 373349505
1 67 200.756 200.756 0 373349505
1 76 25.982 25.982 0 373349505
1 83 213.894 213.894 0 373349505
1 108 25.088 25.088 0 373349505
1 18 200.108 200.108 0 373349505
1 101 24.922 24.922 0 373349505
1 81 204.03 204.03 0 373349505
1 93 38.962 38.962 0 373349505
1 73 237.174 237.174 0 373349505
1 84 13.164 13.164 0 373349505
1 13 18.55 18.55 0 373349505
1 19 32.938 32.938 0 373349505
1 85 15.404 15.404 0 373349505
1 92 16.368 16.368 0 373349505
1 28 8.844 8.844 0 373349505
1 100 12.192 12.192 0 373349505
1 98 21.596 21.596 0 373349505
1 26 26.296 26.296 0 373349505
1 89 205.186 205.186 0 373349505
1 27 12.466 12.466 0 373349505
1 10 11.788 11.788 0 373349505
1 66 12.336 12.336 0 373349505
1 44 8.17 8.17 0 373349505
1 82 12.132 12.132 0 373349505
1 36 8.204 8.204 0 373349505
1 34 12.502 12.502 0 373349505
1 35 6.492 6.492 0 373349505
1 33 24.058 24.058 0 373349505
1 96 12.152 12.152 0 373349505
1 16 27.294 27.294 0 373349505
1 12 202.108 202.108 0 373349505
1 0 13.316 13.316 0 373349505
1 45 9.218 9.218 0 373349505
1 17 12.168 12.168 0 373349505
1 37 9.208 9.208 0 373349505
1 25 12.512 12.512 0 373349505
1 90 8.524 8.524 0 373349505
1 32 12.216 12.216 0 373349505
1 97 37.876 37.876 0 373349505
1 88 25.826 25.826 0 373349505
1 24 212.414 212.414 0 373349505
1 72 15.18 15.18 0 373349505
1 5 12.572 12.572 0 373349505
1 29 8.788 8.788 0 373349505
1 9 12.254 12.254 0 373349505
1 91 8.392 8.392 0 373349505
1 74 12.102 12.102 0 373349505
1 80 8.096 8.096 0 373349505
1 69 24.906 24.906 0 373349505
29 8 16.948 16.948 0 373349505
29 75 199.564 199.564 0 373349505
29 11 56.472 56.472 0 373349505
29 3 8.404 8.404 0 373349505
29 4 6.306 6.306 0 373349505
29 77 8.806 8.806 0 373349505
29 20 73.586 73.586 0 373349505
29 99 20.298 20.298 0 373349505
29 2 3.97 3.97 0 373349505
29 109 13.646 13.646 0 373349505
29 64 18.022 18.022 0 373349505
29 21 393.154 393.154 0 373349505
29 65 5.144 5.144 0 373349505
29 68 200.126 200.126 0 373349505
29 67 102.352 102.352 0 373349505
29 76 203.684 203.684 0 373349505
29 83 66.552 66.552 0 373349505
29 108 200.216 200.216 0 373349505
29 18 4.442 4.442 0 373349505
29 101 200.312 200.312 0 373349505
29 81 17.43 17.43 0 373349505
29 93 393.652 393.652 0 373349505
29 73 124.578 124.578 0 373349505
29 84 23.116 23.116 0 373349505
29 13 18.054 18.054 0 373349505
29 19 14.228 14.228 0 373349505
29 85 17.048 17.048 0 373349505
29 92 19.042 19.042 0 373349505
29 28 17.138 17.138 0 373349505
29 100 8.636 8.636 0 373349505
29 98 110.792 110.792 0 373349505
29 26 34.114 34.114 0 373349505
29 89 36.614 36.614 0 373349505
29 27 200.922 200.922 0 373349505
29 10 7.228 7.228 0 373349505
29 66 8.186 8.186 0 373349505
29 44 14.002 14.002 0 373349505
29 82 8.194 8.194 0 373349505
29 36 43.256 43.256 0 373349505
29 34 52.624 52.624 0 373349505
29 35 5.572 5.572 0 373349505
29 33 13.85 13.85 0 373349505
29 96 18.89 18.89 0 373349505
29 16 201.334 201.334 0 373349505
29 12 4.048 4.048 0 373349505
29 0 8.982 8.982 0 373349505
29 45 56.152 56.152 0 373349505
29 17 8.134 8.134 0 373349505
29 37 5.212 5.212 0 373349505
29 25 8.344 8.344 0 373349505
29 90 4.43 4.43 0 373349505
29 32 8.232 8.232 0 373349505
29 97 16.996 16.996 0 373349505
29 88 246.274 246.274 0 373349505
29 24 57.532 57.532 0 373349505
29 72 10.716 10.716 0 373349505
29 5 4.762 4.762 0 373349505
29 1 12.252 12.252 0 373349505
29 9 11.828 11.828 0 373349505
29 91 4.19 4.19 0 373349505
29 74 8.124 8.124 0 373349505
29 80 54.72 54.72 0 373349505
29 69 8.138 8.138 0 373349505
9 8 11.496 11.496 0 373349505
9 75 23.856 23.856 0 373349505
9 11 240.984 240.984 0 373349505
9 3 12.506 12.506 0 373349505
9 4 13.258 13.258 0 373349505
9 77 11.924 11.924 0 373349505
9 20 31.936 31.936 0 373349505
9 99 12.904 12.904 0 373349505
9 2 24.598 24.598 0 373349505
9 109 12.582 12.582 0 373349505
9 64 11.406 11.406 0 373349505
9 21 25.228 25.228 0 373349505
9 65 203.3 203.3 0 373349505
9 68 12.142 12.142 0 373349505
9 67 12.004 12.004 0 373349505
9 76 13.204 13.204 0 373349505
9 83 24.052 24.052 0 373349505
9 108 12.2 12.2 0 373349505
9 18 34.97 34.97 0 373349505
9 101 10.056 10.056 0 373349505
9 81 29.142 29.142 0 373349505
9 93 29.178 29.178 0 373349505
9 73 401.824 401.824 0 373349505
9 84 136.96 136.96 0 373349505
9 13 227.608 227.608 0 373349505
9 19 30.73 30.73 0 373349505
9 85 239.45 239.45 0 373349505
9 92 29.214 29.214 0 373349505
9 28 206.058 206.058 0 373349505
9 100 25.106 25.106 0 373349505
9 98 237.724 237.724 0 373349505
9 26 26.122 26.122 0 373349505
9 89 208.106 208.106 0 373349505
9 27 38.248 38.248 0 373349505
9 10 207.296 207.296 0 373349505
9 66 12.172 12.172 0 373349505
9 44 11.506 11.506 0 373349505
9 82 27.46 27.46 0 373349505
9 36 17.854 17.854 0 373349505
9 34 12.4 12.4 0 373349505
9 35 12.272 12.272 0 373349505
9 33 12.582 12.582 0 373349505
9 96 12.368 12.368 0 373349505
9 16 25.188 25.188 0 373349505
9 12 203.21 203.21 0 373349505
9 0 12.324 12.324 0 373349505
9 45 11.984 11.984 0 373349505
9 17 12.666 12.666 0 373349505
9 37 12.236 12.236 0 373349505
9 25 12.268 12.268 0 373349505
9 90 9.636 9.636 0 373349505
9 32 10.192 10.192 0 373349505
9 97 30.974 30.974 0 373349505
9 88 28.056 28.056 0 373349505
9 24 206.316 206.316 0 373349505
9 72 16.226 16.226 0 373349505
9 5 13.07 13.07 0 373349505
9 1 14.346 14.346 0 373349505
9 29 15.406 15.406 0 373349505
9 91 12.22 12.22 0 373349505
9 74 12.24 12.24 0 373349505
9 80 11.312 11.312 0 373349505
9 69 12.086 12.086 0 373349505
91 8 19.19 19.19 0 373349505
91 75 200.072 200.072 0 373349505
91 11 39.448 39.448 0 373349505
91 3 9.112 9.112 0 373349505
91 4 6.382 6.382 0 373349505
91 77 9.202 9.202 0 373349505
91 20 4.746 4.746 0 373349505
91 99 8.81 8.81 0 373349505
91 2 5.51 5.51 0 373349505
91 109 27.5 27.5 0 373349505
91 64 17.13 17.13 0 373349505
91 21 201.606 201.606 0 373349505
91 65 4.162 4.162 0 373349505
91 68 8.336 8.336 0 373349505
91 67 5.186 5.186 0 373349505
91 76 9.622 9.622 0 373349505
91 83 7.532 7.532 0 373349505
91 108 8.502 8.502 0 373349505
91 18 3.736 3.736 0 373349505
91 101 31.78 31.78 0 373349505
91 81 22.038 22.038 0 373349505
91 93 202.854 202.854 0 373349505
91 73 6.558 6.558 0 373349505
91 84 203.426 203.426 0 373349505
91 13 5.318 5.318 0 373349505
91 19 206.032 206.032 0 373349505
91 85 4.32 4.32 0 373349505
91 92 211.232 211.232 0 373349505
91 28 4.432 4.432 0 373349505
91 100 201.282 201.282 0 373349505
91 98 7.384 7.384 0 373349505
91 26 208.17 208.17 0 373349505
91 89 18.286 18.286 0 373349505
91 27 393.392 393.392 0 373349505
91 10 21.024 21.024 0 373349505
91 66 8.386 8.386 0 373349505
91 44 17.004 17.004 0 373349505
91 82 8.4 8.4 0 373349505
91 36 17.056 17.056 0 373349505
91 34 10.774 10.774 0 373349505
91 35 94.554 94.554 0 373349505
91 33 8.776 8.776 0 373349505
91 96 30.794 30.794 0 373349505
91 16 218.438 218.438 0 373349505
91 12 32.418 32.418 0 373349505
91 0 9.178 9.178 0 373349505
91 45 5.254 5.254 0 373349505
91 17 49.824 49.824 0 373349505
91 37 12.458 12.458 0 373349505
91 25 20.926 20.926 0 373349505
91 90 3.736 3.736 0 373349505
91 32 7.58 7.58 0 373349505
91 97 23.514 23.514 0 373349505
91 88 223.962 223.962 0 373349505
91 24 5.324 5.324 0 373349505
91 72 10.102 10.102 0 373349505
91 5 5.37 5.37 0 373349505
91 1 8.39 8.39 0 373349505
91 29 6.916 6.916 0 373349505
91 9 15.586 15.586 0 373349505
91 74 8.726 8.726 0 373349505
91 80 5.214 5.214 0 373349505
91 69 8.376 8.376 0 373349505
74 8 11.314 11.314 0 373349505
74 75 26.418 26.418 0 373349505
74 11 224.158 224.158 0 373349505
74 3 14.116 14.116 0 373349505
74 4 10.104 10.104 0 373349505
74 77 12.174 12.174 0 373349505
74 20 8 8 0 373349505
74 99 100.26 100.26 0 373349505
74 2 10.094 10.094 0 373349505
74 109 12.87 12.87 0 373349505
74 64 20.242 20.242 0 373349505
74 21 25.534 25.534 0 373349505
74 65 202.426 202.426 0 373349505
74 68 12.172 12.172 0 373349505
74 67 33.372 33.372 0 373349505
74 76 122.748 122.748 0 373349505
74 83 22.022 22.022 0 373349505
74 108 12.082 12.082 0 373349505
74 18 8.014 8.014 0 373349505
74 101 11.986 11.986 0 373349505
74 81 11.868 11.868 0 373349505
74 93 26.072 26.072 0 373349505
74 73 204.298 204.298 0 373349505
74 84 106.762 106.762 0 373349505
74 13 19.286 19.286 0 373349505
74 19 17.744 17.744 0 373349505
74 85 8.936 8.936 0 373349505
74 92 16.3 16.3 0 373349505
74 28 7.15 7.15 0 373349505
74 100 11.874 11.874 0 373349505
74 98 19.434 19.434 0 373349505
74 26 116.736 116.736 0 373349505
74 89 16.12 16.12 0 373349505
74 27 27.44 27.44 0 373349505
74 10 396.93 396.93 0 373349505
74 66 25.84 25.84 0 373349505
74 44 202.72 202.72 0 373349505
74 82 24.95 24.95 0 373349505
74 36 201.452 201.452 0 373349505
74 34 118.426 118.426 0 373349505
74 35 200.914 200.914 0 373349505
74 33 25.306 25.306 0 373349505
74 96 201.098 201.098 0 373349505
74 16 37.6 37.6 0 373349505
74 12 391.988 391.988 0 373349505
74 0 25.004 25.004 0 373349505
74 45 9.11 9.11 0 373349505
74 17 178.722 178.722 0 373349505
74 37 42.298 42.298 0 373349505
74 25 27.934 27.934 0 373349505
74 90 26.88 26.88 0 373349505
74 32 12.374 12.374 0 373349505
74 97 12.49 12.49 0 373349505
74 88 25.004 25.004 0 373349505
74 24 200.258 200.258 0 373349505
74 72 97.474 97.474 0 373349505
74 5 8.292 8.292 0 373349505
74 1 12.088 12.088 0 373349505
74 29 8.16 8.16 0 373349505
74 9 14.852 14.852 0 373349505
74 91 11.304 11.304 0 373349505
74 80 6.656 6.656 0 373349505
74 69 136.918 136.918 0 373349505
80 8 18.01 18.01 0 373349505
80 75 200.838 200.838 0 373349505
80 11 50.112 50.112 0 373349505
80 3 8.292 8.292 0 373349505
80 4 6.388 6.388 0 373349505
80 77 21.51 21.51 0 373349505
80 20 4.83 4.83 0 373349505
80 99 8.306 8.306 0 373349505
80 2 4.982 4.982 0 373349505
80 109 11.994 11.994 0 373349505
80 64 16.928 16.928 0 373349505
80 21 200.458 200.458 0 373349505
80 65 4.028 4.028 0 373349505
80 68 8.072 8.072 0 373349505
80 67 4.74 4.74 0 373349505
80 76 33.52 33.52 0 373349505
80 83 16.398 16.398 0 373349505
80 108 8.154 8.154 0 373349505
80 18 4.29 4.29 0 373349505
80 101 62.296 62.296 0 373349505
80 81 4.532 4.532 0 373349505
80 93 9.528 9.528 0 373349505
80 73 17.2 17.2 0 373349505
80 84 205.214 205.214 0 373349505
80 13 5.222 5.222 0 373349505
80 19 13.788 13.788 0 373349505
80 85 4.174 4.174 0 373349505
80 92 19.038 19.038 0 373349505
80 28 3.764 3.764 0 373349505
80 100 8.6 8.6 0 373349505
80 98 6.318 6.318 0 373349505
80 26 20.824 20.824 0 373349505
80 89 19.202 19.202 0 373349505
80 27 202.084 202.084 0 373349505
80 10 9.038 9.038 0 373349505
80 66 199.884 199.884 0 373349505
80 44 4.068 4.068 0 373349505
80 82 200.084 200.084 0 373349505
80 36 4.142 4.142 0 373349505
80 34 200.032 200.032 0 373349505
80 35 4.868 4.868 0 373349505
80 33 200.634 200.634 0 373349505
80 96 17.87 17.87 0 373349505
80 16 392.018 392.018 0 373349505
80 12 4.388 4.388 0 373349505
80 0 200.83 200.83 0 373349505
80 45 17.99 17.99 0 373349505
80 17 8.044 8.044 0 373349505
80 37 17.984 17.984 0 373349505
80 25 8.202 8.202 0 373349505
80 90 17.206 17.206 0 373349505
80 32 8.574 8.574 0 373349505
80 97 16.96 16.96 0 373349505
80 88 26.892 26.892 0 373349505
80 24 29.764 29.764 0 373349505
80 72 218.546 218.546 0 373349505
80 5 22.57 22.57 0 373349505
80 1 8.088 8.088 0 373349505
80 29 59.348 59.348 0 373349505
80 9 11.378 11.378 0 373349505
80 91 7.962 7.962 0 373349505
80 74 12.158 12.158 0 373349505
80 69 13.668 13.668 0 373349505
69 8 9.364 9.364 0 373349505
69 75 23.74 23.74 0 373349505
69 11 239.87 239.87 0 373349505
69 3 12.73 12.73 0 373349505
69 4 9.906 9.906 0 373349505
69 77 12.076 12.076 0 373349505
69 20 20.254 20.254 0 373349505
69 99 12.562 12.562 0 373349505
69 2 9.46 9.46 0 373349505
69 109 10.302 10.302 0 373349505
69 64 22.108 22.108 0 373349505
69 21 28.014 28.014 0 373349505
69 65 202.694 202.694 0 373349505
69 68 14.004 14.004 0 373349505
69 67 9.898 9.898 0 373349505
69 76 12.964 12.964 0 373349505
69 83 21.412 21.412 0 373349505
69 108 12.116 12.116 0 373349505
69 18 8.03 8.03 0 373349505
69 101 12.466 12.466 0 373349505
69 81 26.646 26.646 0 373349505
69 93 13.402 13.402 0 373349505
69 73 12.362 12.362 0 373349505
69 84 26.032 26.032 0 373349505
69 13 209.696 209.696 0 373349505
69 19 18.144 18.144 0 373349505
69 85 10.896 10.896 0 373349505
69 92 16.316 16.316 0 373349505
69 28 8.95 8.95 0 373349505
69 100 12.142 12.142 0 373349505
69 98 21.528 21.528 0 373349505
69 26 13.302 13.302 0 373349505
69 89 13.018 13.018 0 373349505
69 27 25.488 25.488 0 373349505
69 10 203.98 203.98 0 373349505
69 66 12.322 12.322 0 373349505
69 44 8.052 8.052 0 373349505
69 82 12.07 12.07 0 373349505
69 36 8.138 8.138 0 373349505
69 34 12.008 12.008 0 373349505
69 35 27.804 27.804 0 373349505
69 33 11.014 11.014 0 373349505
69 96 23.22 23.22 0 373349505
69 16 27.792 27.792 0 373349505
69 12 226.974 226.974 0 373349505
69 0 14.216 14.216 0 373349505
69 45 201.934 201.934 0 373349505
69 17 24.812 24.812 0 373349505
69 37 221.606 221.606 0 373349505
69 25 25.098 25.098 0 373349505
69 90 200.376 200.376 0 373349505
69 32 24.922 24.922 0 373349505
69 97 236.96 236.96 0 373349505
69 88 24.988 24.988 0 373349505
69 24 200.156 200.156 0 373349505
69 72 38.164 38.164 0 373349505
69 5 391.994 391.994 0 373349505
69 1 24.912 24.912 0 373349505
69 29 8.082 8.082 0 373349505
69 9 12.11 12.11 0 373349505
69 91 10.516 10.516 0 373349505
69 74 146.336 146.336 0 373349505
69 80 18.306 18.306 0 373349505
