192 193 9.14487 9.14487 0 373349505
192 194 4.99635 4.99635 0 373349505
192 195 1.32761 1.32761 0 373349505
192 196 1.1456 1.1456 0 373349505
192 197 0.412232 0.412232 0 373349505
192 198 0.22775 0.22775 0 373349505
192 199 0.410315 0.410315 0 373349505
192 200 0.562848 0.562848 0 373349505
192 201 0.34523 0.34523 0 373349505
192 202 0.988955 0.988955 0 373349505
192 203 9.2817 9.2817 0 373349505
192 204 0.238978 0.238978 0 373349505
192 205 0.443359 0.443359 0 373349505
192 206 0.205933 0.205933 0 373349505
192 207 0.401278 0.401278 0 373349505
192 208 0.329895 0.329895 0 373349505
192 209 0.57864 0.57864 0 373349505
192 210 0.22848 0.22848 0 373349505
192 211 0.463259 0.463259 0 373349505
192 212 0.221634 0.221634 0 373349505
192 213 0.494112 0.494112 0 373349505
192 214 0.824464 0.824464 0 373349505
192 215 9.47686 9.47686 0 373349505
192 216 0.729256 0.729256 0 373349505
192 217 1.31511 1.31511 0 373349505
192 218 0.228298 0.228298 0 373349505
192 219 2.87275 2.87275 0 373349505
192 220 0.29612 0.29612 0 373349505
192 221 0.719398 0.719398 0 373349505
192 222 0.350525 0.350525 0 373349505
192 223 0.786764 0.786764 0 373349505
192 224 1.15372 1.15372 0 373349505
192 225 9.36915 9.36915 0 373349505
192 226 0.283889 0.283889 0 373349505
192 227 0.376906 0.376906 0 373349505
192 228 0.196623 0.196623 0 373349505
192 229 0.378731 0.378731 0 373349505
192 230 0.197809 0.197809 0 373349505
192 231 0.379735 0.379735 0 373349505
192 232 0.176175 0.176175 0 373349505
192 233 0.351438 0.351438 0 373349505
192 234 1.03341 1.03341 0 373349505
192 235 9.18585 9.18585 0 373349505
192 236 0.237243 0.237243 0 373349505
192 237 1.71547 1.71547 0 373349505
192 238 0.35299 0.35299 0 373349505
192 239 9.13373 9.13373 0 373349505
192 240 0.72524 0.72524 0 373349505
192 241 9.1675 9.1675 0 373349505
192 242 0.213692 0.213692 0 373349505
192 243 9.14523 9.14523 0 373349505
192 244 0.211958 0.211958 0 373349505
192 245 10.1256 10.1256 0 373349505
192 246 0.826563 0.826563 0 373349505
192 247 17.9974 17.9974 0 373349505
192 248 0.198266 0.198266 0 373349505
192 249 9.14167 9.14167 0 373349505
192 250 0.775171 0.775171 0 373349505
192 251 0.526335 0.526335 0 373349505
192 252 0.931173 0.931173 0 373349505
192 253 0.444455 0.444455 0 373349505
192 254 0.884254 0.884254 0 373349505
192 255 0.620904 0.620904 0 373349505
193 192 9.30844 9.30844 0 373349505
193 194 18.7816 18.7816 0 373349505
193 195 1.13272 1.13272 0 373349505
193 196 9.21214 9.21214 0 373349505
193 197 2.88882 2.88882 0 373349505
193 198 0.350434 0.350434 0 373349505
193 199 0.530625 0.530625 0 373349505
193 200 0.354267 0.354267 0 373349505
193 201 1.19452 1.19452 0 373349505
193 202 0.647284 0.647284 0 373349505
193 203 1.12634 1.12634 0 373349505
193 204 9.12323 9.12323 0 373349505
193 205 0.525057 0.525057 0 373349505
193 206 0.375719 0.375719 0 373349505
193 207 0.545687 0.545687 0 373349505
193 208 0.923323 0.923323 0 373349505
193 209 0.536741 0.536741 0 373349505
193 210 0.36084 0.36084 0 373349505
193 211 0.484071 0.484071 0 373349505
193 212 0.517481 0.517481 0 373349505
193 213 1.1099 1.1099 0 373349505
193 214 0.690187 0.690187 0 373349505
193 215 1.2545 1.2545 0 373349505
193 216 9.63058 9.63058 0 373349505
193 217 0.829758 0.829758 0 373349505
193 218 0.398722 0.398722 0 373349505
193 219 0.715199 0.715199 0 373349505
193 220 0.410771 0.410771 0 373349505
193 221 0.530808 0.530808 0 373349505
193 222 0.976175 0.976175 0 373349505
193 223 0.585486 0.585486 0 373349505
193 224 0.613784 0.613784 0 373349505
193 225 1.12588 1.12588 0 373349505
193 226 9.26162 9.26162 0 373349505
193 227 0.538658 0.538658 0 373349505
193 228 0.364309 0.364309 0 373349505
193 229 0.530351 0.530351 0 373349505
193 230 0.369055 0.369055 0 373349505
193 231 0.525787 0.525787 0 373349505
193 232 0.374076 0.374076 0 373349505
193 233 0.543861 0.543861 0 373349505
193 234 0.406116 0.406116 0 373349505
193 235 1.11301 1.11301 0 373349505
193 236 9.15856 9.15856 0 373349505
193 237 0.542401 0.542401 0 373349505
193 238 1.54149 1.54149 0 373349505
193 239 0.54304 0.54304 0 373349505
193 240 0.409676 0.409676 0 373349505
193 241 0.534185 0.534185 0 373349505
193 242 0.321771 0.321771 0 373349505
193 243 0.514651 0.514651 0 373349505
193 244 0.390689 0.390689 0 373349505
193 245 1.08288 1.08288 0 373349505
193 246 0.612688 0.612688 0 373349505
193 247 1.26061 1.26061 0 373349505
193 248 10.6946 10.6946 0 373349505
193 249 0.573984 0.573984 0 373349505
193 250 9.11629 9.11629 0 373349505
193 251 1.11346 1.11346 0 373349505
193 252 9.13857 9.13857 0 373349505
193 253 1.13126 1.13126 0 373349505
193 254 9.19416 9.19416 0 373349505
193 255 1.1435 1.1435 0 373349505
194 192 5.25404 5.25404 0 373349505
194 193 19.6864 19.6864 0 373349505
194 195 10.7719 10.7719 0 373349505
194 196 4.73738 4.73738 0 373349505
194 197 11.5688 11.5688 0 373349505
194 198 3.36997 3.36997 0 373349505
194 199 2.89886 2.89886 0 373349505
194 200 5.94149 5.94149 0 373349505
194 201 2.8063 2.8063 0 373349505
194 202 3.36111 3.36111 0 373349505
194 203 4.05577 4.05577 0 373349505
194 204 3.25513 3.25513 0 373349505
194 205 10.8117 10.8117 0 373349505
194 206 4.28115 4.28115 0 373349505
194 207 5.42428 5.42428 0 373349505
194 208 8.62592 8.62592 0 373349505
194 209 2.98905 2.98905 0 373349505
194 210 1.94295 1.94295 0 373349505
194 211 2.06728 2.06728 0 373349505
194 212 2.61734 2.61734 0 373349505
194 213 2.79032 2.79032 0 373349505
194 214 4.8471 4.8471 0 373349505
194 215 11.8033 11.8033 0 373349505
194 216 8.20575 8.20575 0 373349505
194 217 3.96759 3.96759 0 373349505
194 218 3.56449 3.56449 0 373349505
194 219 3.62711 3.62711 0 373349505
194 220 4.59854 4.59854 0 373349505
194 221 2.74459 2.74459 0 373349505
194 222 4.47586 4.47586 0 373349505
194 223 2.59105 2.59105 0 373349505
194 224 8.55673 8.55673 0 373349505
194 225 11.4948 11.4948 0 373349505
194 226 2.08106 2.08106 0 373349505
194 227 4.43898 4.43898 0 373349505
194 228 1.89037 1.89037 0 373349505
194 229 2.13756 2.13756 0 373349505
194 230 3.4178 3.4178 0 373349505
194 231 2.40593 2.40593 0 373349505
194 232 5.32113 5.32113 0 373349505
194 233 1.95819 1.95819 0 373349505
194 234 2.51775 2.51775 0 373349505
194 235 2.78996 2.78996 0 373349505
194 236 5.05979 5.05979 0 373349505
194 237 11.3531 11.3531 0 373349505
194 238 3.0367 3.0367 0 373349505
194 239 3.88234 3.88234 0 373349505
194 240 5.96139 5.96139 0 373349505
194 241 2.60393 2.60393 0 373349505
194 242 5.0838 5.0838 0 373349505
194 243 3.15792 3.15792 0 373349505
194 244 3.03314 3.03314 0 373349505
194 245 3.60931 3.60931 0 373349505
194 246 3.60237 3.60237 0 373349505
194 247 11.5457 11.5457 0 373349505
194 248 5.29849 5.29849 0 373349505
194 249 2.06098 2.06098 0 373349505
194 250 3.44336 3.44336 0 373349505
194 251 11.7668 11.7668 0 373349505
194 252 2.55491 2.55491 0 373349505
194 253 10.9677 10.9677 0 373349505
194 254 2.9927 2.9927 0 373349505
194 255 12.0955 12.0955 0 373349505
195 192 1.13647 1.13647 0 373349505
195 193 1.38676 1.38676 0 373349505
195 194 10.067 10.067 0 373349505
195 196 0.533364 0.533364 0 373349505
195 197 0.564217 0.564217 0 373349505
195 198 0.359927 0.359927 0 373349505
195 199 0.563487 0.563487 0 373349505
195 200 10.07 10.07 0 373349505
195 201 1.14879 1.14879 0 373349505
195 202 10.6382 10.6382 0 373349505
195 203 1.16257 1.16257 0 373349505
195 204 9.14724 9.14724 0 373349505
195 205 1.7424 1.7424 0 373349505
195 206 17.9225 17.9225 0 373349505
195 207 1.1853 1.1853 0 373349505
195 208 9.81862 9.81862 0 373349505
195 209 1.17964 1.17964 0 373349505
195 210 0.390141 0.390141 0 373349505
195 211 0.581013 0.581013 0 373349505
195 212 0.557188 0.557188 0 373349505
195 213 1.2848 1.2848 0 373349505
195 214 0.859242 0.859242 0 373349505
195 215 4.98731 4.98731 0 373349505
195 216 9.67786 9.67786 0 373349505
195 217 0.840438 0.840438 0 373349505
195 218 0.433592 0.433592 0 373349505
195 219 0.767686 0.767686 0 373349505
195 220 0.372524 0.372524 0 373349505
195 221 0.597627 0.597627 0 373349505
195 222 0.975628 0.975628 0 373349505
195 223 0.521041 0.521041 0 373349505
195 224 2.36705 2.36705 0 373349505
195 225 1.3037 1.3037 0 373349505
195 226 9.39635 9.39635 0 373349505
195 227 0.637791 0.637791 0 373349505
195 228 0.415701 0.415701 0 373349505
195 229 0.558284 0.558284 0 373349505
195 230 0.386581 0.386581 0 373349505
195 231 0.560931 0.560931 0 373349505
195 232 0.543314 0.543314 0 373349505
195 233 0.578001 0.578001 0 373349505
195 234 0.425742 0.425742 0 373349505
195 235 0.556093 0.556093 0 373349505
195 236 0.408398 0.408398 0 373349505
195 237 1.15418 1.15418 0 373349505
195 238 9.18092 9.18092 0 373349505
195 239 0.556823 0.556823 0 373349505
195 240 0.444637 0.444637 0 373349505
195 241 0.582474 0.582474 0 373349505
195 242 9.15628 9.15628 0 373349505
195 243 1.16486 1.16486 0 373349505
195 244 0.498585 0.498585 0 373349505
195 245 0.560657 0.560657 0 373349505
195 246 1.51803 1.51803 0 373349505
195 247 1.155 1.155 0 373349505
195 248 9.15874 9.15874 0 373349505
195 249 0.565678 0.565678 0 373349505
195 250 0.385669 0.385669 0 373349505
195 251 0.573072 0.573072 0 373349505
195 252 0.41497 0.41497 0 373349505
195 253 0.556641 0.556641 0 373349505
195 254 0.320128 0.320128 0 373349505
195 255 0.487996 0.487996 0 373349505
196 192 1.13373 1.13373 0 373349505
196 193 9.36924 9.36924 0 373349505
196 194 4.02921 4.02921 0 373349505
196 195 0.708717 0.708717 0 373349505
196 197 0.498037 0.498037 0 373349505
196 198 0.334368 0.334368 0 373349505
196 199 0.493565 0.493565 0 373349505
196 200 0.338841 0.338841 0 373349505
196 201 9.32789 9.32789 0 373349505
196 202 0.262711 0.262711 0 373349505
196 203 9.25331 9.25331 0 373349505
196 204 0.868827 0.868827 0 373349505
196 205 18.0177 18.0177 0 373349505
196 206 0.29749 0.29749 0 373349505
196 207 9.30726 9.30726 0 373349505
196 208 0.455865 0.455865 0 373349505
196 209 9.23953 9.23953 0 373349505
196 210 0.858238 0.858238 0 373349505
196 211 0.462529 0.462529 0 373349505
196 212 0.88471 0.88471 0 373349505
196 213 0.53592 0.53592 0 373349505
196 214 1.48051 1.48051 0 373349505
196 215 9.3298 9.3298 0 373349505
196 216 0.940849 0.940849 0 373349505
196 217 0.767869 0.767869 0 373349505
196 218 0.914468 0.914468 0 373349505
196 219 1.84217 1.84217 0 373349505
196 220 1.59151 1.59151 0 373349505
196 221 0.5445 0.5445 0 373349505
196 222 0.424099 0.424099 0 373349505
196 223 2.56303 2.56303 0 373349505
196 224 1.17964 1.17964 0 373349505
196 225 9.30662 9.30662 0 373349505
196 226 0.522684 0.522684 0 373349505
196 227 0.569968 0.569968 0 373349505
196 228 0.312004 0.312004 0 373349505
196 229 0.544592 0.544592 0 373349505
196 230 0.306253 0.306253 0 373349505
196 231 0.492195 0.492195 0 373349505
196 232 2.81086 2.81086 0 373349505
196 233 0.627111 0.627111 0 373349505
196 234 0.620265 0.620265 0 373349505
196 235 1.08234 1.08234 0 373349505
196 236 0.857234 0.857234 0 373349505
196 237 9.23898 9.23898 0 373349505
196 238 0.324053 0.324053 0 373349505
196 239 0.455865 0.455865 0 373349505
196 240 0.366864 0.366864 0 373349505
196 241 0.62209 0.62209 0 373349505
196 242 0.618074 0.618074 0 373349505
196 243 9.22337 9.22337 0 373349505
196 244 0.30178 0.30178 0 373349505
196 245 1.39206 1.39206 0 373349505
196 246 0.894751 0.894751 0 373349505
196 247 10.3631 10.3631 0 373349505
196 248 0.379644 0.379644 0 373349505
196 249 0.491283 0.491283 0 373349505
196 250 0.304427 0.304427 0 373349505
196 251 0.618074 0.618074 0 373349505
196 252 0.316385 0.316385 0 373349505
196 253 0.477955 0.477955 0 373349505
196 254 0.304245 0.304245 0 373349505
196 255 0.427293 0.427293 0 373349505
197 192 0.400274 0.400274 0 373349505
197 193 2.71794 2.71794 0 373349505
197 194 10.7901 10.7901 0 373349505
197 195 0.705431 0.705431 0 373349505
197 196 0.673391 0.673391 0 373349505
197 198 0.423186 0.423186 0 373349505
197 199 0.580374 0.580374 0 373349505
197 200 0.409585 0.409585 0 373349505
197 201 2.82072 2.82072 0 373349505
197 202 0.26974 0.26974 0 373349505
197 203 1.10178 1.10178 0 373349505
197 204 0.623733 0.623733 0 373349505
197 205 1.26244 1.26244 0 373349505
197 206 10.7424 10.7424 0 373349505
197 207 0.634596 0.634596 0 373349505
197 208 0.974258 0.974258 0 373349505
197 209 2.27558 2.27558 0 373349505
197 210 9.13838 9.13838 0 373349505
197 211 1.14496 1.14496 0 373349505
197 212 9.3173 9.3173 0 373349505
197 213 1.3037 1.3037 0 373349505
197 214 9.35545 9.35545 0 373349505
197 215 1.78266 1.78266 0 373349505
197 216 18.2968 18.2968 0 373349505
197 217 4.32077 4.32077 0 373349505
197 218 9.18001 9.18001 0 373349505
197 219 1.34888 1.34888 0 373349505
197 220 9.18101 9.18101 0 373349505
197 221 1.15007 1.15007 0 373349505
197 222 0.992971 0.992971 0 373349505
197 223 0.636787 0.636787 0 373349505
197 224 0.641625 0.641625 0 373349505
197 225 4.22556 4.22556 0 373349505
197 226 9.55335 9.55335 0 373349505
197 227 0.56796 0.56796 0 373349505
197 228 0.375445 0.375445 0 373349505
197 229 0.562026 0.562026 0 373349505
197 230 0.397262 0.397262 0 373349505
197 231 0.581105 0.581105 0 373349505
197 232 0.34094 0.34094 0 373349505
197 233 2.80164 2.80164 0 373349505
197 234 0.31456 0.31456 0 373349505
197 235 1.11921 1.11921 0 373349505
197 236 1.09156 1.09156 0 373349505
197 237 1.29119 1.29119 0 373349505
197 238 9.24957 9.24957 0 373349505
197 239 3.01807 3.01807 0 373349505
197 240 0.44126 0.44126 0 373349505
197 241 2.09758 2.09758 0 373349505
197 242 0.399178 0.399178 0 373349505
197 243 0.580557 0.580557 0 373349505
197 244 0.678594 0.678594 0 373349505
197 245 0.633318 0.633318 0 373349505
197 246 0.399544 0.399544 0 373349505
197 247 1.17745 1.17745 0 373349505
197 248 9.16057 9.16057 0 373349505
197 249 2.69128 2.69128 0 373349505
197 250 0.397535 0.397535 0 373349505
197 251 0.581378 0.581378 0 373349505
197 252 0.411867 0.411867 0 373349505
197 253 0.575901 0.575901 0 373349505
197 254 1.52305 1.52305 0 373349505
197 255 0.585212 0.585212 0 373349505
198 192 0.244546 0.244546 0 373349505
198 193 0.384117 0.384117 0 373349505
198 194 2.73656 2.73656 0 373349505
198 195 0.489 0.489 0 373349505
198 196 0.324144 0.324144 0 373349505
198 197 0.550981 0.550981 0 373349505
198 199 0.422182 0.422182 0 373349505
198 200 0.257325 0.257325 0 373349505
198 201 0.340119 0.340119 0 373349505
198 202 0.145596 0.145596 0 373349505
198 203 0.632862 0.632862 0 373349505
198 204 0.861159 0.861159 0 373349505
198 205 9.76148 9.76148 0 373349505
198 206 0.283524 0.283524 0 373349505
198 207 0.419534 0.419534 0 373349505
198 208 0.345322 0.345322 0 373349505
198 209 0.413601 0.413601 0 373349505
198 210 0.225285 0.225285 0 373349505
198 211 9.90634 9.90634 0 373349505
198 212 0.247467 0.247467 0 373349505
198 213 9.24683 9.24683 0 373349505
198 214 0.866362 0.866362 0 373349505
198 215 18.0441 18.0441 0 373349505
198 216 0.324418 0.324418 0 373349505
198 217 9.46901 9.46901 0 373349505
198 218 0.237974 0.237974 0 373349505
198 219 9.65869 9.65869 0 373349505
198 220 0.27686 0.27686 0 373349505
198 221 9.23569 9.23569 0 373349505
198 222 0.984299 0.984299 0 373349505
198 223 0.773528 0.773528 0 373349505
198 224 0.886353 0.886353 0 373349505
198 225 0.422729 0.422729 0 373349505
198 226 1.49411 1.49411 0 373349505
198 227 9.19644 9.19644 0 373349505
198 228 0.882611 0.882611 0 373349505
198 229 0.37435 0.37435 0 373349505
198 230 0.832223 0.832223 0 373349505
198 231 1.25623 1.25623 0 373349505
198 232 1.06846 1.06846 0 373349505
198 233 0.410497 0.410497 0 373349505
198 234 0.2199 0.2199 0 373349505
198 235 0.644546 0.644546 0 373349505
198 236 0.83843 0.83843 0 373349505
198 237 9.20749 9.20749 0 373349505
198 238 0.297125 0.297125 0 373349505
198 239 0.390507 0.390507 0 373349505
198 240 0.287631 0.287631 0 373349505
198 241 1.16696 1.16696 0 373349505
198 242 0.264445 0.264445 0 373349505
198 243 0.399361 0.399361 0 373349505
198 244 0.223277 0.223277 0 373349505
198 245 1.43788 1.43788 0 373349505
198 246 0.828298 0.828298 0 373349505
198 247 9.15226 9.15226 0 373349505
198 248 0.659881 0.659881 0 373349505
198 249 0.387129 0.387129 0 373349505
198 250 3.60575 3.60575 0 373349505
198 251 2.39388 2.39388 0 373349505
198 252 0.225559 0.225559 0 373349505
198 253 0.374076 0.374076 0 373349505
198 254 0.24555 0.24555 0 373349505
198 255 1.49612 1.49612 0 373349505
199 192 0.415701 0.415701 0 373349505
199 193 0.541123 0.541123 0 373349505
199 194 2.21424 2.21424 0 373349505
199 195 0.655682 0.655682 0 373349505
199 196 0.482246 0.482246 0 373349505
199 197 0.560383 0.560383 0 373349505
199 198 0.557554 0.557554 0 373349505
199 200 0.426289 0.426289 0 373349505
199 201 0.568508 0.568508 0 373349505
199 202 0.375901 0.375901 0 373349505
199 203 0.568873 0.568873 0 373349505
199 204 0.371611 0.371611 0 373349505
199 205 1.16239 1.16239 0 373349505
199 206 9.71091 9.71091 0 373349505
199 207 0.579188 0.579188 0 373349505
199 208 0.937563 0.937563 0 373349505
199 209 0.560201 0.560201 0 373349505
199 210 1.87047 1.87047 0 373349505
199 211 0.561022 0.561022 0 373349505
199 212 0.481241 0.481241 0 373349505
199 213 0.527887 0.527887 0 373349505
199 214 1.21652 1.21652 0 373349505
199 215 1.33035 1.33035 0 373349505
199 216 9.79735 9.79735 0 373349505
199 217 0.892926 0.892926 0 373349505
199 218 0.493473 0.493473 0 373349505
199 219 0.754633 0.754633 0 373349505
199 220 0.401643 0.401643 0 373349505
199 221 0.561387 0.561387 0 373349505
199 222 9.74404 9.74404 0 373349505
199 223 1.19991 1.19991 0 373349505
199 224 9.46591 9.46591 0 373349505
199 225 1.16212 1.16212 0 373349505
199 226 9.27239 9.27239 0 373349505
199 227 1.73838 1.73838 0 373349505
199 228 17.9002 17.9002 0 373349505
199 229 1.14012 1.14012 0 373349505
199 230 9.14277 9.14277 0 373349505
199 231 1.16942 1.16942 0 373349505
199 232 9.15618 9.15618 0 373349505
199 233 1.16139 1.16139 0 373349505
199 234 1.34696 1.34696 0 373349505
199 235 0.560566 0.560566 0 373349505
199 236 0.415427 0.415427 0 373349505
199 237 1.85267 1.85267 0 373349505
199 238 9.49521 9.49521 0 373349505
199 239 0.573984 0.573984 0 373349505
199 240 0.442081 0.442081 0 373349505
199 241 0.5822 0.5822 0 373349505
199 242 1.37252 1.37252 0 373349505
199 243 0.561114 0.561114 0 373349505
199 244 0.493565 0.493565 0 373349505
199 245 0.462985 0.462985 0 373349505
199 246 1.03049 1.03049 0 373349505
199 247 1.29749 1.29749 0 373349505
199 248 9.28882 9.28882 0 373349505
199 249 0.659607 0.659607 0 373349505
199 250 1.55098 1.55098 0 373349505
199 251 0.58649 0.58649 0 373349505
199 252 0.403834 0.403834 0 373349505
199 253 4.81917 4.81917 0 373349505
199 254 0.380466 0.380466 0 373349505
199 255 0.578822 0.578822 0 373349505
200 192 0.747878 0.747878 0 373349505
200 193 0.386216 0.386216 0 373349505
200 194 5.46372 5.46372 0 373349505
200 195 11.0156 11.0156 0 373349505
200 196 0.331447 0.331447 0 373349505
200 197 0.438339 0.438339 0 373349505
200 198 0.265632 0.265632 0 373349505
200 199 0.594797 0.594797 0 373349505
200 201 0.423003 0.423003 0 373349505
200 202 0.535281 0.535281 0 373349505
200 203 0.437335 0.437335 0 373349505
200 204 0.827293 0.827293 0 373349505
200 205 9.17827 9.17827 0 373349505
200 206 0.259242 0.259242 0 373349505
200 207 0.416613 0.416613 0 373349505
200 208 0.370698 0.370698 0 373349505
200 209 0.408398 0.408398 0 373349505
200 210 0.241807 0.241807 0 373349505
200 211 0.408215 0.408215 0 373349505
200 212 0.264354 0.264354 0 373349505
200 213 0.53811 0.53811 0 373349505
200 214 1.04482 1.04482 0 373349505
200 215 9.29968 9.29968 0 373349505
200 216 0.348882 0.348882 0 373349505
200 217 0.733272 0.733272 0 373349505
200 218 0.260612 0.260612 0 373349505
200 219 0.960566 0.960566 0 373349505
200 220 0.252122 0.252122 0 373349505
200 221 0.443724 0.443724 0 373349505
200 222 0.376084 0.376084 0 373349505
200 223 9.50361 9.50361 0 373349505
200 224 0.320949 0.320949 0 373349505
200 225 9.29621 9.29621 0 373349505
200 226 0.947147 0.947147 0 373349505
200 227 17.8998 17.8998 0 373349505
200 228 0.20283 0.20283 0 373349505
200 229 9.12825 9.12825 0 373349505
200 230 0.256139 0.256139 0 373349505
200 231 9.75354 9.75354 0 373349505
200 232 0.227567 0.227567 0 373349505
200 233 9.14998 9.14998 0 373349505
200 234 0.85906 0.85906 0 373349505
200 235 0.414788 0.414788 0 373349505
200 236 1.47175 1.47175 0 373349505
200 237 9.16321 9.16321 0 373349505
200 238 0.854039 0.854039 0 373349505
200 239 0.36513 0.36513 0 373349505
200 240 0.853218 0.853218 0 373349505
200 241 0.444363 0.444363 0 373349505
200 242 0.865723 0.865723 0 373349505
200 243 1.21652 1.21652 0 373349505
200 244 1.01086 1.01086 0 373349505
200 245 1.31812 1.31812 0 373349505
200 246 1.02246 1.02246 0 373349505
200 247 9.24573 9.24573 0 373349505
200 248 0.27257 0.27257 0 373349505
200 249 0.433409 0.433409 0 373349505
200 250 0.229576 0.229576 0 373349505
200 251 1.70141 1.70141 0 373349505
200 252 0.280237 0.280237 0 373349505
200 253 0.432405 0.432405 0 373349505
200 254 0.253035 0.253035 0 373349505
200 255 0.548517 0.548517 0 373349505
201 192 0.285258 0.285258 0 373349505
201 193 1.07704 1.07704 0 373349505
201 194 1.98056 1.98056 0 373349505
201 195 1.25413 1.25413 0 373349505
201 196 9.41698 9.41698 0 373349505
201 197 3.1236 3.1236 0 373349505
201 198 0.368599 0.368599 0 373349505
201 199 0.671565 0.671565 0 373349505
201 200 0.560566 0.560566 0 373349505
201 202 0.406298 0.406298 0 373349505
201 203 0.576997 0.576997 0 373349505
201 204 0.370881 0.370881 0 373349505
201 205 1.13939 1.13939 0 373349505
201 206 9.15326 9.15326 0 373349505
201 207 0.584026 0.584026 0 373349505
201 208 1.01497 1.01497 0 373349505
201 209 0.55801 0.55801 0 373349505
201 210 0.370698 0.370698 0 373349505
201 211 0.552259 0.552259 0 373349505
201 212 0.564309 0.564309 0 373349505
201 213 0.624372 0.624372 0 373349505
201 214 2.08882 2.08882 0 373349505
201 215 1.20749 1.20749 0 373349505
201 216 9.61178 9.61178 0 373349505
201 217 0.816157 0.816157 0 373349505
201 218 0.415062 0.415062 0 373349505
201 219 0.753811 0.753811 0 373349505
201 220 0.407485 0.407485 0 373349505
201 221 0.567777 0.567777 0 373349505
201 222 0.983843 0.983843 0 373349505
201 223 0.596075 0.596075 0 373349505
201 224 0.521041 0.521041 0 373349505
201 225 1.06901 1.06901 0 373349505
201 226 0.6712 0.6712 0 373349505
201 227 1.27759 1.27759 0 373349505
201 228 9.19845 9.19845 0 373349505
201 229 0.601187 0.601187 0 373349505
201 230 0.373893 0.373893 0 373349505
201 231 0.578366 0.578366 0 373349505
201 232 0.960018 0.960018 0 373349505
201 233 0.577453 0.577453 0 373349505
201 234 9.18001 9.18001 0 373349505
201 235 1.14158 1.14158 0 373349505
201 236 9.17152 9.17152 0 373349505
201 237 1.73555 1.73555 0 373349505
201 238 17.9482 17.9482 0 373349505
201 239 1.14742 1.14742 0 373349505
201 240 9.20529 9.20529 0 373349505
201 241 1.16823 1.16823 0 373349505
201 242 9.1759 9.1759 0 373349505
201 243 1.17417 1.17417 0 373349505
201 244 9.36175 9.36175 0 373349505
201 245 1.15764 1.15764 0 373349505
201 246 0.389137 0.389137 0 373349505
201 247 1.15911 1.15911 0 373349505
201 248 9.15555 9.15555 0 373349505
201 249 1.27458 1.27458 0 373349505
201 250 0.688727 0.688727 0 373349505
201 251 0.585304 0.585304 0 373349505
201 252 1.81661 1.81661 0 373349505
201 253 0.568416 0.568416 0 373349505
201 254 0.470379 0.470379 0 373349505
201 255 0.571885 0.571885 0 373349505
202 192 0.998174 0.998174 0 373349505
202 193 0.632314 0.632314 0 373349505
202 194 2.58476 2.58476 0 373349505
202 195 9.9424 9.9424 0 373349505
202 196 0.300502 0.300502 0 373349505
202 197 0.406846 0.406846 0 373349505
202 198 0.191146 0.191146 0 373349505
202 199 0.376267 0.376267 0 373349505
202 200 0.751803 0.751803 0 373349505
202 201 0.566317 0.566317 0 373349505
202 203 2.31538 2.31538 0 373349505
202 204 0.773346 0.773346 0 373349505
202 205 9.13546 9.13546 0 373349505
202 206 0.204838 0.204838 0 373349505
202 207 0.409859 0.409859 0 373349505
202 208 3.98348 3.98348 0 373349505
202 209 0.377088 0.377088 0 373349505
202 210 0.188955 0.188955 0 373349505
202 211 0.381378 0.381378 0 373349505
202 212 0.205203 0.205203 0 373349505
202 213 1.2011 1.2011 0 373349505
202 214 0.204655 0.204655 0 373349505
202 215 0.473939 0.473939 0 373349505
202 216 0.822547 0.822547 0 373349505
202 217 9.45048 9.45048 0 373349505
202 218 0.195345 0.195345 0 373349505
202 219 0.867093 0.867093 0 373349505
202 220 0.196257 0.196257 0 373349505
202 221 0.394523 0.394523 0 373349505
202 222 0.334185 0.334185 0 373349505
202 223 0.712825 0.712825 0 373349505
202 224 0.210497 0.210497 0 373349505
202 225 0.604199 0.604199 0 373349505
202 226 0.995618 0.995618 0 373349505
202 227 9.18229 9.18229 0 373349505
202 228 0.234779 0.234779 0 373349505
202 229 0.372707 0.372707 0 373349505
202 230 0.190141 0.190141 0 373349505
202 231 0.371337 0.371337 0 373349505
202 232 0.227385 0.227385 0 373349505
202 233 0.390233 0.390233 0 373349505
202 234 0.237061 0.237061 0 373349505
202 235 9.12661 9.12661 0 373349505
202 236 0.779005 0.779005 0 373349505
202 237 17.907 17.907 0 373349505
202 238 0.237882 0.237882 0 373349505
202 239 9.1351 9.1351 0 373349505
202 240 0.243998 0.243998 0 373349505
202 241 9.14286 9.14286 0 373349505
202 242 0.201917 0.201917 0 373349505
202 243 9.90762 9.90762 0 373349505
202 244 0.195345 0.195345 0 373349505
202 245 9.97143 9.97143 0 373349505
202 246 0.784391 0.784391 0 373349505
202 247 0.375445 0.375445 0 373349505
202 248 1.44226 1.44226 0 373349505
202 249 9.13263 9.13263 0 373349505
202 250 0.778822 0.778822 0 373349505
202 251 0.521132 0.521132 0 373349505
202 252 0.783843 0.783843 0 373349505
202 253 1.47339 1.47339 0 373349505
202 254 0.756823 0.756823 0 373349505
202 255 1.18932 1.18932 0 373349505
203 192 9.23496 9.23496 0 373349505
203 193 1.13254 1.13254 0 373349505
203 194 3.25194 3.25194 0 373349505
203 195 1.16358 1.16358 0 373349505
203 196 9.24026 9.24026 0 373349505
203 197 1.24564 1.24564 0 373349505
203 198 0.677499 0.677499 0 373349505
203 199 0.568781 0.568781 0 373349505
203 200 0.410771 0.410771 0 373349505
203 201 0.664811 0.664811 0 373349505
203 202 1.45678 1.45678 0 373349505
203 204 1.05304 1.05304 0 373349505
203 205 1.28562 1.28562 0 373349505
203 206 9.29484 9.29484 0 373349505
203 207 0.675764 0.675764 0 373349505
203 208 1.15691 1.15691 0 373349505
203 209 0.566773 0.566773 0 373349505
203 210 0.37581 0.37581 0 373349505
203 211 0.556641 0.556641 0 373349505
203 212 0.547786 0.547786 0 373349505
203 213 0.617435 0.617435 0 373349505
203 214 0.579735 0.579735 0 373349505
203 215 3.51155 3.51155 0 373349505
203 216 0.859699 0.859699 0 373349505
203 217 1.40365 1.40365 0 373349505
203 218 10.6668 10.6668 0 373349505
203 219 0.75372 0.75372 0 373349505
203 220 0.40639 0.40639 0 373349505
203 221 0.563396 0.563396 0 373349505
203 222 0.990324 0.990324 0 373349505
203 223 0.623825 0.623825 0 373349505
203 224 0.626198 0.626198 0 373349505
203 225 0.578366 0.578366 0 373349505
203 226 0.535828 0.535828 0 373349505
203 227 1.14587 1.14587 0 373349505
203 228 9.13911 9.13911 0 373349505
203 229 0.566591 0.566591 0 373349505
203 230 0.379918 0.379918 0 373349505
203 231 0.559014 0.559014 0 373349505
203 232 1.53291 1.53291 0 373349505
203 233 0.580283 0.580283 0 373349505
203 234 0.36942 0.36942 0 373349505
203 235 0.448927 0.448927 0 373349505
203 236 1.04491 1.04491 0 373349505
203 237 1.28836 1.28836 0 373349505
203 238 9.32068 9.32068 0 373349505
203 239 0.644363 0.644363 0 373349505
203 240 0.471931 0.471931 0 373349505
203 241 0.566499 0.566499 0 373349505
203 242 0.38859 0.38859 0 373349505
203 243 0.573984 0.573984 0 373349505
203 244 0.661524 0.661524 0 373349505
203 245 0.562026 0.562026 0 373349505
203 246 9.13866 9.13866 0 373349505
203 247 1.14587 1.14587 0 373349505
203 248 9.15107 9.15107 0 373349505
203 249 1.72944 1.72944 0 373349505
203 250 17.8993 17.8993 0 373349505
203 251 1.15482 1.15482 0 373349505
203 252 9.22145 9.22145 0 373349505
203 253 1.17535 1.17535 0 373349505
203 254 9.14368 9.14368 0 373349505
203 255 1.14204 1.14204 0 373349505
204 192 0.193063 0.193063 0 373349505
204 193 9.14897 9.14897 0 373349505
204 194 2.511 2.511 0 373349505
204 195 9.14094 9.14094 0 373349505
204 196 0.857691 0.857691 0 373349505
204 197 0.469283 0.469283 0 373349505
204 198 0.81424 0.81424 0 373349505
204 199 0.37298 0.37298 0 373349505
204 200 0.809493 0.809493 0 373349505
204 201 0.37079 0.37079 0 373349505
204 202 0.843268 0.843268 0 373349505
204 203 1.36239 1.36239 0 373349505
204 205 9.1979 9.1979 0 373349505
204 206 0.257052 0.257052 0 373349505
204 207 0.43633 0.43633 0 373349505
204 208 0.777271 0.777271 0 373349505
204 209 0.37079 0.37079 0 373349505
204 210 0.184482 0.184482 0 373349505
204 211 2.29283 2.29283 0 373349505
204 212 0.201643 0.201643 0 373349505
204 213 0.434414 0.434414 0 373349505
204 214 0.201187 0.201187 0 373349505
204 215 0.471565 0.471565 0 373349505
204 216 0.845276 0.845276 0 373349505
204 217 9.3885 9.3885 0 373349505
204 218 0.219078 0.219078 0 373349505
204 219 0.862346 0.862346 0 373349505
204 220 0.19571 0.19571 0 373349505
204 221 0.410771 0.410771 0 373349505
204 222 0.332451 0.332451 0 373349505
204 223 0.713373 0.713373 0 373349505
204 224 0.255682 0.255682 0 373349505
204 225 0.381743 0.381743 0 373349505
204 226 0.976723 0.976723 0 373349505
204 227 9.70269 9.70269 0 373349505
204 228 0.265358 0.265358 0 373349505
204 229 0.37508 0.37508 0 373349505
204 230 0.186399 0.186399 0 373349505
204 231 0.435418 0.435418 0 373349505
204 232 2.57608 2.57608 0 373349505
204 233 1.48699 1.48699 0 373349505
204 234 0.202647 0.202647 0 373349505
204 235 0.322045 0.322045 0 373349505
204 236 1.28115 1.28115 0 373349505
204 237 9.24929 9.24929 0 373349505
204 238 0.278138 0.278138 0 373349505
204 239 0.366591 0.366591 0 373349505
204 240 0.234687 0.234687 0 373349505
204 241 0.372159 0.372159 0 373349505
204 242 0.198083 0.198083 0 373349505
204 243 0.371063 0.371063 0 373349505
204 244 0.50744 0.50744 0 373349505
204 245 1.2639 1.2639 0 373349505
204 246 0.189137 0.189137 0 373349505
204 247 9.1236 9.1236 0 373349505
204 248 0.77298 0.77298 0 373349505
204 249 17.8945 17.8945 0 373349505
204 250 0.191146 0.191146 0 373349505
204 251 9.27942 9.27942 0 373349505
204 252 0.191237 0.191237 0 373349505
204 253 9.28097 9.28097 0 373349505
204 254 0.184299 0.184299 0 373349505
204 255 9.13984 9.13984 0 373349505
205 192 0.397718 0.397718 0 373349505
205 193 0.557645 0.557645 0 373349505
205 194 10.0713 10.0713 0 373349505
205 195 1.73857 1.73857 0 373349505
205 196 17.9956 17.9956 0 373349505
205 197 1.13072 1.13072 0 373349505
205 198 10.2649 10.2649 0 373349505
205 199 1.15646 1.15646 0 373349505
205 200 9.156 9.156 0 373349505
205 201 1.13902 1.13902 0 373349505
205 202 9.21789 9.21789 0 373349505
205 203 1.16084 1.16084 0 373349505
205 204 9.32168 9.32168 0 373349505
205 206 9.17709 9.17709 0 373349505
205 207 0.579735 0.579735 0 373349505
205 208 0.945322 0.945322 0 373349505
205 209 1.25066 1.25066 0 373349505
205 210 0.660429 0.660429 0 373349505
205 211 0.547878 0.547878 0 373349505
205 212 0.509265 0.509265 0 373349505
205 213 0.594706 0.594706 0 373349505
205 214 0.469192 0.469192 0 373349505
205 215 1.11921 1.11921 0 373349505
205 216 1.12853 1.12853 0 373349505
205 217 1.53409 1.53409 0 373349505
205 218 9.22693 9.22693 0 373349505
205 219 0.784756 0.784756 0 373349505
205 220 0.39434 0.39434 0 373349505
205 221 0.554085 0.554085 0 373349505
205 222 2.48161 2.48161 0 373349505
205 223 0.60429 0.60429 0 373349505
205 224 0.618804 0.618804 0 373349505
205 225 0.566134 0.566134 0 373349505
205 226 0.55372 0.55372 0 373349505
205 227 1.15764 1.15764 0 373349505
205 228 9.68745 9.68745 0 373349505
205 229 0.553081 0.553081 0 373349505
205 230 0.371702 0.371702 0 373349505
205 231 0.563761 0.563761 0 373349505
205 232 0.388407 0.388407 0 373349505
205 233 0.566317 0.566317 0 373349505
205 234 0.416157 0.416157 0 373349505
205 235 0.551164 0.551164 0 373349505
205 236 0.39571 0.39571 0 373349505
205 237 1.14505 1.14505 0 373349505
205 238 9.17837 9.17837 0 373349505
205 239 2.83533 2.83533 0 373349505
205 240 0.418987 0.418987 0 373349505
205 241 0.559197 0.559197 0 373349505
205 242 0.380374 0.380374 0 373349505
205 243 0.548882 0.548882 0 373349505
205 244 0.608215 0.608215 0 373349505
205 245 0.486992 0.486992 0 373349505
205 246 0.257691 0.257691 0 373349505
205 247 1.08197 1.08197 0 373349505
205 248 0.505796 0.505796 0 373349505
205 249 1.26052 1.26052 0 373349505
205 250 9.21753 9.21753 0 373349505
205 251 0.598722 0.598722 0 373349505
205 252 0.380192 0.380192 0 373349505
205 253 0.559744 0.559744 0 373349505
205 254 0.368142 0.368142 0 373349505
205 255 0.549795 0.549795 0 373349505
206 192 0.206572 0.206572 0 373349505
206 193 0.412323 0.412323 0 373349505
206 194 3.3948 3.3948 0 373349505
206 195 17.9176 17.9176 0 373349505
206 196 0.296029 0.296029 0 373349505
206 197 9.9414 9.9414 0 373349505
206 198 0.240895 0.240895 0 373349505
206 199 10.2759 10.2759 0 373349505
206 200 0.253218 0.253218 0 373349505
206 201 9.15573 9.15573 0 373349505
206 202 0.209402 0.209402 0 373349505
206 203 9.18585 9.18585 0 373349505
206 204 0.311 0.311 0 373349505
206 205 9.33884 9.33884 0 373349505
206 207 9.1864 9.1864 0 373349505
206 208 0.919671 0.919671 0 373349505
206 209 0.403925 0.403925 0 373349505
206 210 0.792971 0.792971 0 373349505
206 211 0.404655 0.404655 0 373349505
206 212 0.788498 0.788498 0 373349505
206 213 0.452761 0.452761 0 373349505
206 214 0.770881 0.770881 0 373349505
206 215 2.30908 2.30908 0 373349505
206 216 2.17517 2.17517 0 373349505
206 217 9.45495 9.45495 0 373349505
206 218 0.267549 0.267549 0 373349505
206 219 2.78676 2.78676 0 373349505
206 220 0.215244 0.215244 0 373349505
206 221 0.419717 0.419717 0 373349505
206 222 0.359927 0.359927 0 373349505
206 223 0.745869 0.745869 0 373349505
206 224 0.278777 0.278777 0 373349505
206 225 0.449293 0.449293 0 373349505
206 226 0.999087 0.999087 0 373349505
206 227 9.31392 9.31392 0 373349505
206 228 0.248015 0.248015 0 373349505
206 229 0.394614 0.394614 0 373349505
206 230 0.217983 0.217983 0 373349505
206 231 0.393793 0.393793 0 373349505
206 232 0.238795 0.238795 0 373349505
206 233 0.408124 0.408124 0 373349505
206 234 0.273209 0.273209 0 373349505
206 235 0.391511 0.391511 0 373349505
206 236 0.220082 0.220082 0 373349505
206 237 0.410589 0.410589 0 373349505
206 238 0.836422 0.836422 0 373349505
206 239 9.1518 9.1518 0 373349505
206 240 0.341488 0.341488 0 373349505
206 241 0.413966 0.413966 0 373349505
206 242 0.243907 0.243907 0 373349505
206 243 0.402373 0.402373 0 373349505
206 244 0.227293 0.227293 0 373349505
206 245 2.1633 2.1633 0 373349505
206 246 0.195345 0.195345 0 373349505
206 247 0.65267 0.65267 0 373349505
206 248 0.865815 0.865815 0 373349505
206 249 9.22081 9.22081 0 373349505
206 250 5.10571 5.10571 0 373349505
206 251 0.562574 0.562574 0 373349505
206 252 0.244546 0.244546 0 373349505
206 253 0.980192 0.980192 0 373349505
206 254 0.227385 0.227385 0 373349505
206 255 0.419626 0.419626 0 373349505
207 192 0.295025 0.295025 0 373349505
207 193 0.468371 0.468371 0 373349505
207 194 4.05687 4.05687 0 373349505
207 195 1.31976 1.31976 0 373349505
207 196 9.4796 9.4796 0 373349505
207 197 0.599817 0.599817 0 373349505
207 198 0.417618 0.417618 0 373349505
207 199 0.583569 0.583569 0 373349505
207 200 0.411136 0.411136 0 373349505
207 201 0.589411 0.589411 0 373349505
207 202 0.428937 0.428937 0 373349505
207 203 0.625194 0.625194 0 373349505
207 204 0.395618 0.395618 0 373349505
207 205 0.672387 0.672387 0 373349505
207 206 9.36257 9.36257 0 373349505
207 208 18.5477 18.5477 0 373349505
207 209 1.17161 1.17161 0 373349505
207 210 9.16011 9.16011 0 373349505
207 211 1.1644 1.1644 0 373349505
207 212 9.33921 9.33921 0 373349505
207 213 1.23615 1.23615 0 373349505
207 214 9.36878 9.36878 0 373349505
207 215 1.21999 1.21999 0 373349505
207 216 9.65979 9.65979 0 373349505
207 217 2.01479 2.01479 0 373349505
207 218 9.21534 9.21534 0 373349505
207 219 0.795071 0.795071 0 373349505
207 220 0.453309 0.453309 0 373349505
207 221 1.30434 1.30434 0 373349505
207 222 1.32268 1.32268 0 373349505
207 223 0.631766 0.631766 0 373349505
207 224 0.621178 0.621178 0 373349505
207 225 0.492287 0.492287 0 373349505
207 226 1.24528 1.24528 0 373349505
207 227 1.32579 1.32579 0 373349505
207 228 11.9324 11.9324 0 373349505
207 229 0.708991 0.708991 0 373349505
207 230 0.463259 0.463259 0 373349505
207 231 0.609585 0.609585 0 373349505
207 232 0.455135 0.455135 0 373349505
207 233 0.654131 0.654131 0 373349505
207 234 0.466089 0.466089 0 373349505
207 235 0.607668 0.607668 0 373349505
207 236 1.33966 1.33966 0 373349505
207 237 0.631675 0.631675 0 373349505
207 238 0.484071 0.484071 0 373349505
207 239 1.19963 1.19963 0 373349505
207 240 9.24564 9.24564 0 373349505
207 241 0.65194 0.65194 0 373349505
207 242 0.455317 0.455317 0 373349505
207 243 0.621543 0.621543 0 373349505
207 244 1.65723 1.65723 0 373349505
207 245 0.606572 0.606572 0 373349505
207 246 0.44482 0.44482 0 373349505
207 247 0.625377 0.625377 0 373349505
207 248 0.446098 0.446098 0 373349505
207 249 1.20986 1.20986 0 373349505
207 250 9.36139 9.36139 0 373349505
207 251 0.630488 0.630488 0 373349505
207 252 0.470744 0.470744 0 373349505
207 253 6.08754 6.08754 0 373349505
207 254 0.999817 0.999817 0 373349505
207 255 0.604016 0.604016 0 373349505
208 192 0.328435 0.328435 0 373349505
208 193 0.944774 0.944774 0 373349505
208 194 7.94852 7.94852 0 373349505
208 195 9.8262 9.8262 0 373349505
208 196 0.449932 0.449932 0 373349505
208 197 1.01387 1.01387 0 373349505
208 198 0.332177 0.332177 0 373349505
208 199 0.935281 0.935281 0 373349505
208 200 0.317754 0.317754 0 373349505
208 201 1.01497 1.01497 0 373349505
208 202 3.74578 3.74578 0 373349505
208 203 1.07513 1.07513 0 373349505
208 204 0.629758 0.629758 0 373349505
208 205 0.944683 0.944683 0 373349505
208 206 0.999726 0.999726 0 373349505
208 207 18.6963 18.6963 0 373349505
208 209 9.8272 9.8272 0 373349505
208 210 5.21022 5.21022 0 373349505
208 211 9.72634 9.72634 0 373349505
208 212 0.622729 0.622729 0 373349505
208 213 9.76531 9.76531 0 373349505
208 214 0.327978 0.327978 0 373349505
208 215 9.85815 9.85815 0 373349505
208 216 0.954359 0.954359 0 373349505
208 217 18.7348 18.7348 0 373349505
208 218 5.73975 5.73975 0 373349505
208 219 1.45733 1.45733 0 373349505
208 220 0.920949 0.920949 0 373349505
208 221 0.983934 0.983934 0 373349505
208 222 1.05513 1.05513 0 373349505
208 223 1.30269 1.30269 0 373349505
208 224 1.44957 1.44957 0 373349505
208 225 0.814331 0.814331 0 373349505
208 226 4.57298 4.57298 0 373349505
208 227 12.4867 12.4867 0 373349505
208 228 1.17727 1.17727 0 373349505
208 229 2.02255 2.02255 0 373349505
208 230 0.290826 0.290826 0 373349505
208 231 0.928982 0.928982 0 373349505
208 232 0.344683 0.344683 0 373349505
208 233 0.896029 0.896029 0 373349505
208 234 2.04957 2.04957 0 373349505
208 235 0.959471 0.959471 0 373349505
208 236 0.321771 0.321771 0 373349505
208 237 0.960292 0.960292 0 373349505
208 238 0.949064 0.949064 0 373349505
208 239 9.77627 9.77627 0 373349505
208 240 0.354541 0.354541 0 373349505
208 241 0.993428 0.993428 0 373349505
208 242 3.28891 3.28891 0 373349505
208 243 1.01743 1.01743 0 373349505
208 244 0.309448 0.309448 0 373349505
208 245 2.04418 2.04418 0 373349505
208 246 0.31456 0.31456 0 373349505
208 247 0.943496 0.943496 0 373349505
208 248 0.902236 0.902236 0 373349505
208 249 9.72186 9.72186 0 373349505
208 250 2.82072 2.82072 0 373349505
208 251 1.10507 1.10507 0 373349505
208 252 0.377271 0.377271 0 373349505
208 253 1.00274 1.00274 0 373349505
208 254 0.600456 0.600456 0 373349505
208 255 0.974806 0.974806 0 373349505
209 192 0.535098 0.535098 0 373349505
209 193 0.542766 0.542766 0 373349505
209 194 2.90497 2.90497 0 373349505
209 195 1.16696 1.16696 0 373349505
209 196 9.2283 9.2283 0 373349505
209 197 2.48562 2.48562 0 373349505
209 198 0.391419 0.391419 0 373349505
209 199 0.559927 0.559927 0 373349505
209 200 0.390507 0.390507 0 373349505
209 201 0.557554 0.557554 0 373349505
209 202 0.337654 0.337654 0 373349505
209 203 0.553081 0.553081 0 373349505
209 204 0.262529 0.262529 0 373349505
209 205 1.08398 1.08398 0 373349505
209 206 0.53026 0.53026 0 373349505
209 207 1.39434 1.39434 0 373349505
209 208 10.1088 10.1088 0 373349505
209 210 0.402282 0.402282 0 373349505
209 211 0.565952 0.565952 0 373349505
209 212 0.543405 0.543405 0 373349505
209 213 0.612506 0.612506 0 373349505
209 214 0.565404 0.565404 0 373349505
209 215 0.601552 0.601552 0 373349505
209 216 0.914651 0.914651 0 373349505
209 217 1.39927 1.39927 0 373349505
209 218 17.945 17.945 0 373349505
209 219 1.33364 1.33364 0 373349505
209 220 9.16285 9.16285 0 373349505
209 221 1.14258 1.14258 0 373349505
209 222 9.74925 9.74925 0 373349505
209 223 1.19133 1.19133 0 373349505
209 224 10.5259 10.5259 0 373349505
209 225 1.17453 1.17453 0 373349505
209 226 9.27832 9.27832 0 373349505
209 227 1.73464 1.73464 0 373349505
209 228 17.9092 17.9092 0 373349505
209 229 1.13902 1.13902 0 373349505
209 230 0.374441 0.374441 0 373349505
209 231 0.564856 0.564856 0 373349505
209 232 0.391511 0.391511 0 373349505
209 233 1.26143 1.26143 0 373349505
209 234 0.711273 0.711273 0 373349505
209 235 0.489913 0.489913 0 373349505
209 236 0.506253 0.506253 0 373349505
209 237 1.08827 1.08827 0 373349505
209 238 0.554724 0.554724 0 373349505
209 239 1.24473 1.24473 0 373349505
209 240 9.27659 9.27659 0 373349505
209 241 0.605568 0.605568 0 373349505
209 242 0.385486 0.385486 0 373349505
209 243 0.559653 0.559653 0 373349505
209 244 0.633592 0.633592 0 373349505
209 245 0.556458 0.556458 0 373349505
209 246 0.393154 0.393154 0 373349505
209 247 0.556093 0.556093 0 373349505
209 248 0.376358 0.376358 0 373349505
209 249 1.14213 1.14213 0 373349505
209 250 9.13765 9.13765 0 373349505
209 251 0.557554 0.557554 0 373349505
209 252 0.389503 0.389503 0 373349505
209 253 0.551073 0.551073 0 373349505
209 254 0.372068 0.372068 0 373349505
209 255 0.552351 0.552351 0 373349505
210 192 0.24628 0.24628 0 373349505
210 193 0.385395 0.385395 0 373349505
210 194 1.18293 1.18293 0 373349505
210 195 0.3822 0.3822 0 373349505
210 196 0.850023 0.850023 0 373349505
210 197 9.17179 9.17179 0 373349505
210 198 0.21141 0.21141 0 373349505
210 199 1.13017 1.13017 0 373349505
210 200 0.220812 0.220812 0 373349505
210 201 0.370151 0.370151 0 373349505
210 202 0.169329 0.169329 0 373349505
210 203 0.37225 0.37225 0 373349505
210 204 0.140027 0.140027 0 373349505
210 205 0.606298 0.606298 0 373349505
210 206 0.832588 0.832588 0 373349505
210 207 9.28471 9.28471 0 373349505
210 208 5.50178 5.50178 0 373349505
210 209 0.561114 0.561114 0 373349505
210 211 0.41068 0.41068 0 373349505
210 212 0.203834 0.203834 0 373349505
210 213 0.439434 0.439434 0 373349505
210 214 0.21424 0.21424 0 373349505
210 215 0.471748 0.471748 0 373349505
210 216 0.820539 0.820539 0 373349505
210 217 10.15 10.15 0 373349505
210 218 0.193154 0.193154 0 373349505
210 219 9.62866 9.62866 0 373349505
210 220 0.197535 0.197535 0 373349505
210 221 9.20712 9.20712 0 373349505
210 222 0.338202 0.338202 0 373349505
210 223 9.59224 9.59224 0 373349505
210 224 0.325787 0.325787 0 373349505
210 225 11.0131 11.0131 0 373349505
210 226 0.381926 0.381926 0 373349505
210 227 9.13446 9.13446 0 373349505
210 228 0.770333 0.770333 0 373349505
210 229 17.8868 17.8868 0 373349505
210 230 0.770881 0.770881 0 373349505
210 231 0.368599 0.368599 0 373349505
210 232 1.32469 1.32469 0 373349505
210 233 0.389594 0.389594 0 373349505
210 234 0.816522 0.816522 0 373349505
210 235 2.23587 2.23587 0 373349505
210 236 0.725696 0.725696 0 373349505
210 237 0.618165 0.618165 0 373349505
210 238 1.44911 1.44911 0 373349505
210 239 10.0059 10.0059 0 373349505
210 240 1.07549 1.07549 0 373349505
210 241 0.373619 0.373619 0 373349505
210 242 0.200548 0.200548 0 373349505
210 243 0.373437 0.373437 0 373349505
210 244 0.198539 0.198539 0 373349505
210 245 1.43816 1.43816 0 373349505
210 246 0.193702 0.193702 0 373349505
210 247 1.12834 1.12834 0 373349505
210 248 0.776175 0.776175 0 373349505
210 249 9.13309 9.13309 0 373349505
210 250 0.194067 0.194067 0 373349505
210 251 1.08553 1.08553 0 373349505
210 252 0.194888 0.194888 0 373349505
210 253 0.366317 0.366317 0 373349505
210 254 0.202191 0.202191 0 373349505
210 255 0.367686 0.367686 0 373349505
211 192 0.462346 0.462346 0 373349505
211 193 0.561935 0.561935 0 373349505
211 194 1.3204 1.3204 0 373349505
211 195 0.569877 0.569877 0 373349505
211 196 0.456139 0.456139 0 373349505
211 197 1.1257 1.1257 0 373349505
211 198 10.634 10.634 0 373349505
211 199 0.559562 0.559562 0 373349505
211 200 0.388681 0.388681 0 373349505
211 201 0.552442 0.552442 0 373349505
211 202 0.381287 0.381287 0 373349505
211 203 0.556823 0.556823 0 373349505
211 204 1.33957 1.33957 0 373349505
211 205 0.548243 0.548243 0 373349505
211 206 0.397718 0.397718 0 373349505
211 207 1.16403 1.16403 0 373349505
211 208 9.74623 9.74623 0 373349505
211 209 0.64555 0.64555 0 373349505
211 210 0.569694 0.569694 0 373349505
211 212 1.52223 1.52223 0 373349505
211 213 0.601917 0.601917 0 373349505
211 214 0.512277 0.512277 0 373349505
211 215 5.93053 5.93053 0 373349505
211 216 1.61488 1.61488 0 373349505
211 217 1.53793 1.53793 0 373349505
211 218 9.28307 9.28307 0 373349505
211 219 0.833044 0.833044 0 373349505
211 220 0.563031 0.563031 0 373349505
211 221 0.594432 0.594432 0 373349505
211 222 0.990963 0.990963 0 373349505
211 223 0.610406 0.610406 0 373349505
211 224 0.625011 0.625011 0 373349505
211 225 0.565678 0.565678 0 373349505
211 226 0.545413 0.545413 0 373349505
211 227 0.550981 0.550981 0 373349505
211 228 0.376175 0.376175 0 373349505
211 229 1.13674 1.13674 0 373349505
211 230 17.8868 17.8868 0 373349505
211 231 1.13848 1.13848 0 373349505
211 232 9.1696 9.1696 0 373349505
211 233 1.15144 1.15144 0 373349505
211 234 9.18822 9.18822 0 373349505
211 235 1.14258 1.14258 0 373349505
211 236 9.26143 9.26143 0 373349505
211 237 1.14532 1.14532 0 373349505
211 238 9.1948 9.1948 0 373349505
211 239 1.71766 1.71766 0 373349505
211 240 17.9536 17.9536 0 373349505
211 241 1.13948 1.13948 0 373349505
211 242 0.432679 0.432679 0 373349505
211 243 0.596531 0.596531 0 373349505
211 244 0.578001 0.578001 0 373349505
211 245 1.25157 1.25157 0 373349505
211 246 0.613601 0.613601 0 373349505
211 247 0.43633 0.43633 0 373349505
211 248 1.01561 1.01561 0 373349505
211 249 1.27257 1.27257 0 373349505
211 250 9.24838 9.24838 0 373349505
211 251 0.662437 0.662437 0 373349505
211 252 0.985395 0.985395 0 373349505
211 253 0.546874 0.546874 0 373349505
211 254 2.4523 2.4523 0 373349505
211 255 0.562665 0.562665 0 373349505
212 192 0.218987 0.218987 0 373349505
212 193 0.624007 0.624007 0 373349505
212 194 1.89466 1.89466 0 373349505
212 195 0.558101 0.558101 0 373349505
212 196 0.874578 0.874578 0 373349505
212 197 9.34286 9.34286 0 373349505
212 198 0.234505 0.234505 0 373349505
212 199 0.549521 0.549521 0 373349505
212 200 0.261342 0.261342 0 373349505
212 201 0.574806 0.574806 0 373349505
212 202 0.206116 0.206116 0 373349505
212 203 0.549977 0.549977 0 373349505
212 204 0.202191 0.202191 0 373349505
212 205 0.55089 0.55089 0 373349505
212 206 0.804108 0.804108 0 373349505
212 207 9.33181 9.33181 0 373349505
212 208 0.780374 0.780374 0 373349505
212 209 0.545504 0.545504 0 373349505
212 210 0.300137 0.300137 0 373349505
212 211 2.63204 2.63204 0 373349505
212 213 0.636057 0.636057 0 373349505
212 214 0.194067 0.194067 0 373349505
212 215 0.654222 0.654222 0 373349505
212 216 1.04865 1.04865 0 373349505
212 217 9.59188 9.59188 0 373349505
212 218 0.257325 0.257325 0 373349505
212 219 1.07421 1.07421 0 373349505
212 220 0.243359 0.243359 0 373349505
212 221 1.18822 1.18822 0 373349505
212 222 0.352716 0.352716 0 373349505
212 223 0.887449 0.887449 0 373349505
212 224 0.26974 0.26974 0 373349505
212 225 0.563578 0.563578 0 373349505
212 226 0.38576 0.38576 0 373349505
212 227 0.554359 0.554359 0 373349505
212 228 0.791419 0.791419 0 373349505
212 229 9.30662 9.30662 0 373349505
212 230 0.207303 0.207303 0 373349505
212 231 9.29758 9.29758 0 373349505
212 232 2.69868 2.69868 0 373349505
212 233 9.34368 9.34368 0 373349505
212 234 0.252761 0.252761 0 373349505
212 235 9.30397 9.30397 0 373349505
212 236 0.206298 0.206298 0 373349505
212 237 9.31483 9.31483 0 373349505
212 238 1.14194 1.14194 0 373349505
212 239 18.0706 18.0706 0 373349505
212 240 0.335737 0.335737 0 373349505
212 241 9.31684 9.31684 0 373349505
212 242 0.811045 0.811045 0 373349505
212 243 0.546782 0.546782 0 373349505
212 244 0.796805 0.796805 0 373349505
212 245 1.44245 1.44245 0 373349505
212 246 1.07074 1.07074 0 373349505
212 247 0.50178 0.50178 0 373349505
212 248 1.59069 1.59069 0 373349505
212 249 9.35628 9.35628 0 373349505
212 250 0.839069 0.839069 0 373349505
212 251 1.56431 1.56431 0 373349505
212 252 1.05112 1.05112 0 373349505
212 253 0.54377 0.54377 0 373349505
212 254 0.20785 0.20785 0 373349505
212 255 1.73227 1.73227 0 373349505
213 192 0.46901 0.46901 0 373349505
213 193 1.20146 1.20146 0 373349505
213 194 2.05641 2.05641 0 373349505
213 195 1.11465 1.11465 0 373349505
213 196 0.660794 0.660794 0 373349505
213 197 1.38932 1.38932 0 373349505
213 198 9.28416 9.28416 0 373349505
213 199 0.661798 0.661798 0 373349505
213 200 0.577545 0.577545 0 373349505
213 201 0.626198 0.626198 0 373349505
213 202 1.94103 1.94103 0 373349505
213 203 0.617252 0.617252 0 373349505
213 204 0.434322 0.434322 0 373349505
213 205 0.60785 0.60785 0 373349505
213 206 0.453218 0.453218 0 373349505
213 207 1.22611 1.22611 0 373349505
213 208 9.76851 9.76851 0 373349505
213 209 0.612323 0.612323 0 373349505
213 210 0.437882 0.437882 0 373349505
213 211 0.706527 0.706527 0 373349505
213 212 0.802373 0.802373 0 373349505
213 214 0.655226 0.655226 0 373349505
213 215 0.672022 0.672022 0 373349505
213 216 0.869283 0.869283 0 373349505
213 217 1.45112 1.45112 0 373349505
213 218 9.24893 9.24893 0 373349505
213 219 0.799361 0.799361 0 373349505
213 220 1.59251 1.59251 0 373349505
213 221 0.651666 0.651666 0 373349505
213 222 1.61524 1.61524 0 373349505
213 223 0.654678 0.654678 0 373349505
213 224 0.686353 0.686353 0 373349505
213 225 0.562118 0.562118 0 373349505
213 226 0.54021 0.54021 0 373349505
213 227 1.1361 1.1361 0 373349505
213 228 0.578183 0.578183 0 373349505
213 229 1.30068 1.30068 0 373349505
213 230 9.29165 9.29165 0 373349505
213 231 0.66545 0.66545 0 373349505
213 232 0.455408 0.455408 0 373349505
213 233 0.623916 0.623916 0 373349505
213 234 0.483341 0.483341 0 373349505
213 235 0.60785 0.60785 0 373349505
213 236 0.463989 0.463989 0 373349505
213 237 0.615701 0.615701 0 373349505
213 238 0.48325 0.48325 0 373349505
213 239 3.57891 3.57891 0 373349505
213 240 9.24993 9.24993 0 373349505
213 241 0.616066 0.616066 0 373349505
213 242 9.41771 9.41771 0 373349505
213 243 1.19598 1.19598 0 373349505
213 244 9.39644 9.39644 0 373349505
213 245 1.19571 1.19571 0 373349505
213 246 9.20602 9.20602 0 373349505
213 247 1.20246 1.20246 0 373349505
213 248 9.21497 9.21497 0 373349505
213 249 1.77773 1.77773 0 373349505
213 250 17.9663 17.9663 0 373349505
213 251 1.19598 1.19598 0 373349505
213 252 9.21269 9.21269 0 373349505
213 253 1.18165 1.18165 0 373349505
213 254 0.434231 0.434231 0 373349505
213 255 0.609311 0.609311 0 373349505
214 192 0.809859 0.809859 0 373349505
214 193 0.546508 0.546508 0 373349505
214 194 3.97316 3.97316 0 373349505
214 195 0.803104 0.803104 0 373349505
214 196 1.51292 1.51292 0 373349505
214 197 9.42556 9.42556 0 373349505
214 198 0.884071 0.884071 0 373349505
214 199 1.40602 1.40602 0 373349505
214 200 1.08644 1.08644 0 373349505
214 201 1.3476 1.3476 0 373349505
214 202 0.204838 0.204838 0 373349505
214 203 0.584573 0.584573 0 373349505
214 204 0.202465 0.202465 0 373349505
214 205 0.601187 0.601187 0 373349505
214 206 0.806937 0.806937 0 373349505
214 207 9.35993 9.35993 0 373349505
214 208 0.329256 0.329256 0 373349505
214 209 0.566134 0.566134 0 373349505
214 210 0.21497 0.21497 0 373349505
214 211 0.569147 0.569147 0 373349505
214 212 0.317024 0.317024 0 373349505
214 213 0.821817 0.821817 0 373349505
214 215 0.684801 0.684801 0 373349505
214 216 0.70251 0.70251 0 373349505
214 217 0.821725 0.821725 0 373349505
214 218 0.791328 0.791328 0 373349505
214 219 12.4789 12.4789 0 373349505
214 220 0.210589 0.210589 0 373349505
214 221 1.69238 1.69238 0 373349505
214 222 0.348517 0.348517 0 373349505
214 223 0.904792 0.904792 0 373349505
214 224 0.264263 0.264263 0 373349505
214 225 0.548699 0.548699 0 373349505
214 226 0.348517 0.348517 0 373349505
214 227 1.56486 1.56486 0 373349505
214 228 0.830671 0.830671 0 373349505
214 229 9.36413 9.36413 0 373349505
214 230 0.24911 0.24911 0 373349505
214 231 0.551438 0.551438 0 373349505
214 232 0.249932 0.249932 0 373349505
214 233 0.592515 0.592515 0 373349505
214 234 0.262985 0.262985 0 373349505
214 235 0.57791 0.57791 0 373349505
214 236 0.202556 0.202556 0 373349505
214 237 0.579005 0.579005 0 373349505
214 238 0.834231 0.834231 0 373349505
214 239 9.33272 9.33272 0 373349505
214 240 0.261798 0.261798 0 373349505
214 241 0.572615 0.572615 0 373349505
214 242 0.221269 0.221269 0 373349505
214 243 9.3236 9.3236 0 373349505
214 244 0.204382 0.204382 0 373349505
214 245 10.2316 10.2316 0 373349505
214 246 0.215153 0.215153 0 373349505
214 247 9.8932 9.8932 0 373349505
214 248 0.20566 0.20566 0 373349505
214 249 10.0843 10.0843 0 373349505
214 250 5.88398 5.88398 0 373349505
214 251 18.225 18.225 0 373349505
214 252 0.286262 0.286262 0 373349505
214 253 9.32433 9.32433 0 373349505
214 254 0.785212 0.785212 0 373349505
214 255 0.563578 0.563578 0 373349505
215 192 9.42529 9.42529 0 373349505
215 193 1.1267 1.1267 0 373349505
215 194 10.9007 10.9007 0 373349505
215 195 4.76203 4.76203 0 373349505
215 196 9.32022 9.32022 0 373349505
215 197 1.76075 1.76075 0 373349505
215 198 18.0216 18.0216 0 373349505
215 199 1.19461 1.19461 0 373349505
215 200 9.24683 9.24683 0 373349505
215 201 1.20593 1.20593 0 373349505
215 202 0.474213 0.474213 0 373349505
215 203 3.26636 3.26636 0 373349505
215 204 0.432679 0.432679 0 373349505
215 205 1.17207 1.17207 0 373349505
215 206 2.912 2.912 0 373349505
215 207 1.34687 1.34687 0 373349505
215 208 10.0078 10.0078 0 373349505
215 209 0.689274 0.689274 0 373349505
215 210 0.515016 0.515016 0 373349505
215 211 5.83469 5.83469 0 373349505
215 212 0.82063 0.82063 0 373349505
215 213 0.680511 0.680511 0 373349505
215 214 0.853035 0.853035 0 373349505
215 216 0.934277 0.934277 0 373349505
215 217 0.864719 0.864719 0 373349505
215 218 0.50963 0.50963 0 373349505
215 219 6.63003 6.63003 0 373349505
215 220 9.26636 9.26636 0 373349505
215 221 0.601461 0.601461 0 373349505
215 222 1.08635 1.08635 0 373349505
215 223 0.659425 0.659425 0 373349505
215 224 0.721862 0.721862 0 373349505
215 225 0.61351 0.61351 0 373349505
215 226 0.685623 0.685623 0 373349505
215 227 5.8691 5.8691 0 373349505
215 228 0.473574 0.473574 0 373349505
215 229 1.2754 1.2754 0 373349505
215 230 9.2388 9.2388 0 373349505
215 231 0.604564 0.604564 0 373349505
215 232 0.498585 0.498585 0 373349505
215 233 0.615244 0.615244 0 373349505
215 234 0.520219 0.520219 0 373349505
215 235 4.74322 4.74322 0 373349505
215 236 0.44126 0.44126 0 373349505
215 237 0.48827 0.48827 0 373349505
215 238 2.03259 2.03259 0 373349505
215 239 1.32487 1.32487 0 373349505
215 240 9.38667 9.38667 0 373349505
215 241 0.690826 0.690826 0 373349505
215 242 0.532451 0.532451 0 373349505
215 243 4.06983 4.06983 0 373349505
215 244 0.616431 0.616431 0 373349505
215 245 0.611867 0.611867 0 373349505
215 246 1.42227 1.42227 0 373349505
215 247 0.621543 0.621543 0 373349505
215 248 1.02748 1.02748 0 373349505
215 249 0.600913 0.600913 0 373349505
215 250 1.61178 1.61178 0 373349505
215 251 5.93364 5.93364 0 373349505
215 252 9.2398 9.2398 0 373349505
215 253 5.08316 5.08316 0 373349505
215 254 9.32168 9.32168 0 373349505
215 255 1.18238 1.18238 0 373349505
216 192 0.571794 0.571794 0 373349505
216 193 9.53346 9.53346 0 373349505
216 194 8.97563 8.97563 0 373349505
216 195 9.6796 9.6796 0 373349505
216 196 0.933546 0.933546 0 373349505
216 197 18.3192 18.3192 0 373349505
216 198 0.307805 0.307805 0 373349505
216 199 9.64263 9.64263 0 373349505
216 200 0.292926 0.292926 0 373349505
216 201 9.61461 9.61461 0 373349505
216 202 0.822729 0.822729 0 373349505
216 203 0.874669 0.874669 0 373349505
216 204 0.827841 0.827841 0 373349505
216 205 0.911365 0.911365 0 373349505
216 206 1.93437 1.93437 0 373349505
216 207 9.69795 9.69795 0 373349505
216 208 1.00411 1.00411 0 373349505
216 209 0.979279 0.979279 0 373349505
216 210 0.821634 0.821634 0 373349505
216 211 1.76714 1.76714 0 373349505
216 212 1.09667 1.09667 0 373349505
216 213 0.890644 0.890644 0 373349505
216 214 0.675217 0.675217 0 373349505
216 215 1.09521 1.09521 0 373349505
216 217 1.72077 1.72077 0 373349505
216 218 0.830762 0.830762 0 373349505
216 219 10.1393 10.1393 0 373349505
216 220 0.245459 0.245459 0 373349505
216 221 0.956915 0.956915 0 373349505
216 222 0.383295 0.383295 0 373349505
216 223 1.27923 1.27923 0 373349505
216 224 0.74806 0.74806 0 373349505
216 225 0.927704 0.927704 0 373349505
216 226 0.425103 0.425103 0 373349505
216 227 2.83943 2.83943 0 373349505
216 228 0.824555 0.824555 0 373349505
216 229 9.64035 9.64035 0 373349505
216 230 0.240986 0.240986 0 373349505
216 231 0.86901 0.86901 0 373349505
216 232 0.370881 0.370881 0 373349505
216 233 0.950707 0.950707 0 373349505
216 234 0.283889 0.283889 0 373349505
216 235 0.858877 0.858877 0 373349505
216 236 0.203651 0.203651 0 373349505
216 237 0.823368 0.823368 0 373349505
216 238 1.07713 1.07713 0 373349505
216 239 9.64272 9.64272 0 373349505
216 240 0.335646 0.335646 0 373349505
216 241 0.758375 0.758375 0 373349505
216 242 0.250571 0.250571 0 373349505
216 243 0.812962 0.812962 0 373349505
216 244 0.256778 0.256778 0 373349505
216 245 1.74888 1.74888 0 373349505
216 246 0.245185 0.245185 0 373349505
216 247 0.92031 0.92031 0 373349505
216 248 0.276221 0.276221 0 373349505
216 249 0.847741 0.847741 0 373349505
216 250 0.82346 0.82346 0 373349505
216 251 10.901 10.901 0 373349505
216 252 0.244546 0.244546 0 373349505
216 253 0.882702 0.882702 0 373349505
216 254 0.241534 0.241534 0 373349505
216 255 9.57033 9.57033 0 373349505
217 192 1.27348 1.27348 0 373349505
217 193 1.01132 1.01132 0 373349505
217 194 2.97754 2.97754 0 373349505
217 195 1.0649 1.0649 0 373349505
217 196 0.982565 0.982565 0 373349505
217 197 4.76723 4.76723 0 373349505
217 198 9.67595 9.67595 0 373349505
217 199 1.04665 1.04665 0 373349505
217 200 0.90251 0.90251 0 373349505
217 201 1.04309 1.04309 0 373349505
217 202 9.66728 9.66728 0 373349505
217 203 1.63031 1.63031 0 373349505
217 204 9.6157 9.6157 0 373349505
217 205 1.62373 1.62373 0 373349505
217 206 9.63286 9.63286 0 373349505
217 207 2.23524 2.23524 0 373349505
217 208 18.9617 18.9617 0 373349505
217 209 1.62565 1.62565 0 373349505
217 210 11.1171 11.1171 0 373349505
217 211 1.62684 1.62684 0 373349505
217 212 9.77316 9.77316 0 373349505
217 213 1.68042 1.68042 0 373349505
217 214 1.04619 1.04619 0 373349505
217 215 1.15974 1.15974 0 373349505
217 216 2.55427 2.55427 0 373349505
217 218 1.9026 1.9026 0 373349505
217 219 1.93336 1.93336 0 373349505
217 220 9.84071 9.84071 0 373349505
217 221 1.11337 1.11337 0 373349505
217 222 1.46846 1.46846 0 373349505
217 223 1.11073 1.11073 0 373349505
217 224 1.10205 1.10205 0 373349505
217 225 1.07184 1.07184 0 373349505
217 226 1.09128 1.09128 0 373349505
217 227 1.06052 1.06052 0 373349505
217 228 0.920493 0.920493 0 373349505
217 229 1.63843 1.63843 0 373349505
217 230 9.66518 9.66518 0 373349505
217 231 1.07102 1.07102 0 373349505
217 232 0.926609 0.926609 0 373349505
217 233 1.07695 1.07695 0 373349505
217 234 0.947513 0.947513 0 373349505
217 235 1.06508 1.06508 0 373349505
217 236 0.929804 0.929804 0 373349505
217 237 1.05787 1.05787 0 373349505
217 238 0.949429 0.949429 0 373349505
217 239 1.62556 1.62556 0 373349505
217 240 9.71429 9.71429 0 373349505
217 241 1.05294 1.05294 0 373349505
217 242 0.919763 0.919763 0 373349505
217 243 1.0387 1.0387 0 373349505
217 244 1.06554 1.06554 0 373349505
217 245 1.04089 1.04089 0 373349505
217 246 0.863806 0.863806 0 373349505
217 247 0.943314 0.943314 0 373349505
217 248 0.762848 0.762848 0 373349505
217 249 1.56403 1.56403 0 373349505
217 250 1.00246 1.00246 0 373349505
217 251 1.7612 1.7612 0 373349505
217 252 9.70333 9.70333 0 373349505
217 253 1.07796 1.07796 0 373349505
217 254 0.841168 0.841168 0 373349505
217 255 1.00055 1.00055 0 373349505
218 192 0.229576 0.229576 0 373349505
218 193 0.399178 0.399178 0 373349505
218 194 2.78923 2.78923 0 373349505
218 195 0.433318 0.433318 0 373349505
218 196 0.88115 0.88115 0 373349505
218 197 9.2042 9.2042 0 373349505
218 198 0.220539 0.220539 0 373349505
218 199 0.412871 0.412871 0 373349505
218 200 0.235235 0.235235 0 373349505
218 201 0.415153 0.415153 0 373349505
218 202 0.195253 0.195253 0 373349505
218 203 9.92597 9.92597 0 373349505
218 204 0.218439 0.218439 0 373349505
218 205 9.17015 9.17015 0 373349505
218 206 0.214149 0.214149 0 373349505
218 207 9.20246 9.20246 0 373349505
218 208 5.95226 5.95226 0 373349505
218 209 17.9451 17.9451 0 373349505
218 210 0.193063 0.193063 0 373349505
218 211 9.17891 9.17891 0 373349505
218 212 0.213419 0.213419 0 373349505
218 213 9.2565 9.2565 0 373349505
218 214 0.790872 0.790872 0 373349505
218 215 0.479233 0.479233 0 373349505
218 216 0.914286 0.914286 0 373349505
218 217 2.19544 2.19544 0 373349505
218 219 9.74477 9.74477 0 373349505
218 220 0.832497 0.832497 0 373349505
218 221 1.19261 1.19261 0 373349505
218 222 0.927065 0.927065 0 373349505
218 223 1.57508 1.57508 0 373349505
218 224 1.08754 1.08754 0 373349505
218 225 0.422364 0.422364 0 373349505
218 226 0.400822 0.400822 0 373349505
218 227 0.411136 0.411136 0 373349505
218 228 0.776997 0.776997 0 373349505
218 229 9.93053 9.93053 0 373349505
218 230 0.193519 0.193519 0 373349505
218 231 0.407029 0.407029 0 373349505
218 232 0.692104 0.692104 0 373349505
218 233 0.429028 0.429028 0 373349505
218 234 0.240621 0.240621 0 373349505
218 235 2.29895 2.29895 0 373349505
218 236 0.190689 0.190689 0 373349505
218 237 0.415153 0.415153 0 373349505
218 238 0.240347 0.240347 0 373349505
218 239 0.405751 0.405751 0 373349505
218 240 0.903606 0.903606 0 373349505
218 241 9.19233 9.19233 0 373349505
218 242 0.216522 0.216522 0 373349505
218 243 0.980831 0.980831 0 373349505
218 244 0.196257 0.196257 0 373349505
218 245 1.30233 1.30233 0 373349505
218 246 0.214788 0.214788 0 373349505
218 247 0.372615 0.372615 0 373349505
218 248 0.151894 0.151894 0 373349505
218 249 0.64911 0.64911 0 373349505
218 250 0.822821 0.822821 0 373349505
218 251 10.274 10.274 0 373349505
218 252 0.242264 0.242264 0 373349505
218 253 0.409128 0.409128 0 373349505
218 254 0.191419 0.191419 0 373349505
218 255 0.544318 0.544318 0 373349505
219 192 1.91109 1.91109 0 373349505
219 193 0.652031 0.652031 0 373349505
219 194 2.79288 2.79288 0 373349505
219 195 0.645459 0.645459 0 373349505
219 196 1.60968 1.60968 0 373349505
219 197 1.49986 1.49986 0 373349505
219 198 9.7508 9.7508 0 373349505
219 199 0.830306 0.830306 0 373349505
219 200 1.01406 1.01406 0 373349505
219 201 0.756002 0.756002 0 373349505
219 202 0.86764 0.86764 0 373349505
219 203 0.75445 0.75445 0 373349505
219 204 0.862529 0.862529 0 373349505
219 205 0.742401 0.742401 0 373349505
219 206 1.83241 1.83241 0 373349505
219 207 0.780648 0.780648 0 373349505
219 208 1.45842 1.45842 0 373349505
219 209 1.334 1.334 0 373349505
219 210 9.62538 9.62538 0 373349505
219 211 0.745322 0.745322 0 373349505
219 212 1.02976 1.02976 0 373349505
219 213 0.800548 0.800548 0 373349505
219 214 12.2646 12.2646 0 373349505
219 215 6.86225 6.86225 0 373349505
219 216 10.1359 10.1359 0 373349505
219 217 1.72716 1.72716 0 373349505
219 218 9.87056 9.87056 0 373349505
219 220 18.4503 18.4503 0 373349505
219 221 1.33829 1.33829 0 373349505
219 222 10.2437 10.2437 0 373349505
219 223 1.38613 1.38613 0 373349505
219 224 9.87576 9.87576 0 373349505
219 225 1.35052 1.35052 0 373349505
219 226 0.987312 0.987312 0 373349505
219 227 0.631127 0.631127 0 373349505
219 228 1.51118 1.51118 0 373349505
219 229 2.16632 2.16632 0 373349505
219 230 10.0291 10.0291 0 373349505
219 231 0.836878 0.836878 0 373349505
219 232 0.95728 0.95728 0 373349505
219 233 0.753263 0.753263 0 373349505
219 234 0.912551 0.912551 0 373349505
219 235 0.735555 0.735555 0 373349505
219 236 1.05577 1.05577 0 373349505
219 237 0.755089 0.755089 0 373349505
219 238 0.912277 0.912277 0 373349505
219 239 0.757554 0.757554 0 373349505
219 240 0.914377 0.914377 0 373349505
219 241 1.33966 1.33966 0 373349505
219 242 9.63186 9.63186 0 373349505
219 243 0.769694 0.769694 0 373349505
219 244 1.65824 1.65824 0 373349505
219 245 0.746143 0.746143 0 373349505
219 246 2.00849 2.00849 0 373349505
219 247 0.776175 0.776175 0 373349505
219 248 0.86691 0.86691 0 373349505
219 249 0.746052 0.746052 0 373349505
219 250 0.867914 0.867914 0 373349505
219 251 1.33355 1.33355 0 373349505
219 252 9.63989 9.63989 0 373349505
219 253 0.744318 0.744318 0 373349505
219 254 0.869649 0.869649 0 373349505
219 255 0.744592 0.744592 0 373349505
220 192 0.323049 0.323049 0 373349505
220 193 0.383569 0.383569 0 373349505
220 194 3.31538 3.31538 0 373349505
220 195 0.388772 0.388772 0 373349505
220 196 1.39863 1.39863 0 373349505
220 197 9.25742 9.25742 0 373349505
220 198 0.289639 0.289639 0 373349505
220 199 0.44701 0.44701 0 373349505
220 200 0.236422 0.236422 0 373349505
220 201 0.407029 0.407029 0 373349505
220 202 0.196257 0.196257 0 373349505
220 203 0.406481 0.406481 0 373349505
220 204 0.19571 0.19571 0 373349505
220 205 0.393884 0.393884 0 373349505
220 206 0.210863 0.210863 0 373349505
220 207 0.446372 0.446372 0 373349505
220 208 0.897581 0.897581 0 373349505
220 209 9.16303 9.16303 0 373349505
220 210 0.197809 0.197809 0 373349505
220 211 0.557919 0.557919 0 373349505
220 212 0.244546 0.244546 0 373349505
220 213 1.03432 1.03432 0 373349505
220 214 0.210589 0.210589 0 373349505
220 215 9.26454 9.26454 0 373349505
220 216 0.244637 0.244637 0 373349505
220 217 9.61351 9.61351 0 373349505
220 218 0.805294 0.805294 0 373349505
220 219 18.6057 18.6057 0 373349505
220 221 9.20749 9.20749 0 373349505
220 222 0.347695 0.347695 0 373349505
220 223 9.49904 9.49904 0 373349505
220 224 0.300411 0.300411 0 373349505
220 225 9.18202 9.18202 0 373349505
220 226 0.951985 0.951985 0 373349505
220 227 0.368234 0.368234 0 373349505
220 228 1.57654 1.57654 0 373349505
220 229 9.21123 9.21123 0 373349505
220 230 0.829484 0.829484 0 373349505
220 231 0.445733 0.445733 0 373349505
220 232 3.79215 3.79215 0 373349505
220 233 0.42209 0.42209 0 373349505
220 234 0.827293 0.827293 0 373349505
220 235 1.23031 1.23031 0 373349505
220 236 1.03496 1.03496 0 373349505
220 237 0.409037 0.409037 0 373349505
220 238 0.244728 0.244728 0 373349505
220 239 0.400456 0.400456 0 373349505
220 240 1.28635 1.28635 0 373349505
220 241 9.16951 9.16951 0 373349505
220 242 0.209311 0.209311 0 373349505
220 243 2.30534 2.30534 0 373349505
220 244 0.202465 0.202465 0 373349505
220 245 1.44847 1.44847 0 373349505
220 246 0.201552 0.201552 0 373349505
220 247 1.50981 1.50981 0 373349505
220 248 0.505888 0.505888 0 373349505
220 249 0.402647 0.402647 0 373349505
220 250 0.781652 0.781652 0 373349505
220 251 9.36604 9.36604 0 373349505
220 252 0.201826 0.201826 0 373349505
220 253 0.401004 0.401004 0 373349505
220 254 0.197901 0.197901 0 373349505
220 255 0.40639 0.40639 0 373349505
221 192 0.628845 0.628845 0 373349505
221 193 0.50534 0.50534 0 373349505
221 194 1.94815 1.94815 0 373349505
221 195 0.58503 0.58503 0 373349505
221 196 0.51602 0.51602 0 373349505
221 197 1.12652 1.12652 0 373349505
221 198 9.19936 9.19936 0 373349505
221 199 0.561022 0.561022 0 373349505
221 200 0.421634 0.421634 0 373349505
221 201 0.567503 0.567503 0 373349505
221 202 0.395162 0.395162 0 373349505
221 203 0.556458 0.556458 0 373349505
221 204 0.402008 0.402008 0 373349505
221 205 0.510726 0.510726 0 373349505
221 206 0.305066 0.305066 0 373349505
221 207 1.11995 1.11995 0 373349505
221 208 1.12141 1.12141 0 373349505
221 209 1.25815 1.25815 0 373349505
221 210 9.31839 9.31839 0 373349505
221 211 0.658512 0.658512 0 373349505
221 212 1.78494 1.78494 0 373349505
221 213 0.659699 0.659699 0 373349505
221 214 1.13902 1.13902 0 373349505
221 215 0.602099 0.602099 0 373349505
221 216 0.956093 0.956093 0 373349505
221 217 0.840712 0.840712 0 373349505
221 218 1.95226 1.95226 0 373349505
221 219 1.44829 1.44829 0 373349505
221 220 9.37435 9.37435 0 373349505
221 222 1.04427 1.04427 0 373349505
221 223 0.612323 0.612323 0 373349505
221 224 0.643633 0.643633 0 373349505
221 225 0.572889 0.572889 0 373349505
221 226 9.35974 9.35974 0 373349505
221 227 1.1518 1.1518 0 373349505
221 228 9.15783 9.15783 0 373349505
221 229 1.72707 1.72707 0 373349505
221 230 17.9311 17.9311 0 373349505
221 231 1.14696 1.14696 0 373349505
221 232 9.18521 9.18521 0 373349505
221 233 1.15737 1.15737 0 373349505
221 234 9.20237 9.20237 0 373349505
221 235 1.13747 1.13747 0 373349505
221 236 9.15463 9.15463 0 373349505
221 237 1.08635 1.08635 0 373349505
221 238 0.347786 0.347786 0 373349505
221 239 3.59297 3.59297 0 373349505
221 240 0.585304 0.585304 0 373349505
221 241 1.97435 1.97435 0 373349505
221 242 9.53136 9.53136 0 373349505
221 243 0.60566 0.60566 0 373349505
221 244 0.611045 0.611045 0 373349505
221 245 0.560018 0.560018 0 373349505
221 246 0.400365 0.400365 0 373349505
221 247 0.566682 0.566682 0 373349505
221 248 0.394249 0.394249 0 373349505
221 249 0.555911 0.555911 0 373349505
221 250 0.394523 0.394523 0 373349505
221 251 1.14505 1.14505 0 373349505
221 252 9.17827 9.17827 0 373349505
221 253 0.553446 0.553446 0 373349505
221 254 0.398266 0.398266 0 373349505
221 255 0.553081 0.553081 0 373349505
222 192 0.344409 0.344409 0 373349505
222 193 0.968599 0.968599 0 373349505
222 194 3.67248 3.67248 0 373349505
222 195 0.993519 0.993519 0 373349505
222 196 0.421269 0.421269 0 373349505
222 197 1.01387 1.01387 0 373349505
222 198 0.963487 0.963487 0 373349505
222 199 9.74331 9.74331 0 373349505
222 200 0.363761 0.363761 0 373349505
222 201 0.989868 0.989868 0 373349505
222 202 0.337289 0.337289 0 373349505
222 203 0.988225 0.988225 0 373349505
222 204 0.33236 0.33236 0 373349505
222 205 1.71967 1.71967 0 373349505
222 206 0.308079 0.308079 0 373349505
222 207 1.25404 1.25404 0 373349505
222 208 1.10151 1.10151 0 373349505
222 209 9.7948 9.7948 0 373349505
222 210 0.384665 0.384665 0 373349505
222 211 0.991693 0.991693 0 373349505
222 212 0.353081 0.353081 0 373349505
222 213 2.17672 2.17672 0 373349505
222 214 0.348973 0.348973 0 373349505
222 215 1.09064 1.09064 0 373349505
222 216 0.381835 0.381835 0 373349505
222 217 1.24208 1.24208 0 373349505
222 218 0.935372 0.935372 0 373349505
222 219 10.2455 10.2455 0 373349505
222 220 0.472022 0.472022 0 373349505
222 221 1.223 1.223 0 373349505
222 223 2.09046 2.09046 0 373349505
222 224 0.398813 0.398813 0 373349505
222 225 1.00338 1.00338 0 373349505
222 226 0.509356 0.509356 0 373349505
222 227 9.74021 9.74021 0 373349505
222 228 0.337654 0.337654 0 373349505
222 229 9.7477 9.7477 0 373349505
222 230 0.920858 0.920858 0 373349505
222 231 19.2595 19.2595 0 373349505
222 232 0.356915 0.356915 0 373349505
222 233 9.76832 9.76832 0 373349505
222 234 0.362757 0.362757 0 373349505
222 235 9.75719 9.75719 0 373349505
222 236 0.402921 0.402921 0 373349505
222 237 9.86399 9.86399 0 373349505
222 238 0.944957 0.944957 0 373349505
222 239 1.78822 1.78822 0 373349505
222 240 1.60292 1.60292 0 373349505
222 241 9.80082 9.80082 0 373349505
222 242 0.994706 0.994706 0 373349505
222 243 0.989503 0.989503 0 373349505
222 244 0.922866 0.922866 0 373349505
222 245 2.04473 2.04473 0 373349505
222 246 0.922501 0.922501 0 373349505
222 247 1.83907 1.83907 0 373349505
222 248 1.6293 1.6293 0 373349505
222 249 0.985669 0.985669 0 373349505
222 250 5.30726 5.30726 0 373349505
222 251 11.8041 11.8041 0 373349505
222 252 0.337106 0.337106 0 373349505
222 253 0.982474 0.982474 0 373349505
222 254 0.332999 0.332999 0 373349505
222 255 0.98366 0.98366 0 373349505
223 192 0.82136 0.82136 0 373349505
223 193 0.582382 0.582382 0 373349505
223 194 1.80867 1.80867 0 373349505
223 195 0.613236 0.613236 0 373349505
223 196 1.7005 1.7005 0 373349505
223 197 0.609676 0.609676 0 373349505
223 198 0.742675 0.742675 0 373349505
223 199 1.19945 1.19945 0 373349505
223 200 9.48051 9.48051 0 373349505
223 201 0.610863 0.610863 0 373349505
223 202 0.71812 0.71812 0 373349505
223 203 0.621634 0.621634 0 373349505
223 204 0.71319 0.71319 0 373349505
223 205 0.604747 0.604747 0 373349505
223 206 0.737563 0.737563 0 373349505
223 207 0.633866 0.633866 0 373349505
223 208 1.31027 1.31027 0 373349505
223 209 1.1916 1.1916 0 373349505
223 210 9.63268 9.63268 0 373349505
223 211 0.60785 0.60785 0 373349505
223 212 0.885897 0.885897 0 373349505
223 213 0.660794 0.660794 0 373349505
223 214 0.906709 0.906709 0 373349505
223 215 0.655135 0.655135 0 373349505
223 216 1.21771 1.21771 0 373349505
223 217 0.766408 0.766408 0 373349505
223 218 1.38722 1.38722 0 373349505
223 219 1.5267 1.5267 0 373349505
223 220 9.70114 9.70114 0 373349505
223 221 0.724144 0.724144 0 373349505
223 222 3.05377 3.05377 0 373349505
223 224 0.947786 0.947786 0 373349505
223 225 0.627385 0.627385 0 373349505
223 226 0.941031 0.941031 0 373349505
223 227 0.609493 0.609493 0 373349505
223 228 0.717663 0.717663 0 373349505
223 229 0.60922 0.60922 0 373349505
223 230 0.724783 0.724783 0 373349505
223 231 1.19051 1.19051 0 373349505
223 232 9.50735 9.50735 0 373349505
223 233 0.631584 0.631584 0 373349505
223 234 0.763122 0.763122 0 373349505
223 235 0.604655 0.604655 0 373349505
223 236 0.718393 0.718393 0 373349505
223 237 0.649749 0.649749 0 373349505
223 238 9.51894 9.51894 0 373349505
223 239 1.2304 1.2304 0 373349505
223 240 10.0809 10.0809 0 373349505
223 241 1.78156 1.78156 0 373349505
223 242 19.3864 19.3864 0 373349505
223 243 1.21698 1.21698 0 373349505
223 244 9.6178 9.6178 0 373349505
223 245 1.19251 1.19251 0 373349505
223 246 9.48571 9.48571 0 373349505
223 247 1.13875 1.13875 0 373349505
223 248 10.4084 10.4084 0 373349505
223 249 1.08873 1.08873 0 373349505
223 250 1.3644 1.3644 0 373349505
223 251 1.32935 1.32935 0 373349505
223 252 9.63724 9.63724 0 373349505
223 253 5.79662 5.79662 0 373349505
223 254 1.0712 1.0712 0 373349505
223 255 0.612323 0.612323 0 373349505
224 192 1.30251 1.30251 0 373349505
224 193 0.613692 0.613692 0 373349505
224 194 7.66052 7.66052 0 373349505
224 195 3.46043 3.46043 0 373349505
224 196 1.2188 1.2188 0 373349505
224 197 0.661068 0.661068 0 373349505
224 198 0.871931 0.871931 0 373349505
224 199 9.43861 9.43861 0 373349505
224 200 0.303697 0.303697 0 373349505
224 201 0.629576 0.629576 0 373349505
224 202 0.263259 0.263259 0 373349505
224 203 0.62565 0.62565 0 373349505
224 204 0.263259 0.263259 0 373349505
224 205 0.617891 0.617891 0 373349505
224 206 0.279781 0.279781 0 373349505
224 207 0.651757 0.651757 0 373349505
224 208 1.33537 1.33537 0 373349505
224 209 9.97143 9.97143 0 373349505
224 210 0.343314 0.343314 0 373349505
224 211 0.621178 0.621178 0 373349505
224 212 0.274578 0.274578 0 373349505
224 213 0.68471 0.68471 0 373349505
224 214 0.270105 0.270105 0 373349505
224 215 0.715929 0.715929 0 373349505
224 216 0.576449 0.576449 0 373349505
224 217 0.825833 0.825833 0 373349505
224 218 1.0492 1.0492 0 373349505
224 219 9.91912 9.91912 0 373349505
224 220 0.450571 0.450571 0 373349505
224 221 0.683706 0.683706 0 373349505
224 222 0.435691 0.435691 0 373349505
224 223 1.11529 1.11529 0 373349505
224 225 0.650297 0.650297 0 373349505
224 226 0.530717 0.530717 0 373349505
224 227 0.619261 0.619261 0 373349505
224 228 0.259607 0.259607 0 373349505
224 229 0.619443 0.619443 0 373349505
224 230 0.845824 0.845824 0 373349505
224 231 9.35609 9.35609 0 373349505
224 232 0.329439 0.329439 0 373349505
224 233 0.612597 0.612597 0 373349505
224 234 0.301689 0.301689 0 373349505
224 235 0.592971 0.592971 0 373349505
224 236 0.253309 0.253309 0 373349505
224 237 0.600822 0.600822 0 373349505
224 238 0.317663 0.317663 0 373349505
224 239 9.34724 9.34724 0 373349505
224 240 0.888727 0.888727 0 373349505
224 241 18.1246 18.1246 0 373349505
224 242 0.268005 0.268005 0 373349505
224 243 10.4712 10.4712 0 373349505
224 244 0.344774 0.344774 0 373349505
224 245 10.3133 10.3133 0 373349505
224 246 0.260977 0.260977 0 373349505
224 247 9.3372 9.3372 0 373349505
224 248 0.253126 0.253126 0 373349505
224 249 9.32305 9.32305 0 373349505
224 250 1.63277 1.63277 0 373349505
224 251 9.54943 9.54943 0 373349505
224 252 0.886171 0.886171 0 373349505
224 253 0.644089 0.644089 0 373349505
224 254 0.836878 0.836878 0 373349505
224 255 0.603377 0.603377 0 373349505
225 192 9.35043 9.35043 0 373349505
225 193 1.11118 1.11118 0 373349505
225 194 10.6903 10.6903 0 373349505
225 195 1.08361 1.08361 0 373349505
225 196 9.17353 9.17353 0 373349505
225 197 4.32999 4.32999 0 373349505
225 198 0.535372 0.535372 0 373349505
225 199 1.29877 1.29877 0 373349505
225 200 9.36979 9.36979 0 373349505
225 201 1.28772 1.28772 0 373349505
225 202 0.671018 0.671018 0 373349505
225 203 0.589594 0.589594 0 373349505
225 204 0.393702 0.393702 0 373349505
225 205 0.577636 0.577636 0 373349505
225 206 0.437791 0.437791 0 373349505
225 207 0.613327 0.613327 0 373349505
225 208 0.92031 0.92031 0 373349505
225 209 1.19151 1.19151 0 373349505
225 210 11.2118 11.2118 0 373349505
225 211 0.578001 0.578001 0 373349505
225 212 0.576723 0.576723 0 373349505
225 213 0.637152 0.637152 0 373349505
225 214 0.59215 0.59215 0 373349505
225 215 0.625468 0.625468 0 373349505
225 216 0.940575 0.940575 0 373349505
225 217 0.857873 0.857873 0 373349505
225 218 0.434779 0.434779 0 373349505
225 219 1.36668 1.36668 0 373349505
225 220 9.19589 9.19589 0 373349505
225 221 0.584665 0.584665 0 373349505
225 222 1.02885 1.02885 0 373349505
225 223 0.649566 0.649566 0 373349505
225 224 0.822455 0.822455 0 373349505
225 226 0.632588 0.632588 0 373349505
225 227 0.506253 0.506253 0 373349505
225 228 0.302693 0.302693 0 373349505
225 229 1.111 1.111 0 373349505
225 230 0.536376 0.536376 0 373349505
225 231 1.31921 1.31921 0 373349505
225 232 9.39708 9.39708 0 373349505
225 233 0.665176 0.665176 0 373349505
225 234 0.443998 0.443998 0 373349505
225 235 0.578731 0.578731 0 373349505
225 236 0.413692 0.413692 0 373349505
225 237 0.588225 0.588225 0 373349505
225 238 1.59763 1.59763 0 373349505
225 239 0.596257 0.596257 0 373349505
225 240 0.467458 0.467458 0 373349505
225 241 1.17453 1.17453 0 373349505
225 242 9.20119 9.20119 0 373349505
225 243 0.58147 0.58147 0 373349505
225 244 0.620173 0.620173 0 373349505
225 245 0.582748 0.582748 0 373349505
225 246 0.423094 0.423094 0 373349505
225 247 0.583295 0.583295 0 373349505
225 248 0.423916 0.423916 0 373349505
225 249 0.580374 0.580374 0 373349505
225 250 9.17262 9.17262 0 373349505
225 251 1.76066 1.76066 0 373349505
225 252 17.9569 17.9569 0 373349505
225 253 1.16093 1.16093 0 373349505
225 254 9.17964 9.17964 0 373349505
225 255 1.17408 1.17408 0 373349505
226 192 0.331903 0.331903 0 373349505
226 193 9.34158 9.34158 0 373349505
226 194 1.39863 1.39863 0 373349505
226 195 9.31127 9.31127 0 373349505
226 196 0.494569 0.494569 0 373349505
226 197 9.60812 9.60812 0 373349505
226 198 1.56294 1.56294 0 373349505
226 199 9.399 9.399 0 373349505
226 200 1.08288 1.08288 0 373349505
226 201 0.641625 0.641625 0 373349505
226 202 1.06974 1.06974 0 373349505
226 203 0.643724 0.643724 0 373349505
226 204 1.11301 1.11301 0 373349505
226 205 0.680876 0.680876 0 373349505
226 206 1.11985 1.11985 0 373349505
226 207 1.5434 1.5434 0 373349505
226 208 5.1707 5.1707 0 373349505
226 209 9.37052 9.37052 0 373349505
226 210 0.519124 0.519124 0 373349505
226 211 0.658603 0.658603 0 373349505
226 212 0.5089 0.5089 0 373349505
226 213 0.806846 0.806846 0 373349505
226 214 0.521953 0.521953 0 373349505
226 215 0.831036 0.831036 0 373349505
226 216 0.552716 0.552716 0 373349505
226 217 1.01433 1.01433 0 373349505
226 218 0.542857 0.542857 0 373349505
226 219 1.178 1.178 0 373349505
226 220 1.1204 1.1204 0 373349505
226 221 9.50461 9.50461 0 373349505
226 222 0.62419 0.62419 0 373349505
226 223 1.11538 1.11538 0 373349505
226 224 0.830397 0.830397 0 373349505
226 225 0.924509 0.924509 0 373349505
226 227 0.70963 0.70963 0 373349505
226 228 0.983295 0.983295 0 373349505
226 229 1.00612 1.00612 0 373349505
226 230 1.20511 1.20511 0 373349505
226 231 11.4898 11.4898 0 373349505
226 232 0.593245 0.593245 0 373349505
226 233 1.52186 1.52186 0 373349505
226 234 0.663259 0.663259 0 373349505
226 235 0.805751 0.805751 0 373349505
226 236 0.550799 0.550799 0 373349505
226 237 1.40319 1.40319 0 373349505
226 238 0.665906 0.665906 0 373349505
226 239 1.84026 1.84026 0 373349505
226 240 1.14733 1.14733 0 373349505
226 241 9.49685 9.49685 0 373349505
226 242 0.593975 0.593975 0 373349505
226 243 0.742583 0.742583 0 373349505
226 244 0.574989 0.574989 0 373349505
226 245 1.72524 1.72524 0 373349505
226 246 0.464719 0.464719 0 373349505
226 247 0.650936 0.650936 0 373349505
226 248 0.492834 0.492834 0 373349505
226 249 0.651392 0.651392 0 373349505
226 250 0.425011 0.425011 0 373349505
226 251 9.5927 9.5927 0 373349505
226 252 1.08544 1.08544 0 373349505
226 253 18.1215 18.1215 0 373349505
226 254 0.489639 0.489639 0 373349505
226 255 9.42857 9.42857 0 373349505
227 192 0.376906 0.376906 0 373349505
227 193 0.509539 0.509539 0 373349505
227 194 2.65377 2.65377 0 373349505
227 195 0.563487 0.563487 0 373349505
227 196 0.48471 0.48471 0 373349505
227 197 0.542948 0.542948 0 373349505
227 198 9.16029 9.16029 0 373349505
227 199 1.73793 1.73793 0 373349505
227 200 17.8874 17.8874 0 373349505
227 201 1.14204 1.14204 0 373349505
227 202 9.13638 9.13638 0 373349505
227 203 1.1455 1.1455 0 373349505
227 204 10.2623 10.2623 0 373349505
227 205 1.15126 1.15126 0 373349505
227 206 9.2974 9.2974 0 373349505
227 207 1.06298 1.06298 0 373349505
227 208 11.3059 11.3059 0 373349505
227 209 1.86682 1.86682 0 373349505
227 210 9.24509 9.24509 0 373349505
227 211 0.637974 0.637974 0 373349505
227 212 0.595162 0.595162 0 373349505
227 213 1.30278 1.30278 0 373349505
227 214 2.35993 2.35993 0 373349505
227 215 6.07303 6.07303 0 373349505
227 216 1.92889 1.92889 0 373349505
227 217 0.834322 0.834322 0 373349505
227 218 0.410863 0.410863 0 373349505
227 219 0.745504 0.745504 0 373349505
227 220 0.408946 0.408946 0 373349505
227 221 1.14706 1.14706 0 373349505
227 222 9.73939 9.73939 0 373349505
227 223 0.617344 0.617344 0 373349505
227 224 0.618987 0.618987 0 373349505
227 225 0.70607 0.70607 0 373349505
227 226 0.759379 0.759379 0 373349505
227 228 0.401004 0.401004 0 373349505
227 229 0.559836 0.559836 0 373349505
227 230 0.372433 0.372433 0 373349505
227 231 1.14432 1.14432 0 373349505
227 232 9.17663 9.17663 0 373349505
227 233 0.580283 0.580283 0 373349505
227 234 0.424007 0.424007 0 373349505
227 235 0.561114 0.561114 0 373349505
227 236 0.36796 0.36796 0 373349505
227 237 0.52743 0.52743 0 373349505
227 238 0.955728 0.955728 0 373349505
227 239 0.441077 0.441077 0 373349505
227 240 1.0618 1.0618 0 373349505
227 241 1.27942 1.27942 0 373349505
227 242 9.28763 9.28763 0 373349505
227 243 0.617891 0.617891 0 373349505
227 244 0.63916 0.63916 0 373349505
227 245 0.556276 0.556276 0 373349505
227 246 0.374076 0.374076 0 373349505
227 247 0.557097 0.557097 0 373349505
227 248 0.380922 0.380922 0 373349505
227 249 0.558375 0.558375 0 373349505
227 250 0.37298 0.37298 0 373349505
227 251 0.555819 0.555819 0 373349505
227 252 0.382291 0.382291 0 373349505
227 253 1.13409 1.13409 0 373349505
227 254 9.12232 9.12232 0 373349505
227 255 0.556367 0.556367 0 373349505
228 192 0.194523 0.194523 0 373349505
228 193 0.356458 0.356458 0 373349505
228 194 1.1456 1.1456 0 373349505
228 195 0.370607 0.370607 0 373349505
228 196 0.284254 0.284254 0 373349505
228 197 0.395618 0.395618 0 373349505
228 198 0.836057 0.836057 0 373349505
228 199 17.9012 17.9012 0 373349505
228 200 0.194249 0.194249 0 373349505
228 201 9.13455 9.13455 0 373349505
228 202 0.18932 0.18932 0 373349505
228 203 9.1393 9.1393 0 373349505
228 204 0.233227 0.233227 0 373349505
228 205 10.2414 10.2414 0 373349505
228 206 0.205751 0.205751 0 373349505
228 207 10.4452 10.4452 0 373349505
228 208 1.08845 1.08845 0 373349505
228 209 17.954 17.954 0 373349505
228 210 0.815518 0.815518 0 373349505
228 211 0.422638 0.422638 0 373349505
228 212 0.791967 0.791967 0 373349505
228 213 0.441442 0.441442 0 373349505
228 214 0.785212 0.785212 0 373349505
228 215 0.473391 0.473391 0 373349505
228 216 0.82419 0.82419 0 373349505
228 217 0.703332 0.703332 0 373349505
228 218 0.776814 0.776814 0 373349505
228 219 1.70634 1.70634 0 373349505
228 220 1.62081 1.62081 0 373349505
228 221 9.15655 9.15655 0 373349505
228 222 0.33665 0.33665 0 373349505
228 223 0.726061 0.726061 0 373349505
228 224 0.250753 0.250753 0 373349505
228 225 0.38503 0.38503 0 373349505
228 226 0.852487 0.852487 0 373349505
228 227 0.56011 0.56011 0 373349505
228 229 0.392058 0.392058 0 373349505
228 230 0.776449 0.776449 0 373349505
228 231 9.13145 9.13145 0 373349505
228 232 3.34213 3.34213 0 373349505
228 233 0.391602 0.391602 0 373349505
228 234 0.250844 0.250844 0 373349505
228 235 0.368781 0.368781 0 373349505
228 236 0.714194 0.714194 0 373349505
228 237 0.384482 0.384482 0 373349505
228 238 0.276312 0.276312 0 373349505
228 239 2.22109 2.22109 0 373349505
228 240 1.03222 1.03222 0 373349505
228 241 9.18257 9.18257 0 373349505
228 242 0.250205 0.250205 0 373349505
228 243 0.416979 0.416979 0 373349505
228 244 0.237608 0.237608 0 373349505
228 245 1.27549 1.27549 0 373349505
228 246 0.195984 0.195984 0 373349505
228 247 0.371611 0.371611 0 373349505
228 248 0.194523 0.194523 0 373349505
228 249 0.372159 0.372159 0 373349505
228 250 0.489731 0.489731 0 373349505
228 251 0.53099 0.53099 0 373349505
228 252 0.776358 0.776358 0 373349505
228 253 9.29785 9.29785 0 373349505
228 254 0.185395 0.185395 0 373349505
228 255 0.36796 0.36796 0 373349505
229 192 0.378366 0.378366 0 373349505
229 193 0.529621 0.529621 0 373349505
229 194 1.37572 1.37572 0 373349505
229 195 0.55728 0.55728 0 373349505
229 196 0.562392 0.562392 0 373349505
229 197 0.542218 0.542218 0 373349505
229 198 0.362392 0.362392 0 373349505
229 199 1.13994 1.13994 0 373349505
229 200 9.12113 9.12113 0 373349505
229 201 0.557097 0.557097 0 373349505
229 202 0.372068 0.372068 0 373349505
229 203 0.569329 0.569329 0 373349505
229 204 0.373254 0.373254 0 373349505
229 205 0.554085 0.554085 0 373349505
229 206 0.388864 0.388864 0 373349505
229 207 0.611775 0.611775 0 373349505
229 208 1.42455 1.42455 0 373349505
229 209 1.13911 1.13911 0 373349505
229 210 17.8864 17.8864 0 373349505
229 211 1.13665 1.13665 0 373349505
229 212 9.30534 9.30534 0 373349505
229 213 1.19306 1.19306 0 373349505
229 214 9.31858 9.31858 0 373349505
229 215 1.27476 1.27476 0 373349505
229 216 9.64026 9.64026 0 373349505
229 217 1.3215 1.3215 0 373349505
229 218 10.5773 10.5773 0 373349505
229 219 1.86308 1.86308 0 373349505
229 220 9.30205 9.30205 0 373349505
229 221 1.85842 1.85842 0 373349505
229 222 9.84966 9.84966 0 373349505
229 223 0.646006 0.646006 0 373349505
229 224 0.62136 0.62136 0 373349505
229 225 1.26618 1.26618 0 373349505
229 226 0.912277 0.912277 0 373349505
229 227 0.667001 0.667001 0 373349505
229 228 0.568051 0.568051 0 373349505
229 230 0.399909 0.399909 0 373349505
229 231 1.13902 1.13902 0 373349505
229 232 9.17535 9.17535 0 373349505
229 233 0.577818 0.577818 0 373349505
229 234 1.54651 1.54651 0 373349505
229 235 0.56723 0.56723 0 373349505
229 236 0.369603 0.369603 0 373349505
229 237 0.560931 0.560931 0 373349505
229 238 0.420539 0.420539 0 373349505
229 239 2.84528 2.84528 0 373349505
229 240 0.432953 0.432953 0 373349505
229 241 1.1435 1.1435 0 373349505
229 242 9.14888 9.14888 0 373349505
229 243 0.564309 0.564309 0 373349505
229 244 0.65906 0.65906 0 373349505
229 245 0.556641 0.556641 0 373349505
229 246 0.374076 0.374076 0 373349505
229 247 0.541944 0.541944 0 373349505
229 248 0.356458 0.356458 0 373349505
229 249 0.5089 0.5089 0 373349505
229 250 0.263806 0.263806 0 373349505
229 251 1.08635 1.08635 0 373349505
229 252 0.518759 0.518759 0 373349505
229 253 1.27403 1.27403 0 373349505
229 254 9.21579 9.21579 0 373349505
229 255 0.596349 0.596349 0 373349505
230 192 0.197079 0.197079 0 373349505
230 193 0.369603 0.369603 0 373349505
230 194 2.67293 2.67293 0 373349505
230 195 0.384482 0.384482 0 373349505
230 196 0.290735 0.290735 0 373349505
230 197 0.413236 0.413236 0 373349505
230 198 0.809311 0.809311 0 373349505
230 199 9.14742 9.14742 0 373349505
230 200 0.245641 0.245641 0 373349505
230 201 0.373619 0.373619 0 373349505
230 202 0.189868 0.189868 0 373349505
230 203 0.379461 0.379461 0 373349505
230 204 0.187586 0.187586 0 373349505
230 205 0.370516 0.370516 0 373349505
230 206 0.208854 0.208854 0 373349505
230 207 0.411319 0.411319 0 373349505
230 208 0.290187 0.290187 0 373349505
230 209 0.374623 0.374623 0 373349505
230 210 0.770881 0.770881 0 373349505
230 211 17.8878 17.8878 0 373349505
230 212 0.207576 0.207576 0 373349505
230 213 9.20146 9.20146 0 373349505
230 214 0.203834 0.203834 0 373349505
230 215 9.23889 9.23889 0 373349505
230 216 0.238704 0.238704 0 373349505
230 217 9.4052 9.4052 0 373349505
230 218 0.148699 0.148699 0 373349505
230 219 9.86992 9.86992 0 373349505
230 220 0.831127 0.831127 0 373349505
230 221 17.985 17.985 0 373349505
230 222 0.965952 0.965952 0 373349505
230 223 0.73738 0.73738 0 373349505
230 224 0.838247 0.838247 0 373349505
230 225 0.388133 0.388133 0 373349505
230 226 1.00183 1.00183 0 373349505
230 227 0.476951 0.476951 0 373349505
230 228 0.803377 0.803377 0 373349505
230 229 0.558375 0.558375 0 373349505
230 231 10.0022 10.0022 0 373349505
230 232 1.0702 1.0702 0 373349505
230 233 0.959471 0.959471 0 373349505
230 234 0.238613 0.238613 0 373349505
230 235 1.49822 1.49822 0 373349505
230 236 0.187038 0.187038 0 373349505
230 237 0.410224 0.410224 0 373349505
230 238 0.2377 0.2377 0 373349505
230 239 0.371246 0.371246 0 373349505
230 240 0.239434 0.239434 0 373349505
230 241 0.377088 0.377088 0 373349505
230 242 0.787494 0.787494 0 373349505
230 243 9.12825 9.12825 0 373349505
230 244 0.728343 0.728343 0 373349505
230 245 1.23889 1.23889 0 373349505
230 246 0.192789 0.192789 0 373349505
230 247 2.27157 2.27157 0 373349505
230 248 0.191785 0.191785 0 373349505
230 249 0.352259 0.352259 0 373349505
230 250 2.13172 2.13172 0 373349505
230 251 0.761661 0.761661 0 373349505
230 252 0.823825 0.823825 0 373349505
230 253 9.26143 9.26143 0 373349505
230 254 0.233957 0.233957 0 373349505
230 255 0.372798 0.372798 0 373349505
231 192 0.371063 0.371063 0 373349505
231 193 0.499224 0.499224 0 373349505
231 194 1.64464 1.64464 0 373349505
231 195 0.47759 0.47759 0 373349505
231 196 0.468644 0.468644 0 373349505
231 197 0.487723 0.487723 0 373349505
231 198 1.04865 1.04865 0 373349505
231 199 1.29676 1.29676 0 373349505
231 200 10.345 10.345 0 373349505
231 201 0.661068 0.661068 0 373349505
231 202 0.393519 0.393519 0 373349505
231 203 0.558923 0.558923 0 373349505
231 204 0.480146 0.480146 0 373349505
231 205 0.561935 0.561935 0 373349505
231 206 0.387403 0.387403 0 373349505
231 207 0.590233 0.590233 0 373349505
231 208 0.919854 0.919854 0 373349505
231 209 0.559197 0.559197 0 373349505
231 210 0.36869 0.36869 0 373349505
231 211 1.13738 1.13738 0 373349505
231 212 9.29795 9.29795 0 373349505
231 213 0.617435 0.617435 0 373349505
231 214 0.551529 0.551529 0 373349505
231 215 0.606207 0.606207 0 373349505
231 216 0.869649 0.869649 0 373349505
231 217 0.837791 0.837791 0 373349505
231 218 0.406481 0.406481 0 373349505
231 219 0.755545 0.755545 0 373349505
231 220 0.400639 0.400639 0 373349505
231 221 1.14395 1.14395 0 373349505
231 222 20 20 0 373349505
231 223 1.19334 1.19334 0 373349505
231 224 9.35244 9.35244 0 373349505
231 225 1.18439 1.18439 0 373349505
231 226 10.3246 10.3246 0 373349505
231 227 1.09338 1.09338 0 373349505
231 228 9.13072 9.13072 0 373349505
231 229 1.14514 1.14514 0 373349505
231 230 9.9749 9.9749 0 373349505
231 232 18.0942 18.0942 0 373349505
231 233 1.24902 1.24902 0 373349505
231 234 1.02017 1.02017 0 373349505
231 235 0.554906 0.554906 0 373349505
231 236 0.366134 0.366134 0 373349505
231 237 1.25577 1.25577 0 373349505
231 238 0.712277 0.712277 0 373349505
231 239 0.549703 0.549703 0 373349505
231 240 0.419169 0.419169 0 373349505
231 241 0.557371 0.557371 0 373349505
231 242 0.385669 0.385669 0 373349505
231 243 1.13601 1.13601 0 373349505
231 244 9.41086 9.41086 0 373349505
231 245 0.554633 0.554633 0 373349505
231 246 0.379005 0.379005 0 373349505
231 247 0.55372 0.55372 0 373349505
231 248 0.373893 0.373893 0 373349505
231 249 0.608946 0.608946 0 373349505
231 250 1.43934 1.43934 0 373349505
231 251 0.569603 0.569603 0 373349505
231 252 0.531264 0.531264 0 373349505
231 253 5.64007 5.64007 0 373349505
231 254 9.1288 9.1288 0 373349505
231 255 0.547969 0.547969 0 373349505
232 192 0.207759 0.207759 0 373349505
232 193 0.366773 0.366773 0 373349505
232 194 5.07038 5.07038 0 373349505
232 195 0.468553 0.468553 0 373349505
232 196 2.57015 2.57015 0 373349505
232 197 0.388681 0.388681 0 373349505
232 198 1.0408 1.0408 0 373349505
232 199 9.20602 9.20602 0 373349505
232 200 0.26618 0.26618 0 373349505
232 201 1.57015 1.57015 0 373349505
232 202 0.23277 0.23277 0 373349505
232 203 0.974715 0.974715 0 373349505
232 204 2.40027 2.40027 0 373349505
232 205 0.392971 0.392971 0 373349505
232 206 0.231036 0.231036 0 373349505
232 207 0.438795 0.438795 0 373349505
232 208 0.352442 0.352442 0 373349505
232 209 0.397901 0.397901 0 373349505
232 210 1.15217 1.15217 0 373349505
232 211 9.1801 9.1801 0 373349505
232 212 2.50762 2.50762 0 373349505
232 213 0.460794 0.460794 0 373349505
232 214 0.261707 0.261707 0 373349505
232 215 0.50817 0.50817 0 373349505
232 216 0.346235 0.346235 0 373349505
232 217 0.706709 0.706709 0 373349505
232 218 0.554359 0.554359 0 373349505
232 219 0.908991 0.908991 0 373349505
232 220 3.56623 3.56623 0 373349505
232 221 9.19233 9.19233 0 373349505
232 222 0.367777 0.367777 0 373349505
232 223 9.52168 9.52168 0 373349505
232 224 0.368142 0.368142 0 373349505
232 225 9.36851 9.36851 0 373349505
232 226 0.464811 0.464811 0 373349505
232 227 9.1633 9.1633 0 373349505
232 228 3.17143 3.17143 0 373349505
232 229 9.15016 9.15016 0 373349505
232 230 1.18165 1.18165 0 373349505
232 231 18.1802 18.1802 0 373349505
232 233 9.27312 9.27312 0 373349505
232 234 0.878594 0.878594 0 373349505
232 235 1.17271 1.17271 0 373349505
232 236 4.53172 4.53172 0 373349505
232 237 0.462255 0.462255 0 373349505
232 238 0.875126 0.875126 0 373349505
232 239 0.439617 0.439617 0 373349505
232 240 0.881241 0.881241 0 373349505
232 241 0.435326 0.435326 0 373349505
232 242 1.42812 1.42812 0 373349505
232 243 10.0445 10.0445 0 373349505
232 244 3.90598 3.90598 0 373349505
232 245 1.3539 1.3539 0 373349505
232 246 0.247193 0.247193 0 373349505
232 247 0.435509 0.435509 0 373349505
232 248 0.24272 0.24272 0 373349505
232 249 0.436878 0.436878 0 373349505
232 250 0.280146 0.280146 0 373349505
232 251 0.570607 0.570607 0 373349505
232 252 4.24811 4.24811 0 373349505
232 253 9.18905 9.18905 0 373349505
232 254 0.238704 0.238704 0 373349505
232 255 2.32478 2.32478 0 373349505
233 192 0.395618 0.395618 0 373349505
233 193 0.519671 0.519671 0 373349505
233 194 1.2775 1.2775 0 373349505
233 195 0.581652 0.581652 0 373349505
233 196 0.582565 0.582565 0 373349505
233 197 3.21269 3.21269 0 373349505
233 198 0.401643 0.401643 0 373349505
233 199 1.16559 1.16559 0 373349505
233 200 9.14788 9.14788 0 373349505
233 201 0.580922 0.580922 0 373349505
233 202 0.392697 0.392697 0 373349505
233 203 0.603012 0.603012 0 373349505
233 204 0.940849 0.940849 0 373349505
233 205 0.569329 0.569329 0 373349505
233 206 0.405294 0.405294 0 373349505
233 207 0.565495 0.565495 0 373349505
233 208 0.808124 0.808124 0 373349505
233 209 1.10443 1.10443 0 373349505
233 210 0.530351 0.530351 0 373349505
233 211 1.28781 1.28781 0 373349505
233 212 9.43168 9.43168 0 373349505
233 213 0.671474 0.671474 0 373349505
233 214 0.595618 0.595618 0 373349505
233 215 0.618622 0.618622 0 373349505
233 216 0.998083 0.998083 0 373349505
233 217 0.856413 0.856413 0 373349505
233 218 0.434687 0.434687 0 373349505
233 219 0.757919 0.757919 0 373349505
233 220 0.429119 0.429119 0 373349505
233 221 1.1613 1.1613 0 373349505
233 222 9.77252 9.77252 0 373349505
233 223 0.638065 0.638065 0 373349505
233 224 0.611136 0.611136 0 373349505
233 225 0.624555 0.624555 0 373349505
233 226 2.13464 2.13464 0 373349505
233 227 0.582291 0.582291 0 373349505
233 228 0.397535 0.397535 0 373349505
233 229 0.581652 0.581652 0 373349505
233 230 1.52022 1.52022 0 373349505
233 231 1.32241 1.32241 0 373349505
233 232 9.41132 9.41132 0 373349505
233 234 9.23122 9.23122 0 373349505
233 235 1.16906 1.16906 0 373349505
233 236 9.15655 9.15655 0 373349505
233 237 1.17234 1.17234 0 373349505
233 238 9.19343 9.19343 0 373349505
233 239 1.10808 1.10808 0 373349505
233 240 9.09229 9.09229 0 373349505
233 241 1.69694 1.69694 0 373349505
233 242 9.30844 9.30844 0 373349505
233 243 1.87969 1.87969 0 373349505
233 244 18.1441 18.1441 0 373349505
233 245 1.20812 1.20812 0 373349505
233 246 0.402465 0.402465 0 373349505
233 247 0.670653 0.670653 0 373349505
233 248 0.601461 0.601461 0 373349505
233 249 1.26937 1.26937 0 373349505
233 250 0.688727 0.688727 0 373349505
233 251 0.580374 0.580374 0 373349505
233 252 0.404473 0.404473 0 373349505
233 253 1.16184 1.16184 0 373349505
233 254 9.16358 9.16358 0 373349505
233 255 0.597901 0.597901 0 373349505
234 192 1.0764 1.0764 0 373349505
234 193 0.397901 0.397901 0 373349505
234 194 1.76513 1.76513 0 373349505
234 195 0.424829 0.424829 0 373349505
234 196 0.739936 0.739936 0 373349505
234 197 0.446645 0.446645 0 373349505
234 198 0.259151 0.259151 0 373349505
234 199 2.26773 2.26773 0 373349505
234 200 0.850479 0.850479 0 373349505
234 201 9.18047 9.18047 0 373349505
234 202 0.237061 0.237061 0 373349505
234 203 0.425377 0.425377 0 373349505
234 204 0.23058 0.23058 0 373349505
234 205 0.41707 0.41707 0 373349505
234 206 0.258238 0.258238 0 373349505
234 207 0.427111 0.427111 0 373349505
234 208 2.23788 2.23788 0 373349505
234 209 0.657691 0.657691 0 373349505
234 210 0.861798 0.861798 0 373349505
234 211 9.23387 9.23387 0 373349505
234 212 0.298403 0.298403 0 373349505
234 213 0.483797 0.483797 0 373349505
234 214 0.262985 0.262985 0 373349505
234 215 0.519671 0.519671 0 373349505
234 216 0.282611 0.282611 0 373349505
234 217 0.721132 0.721132 0 373349505
234 218 0.240529 0.240529 0 373349505
234 219 0.913921 0.913921 0 373349505
234 220 0.827111 0.827111 0 373349505
234 221 9.20201 9.20201 0 373349505
234 222 0.362757 0.362757 0 373349505
234 223 0.763487 0.763487 0 373349505
234 224 0.296851 0.296851 0 373349505
234 225 0.431766 0.431766 0 373349505
234 226 0.487266 0.487266 0 373349505
234 227 0.427202 0.427202 0 373349505
234 228 0.244637 0.244637 0 373349505
234 229 0.987312 0.987312 0 373349505
234 230 0.240438 0.240438 0 373349505
234 231 1.54669 1.54669 0 373349505
234 232 0.994523 0.994523 0 373349505
234 233 9.38457 9.38457 0 373349505
234 235 9.19489 9.19489 0 373349505
234 236 0.234231 0.234231 0 373349505
234 237 9.22036 9.22036 0 373349505
234 238 0.276038 0.276038 0 373349505
234 239 9.15472 9.15472 0 373349505
234 240 0.326883 0.326883 0 373349505
234 241 9.43332 9.43332 0 373349505
234 242 0.875582 0.875582 0 373349505
234 243 17.9932 17.9932 0 373349505
234 244 0.291921 0.291921 0 373349505
234 245 10.1046 10.1046 0 373349505
234 246 0.833409 0.833409 0 373349505
234 247 0.4178 0.4178 0 373349505
234 248 0.844181 0.844181 0 373349505
234 249 0.41853 0.41853 0 373349505
234 250 0.816796 0.816796 0 373349505
234 251 0.564765 0.564765 0 373349505
234 252 1.40657 1.40657 0 373349505
234 253 9.1791 9.1791 0 373349505
234 254 0.815427 0.815427 0 373349505
234 255 1.2545 1.2545 0 373349505
235 192 9.17545 9.17545 0 373349505
235 193 1.11164 1.11164 0 373349505
235 194 2.01817 2.01817 0 373349505
235 195 0.555728 0.555728 0 373349505
235 196 1.69064 1.69064 0 373349505
235 197 1.25906 1.25906 0 373349505
235 198 0.680602 0.680602 0 373349505
235 199 0.559197 0.559197 0 373349505
235 200 0.398266 0.398266 0 373349505
235 201 1.14012 1.14012 0 373349505
235 202 9.12533 9.12533 0 373349505
235 203 0.56869 0.56869 0 373349505
235 204 0.366682 0.366682 0 373349505
235 205 0.551985 0.551985 0 373349505
235 206 0.386673 0.386673 0 373349505
235 207 0.589137 0.589137 0 373349505
235 208 0.959927 0.959927 0 373349505
235 209 0.554359 0.554359 0 373349505
235 210 1.31712 1.31712 0 373349505
235 211 1.13911 1.13911 0 373349505
235 212 9.30242 9.30242 0 373349505
235 213 0.608033 0.608033 0 373349505
235 214 0.574989 0.574989 0 373349505
235 215 4.97453 4.97453 0 373349505
235 216 0.857964 0.857964 0 373349505
235 217 0.779735 0.779735 0 373349505
235 218 1.33848 1.33848 0 373349505
235 219 0.622912 0.622912 0 373349505
235 220 1.04026 1.04026 0 373349505
235 221 1.27321 1.27321 0 373349505
235 222 9.86326 9.86326 0 373349505
235 223 0.680146 0.680146 0 373349505
235 224 0.63058 0.63058 0 373349505
235 225 0.567686 0.567686 0 373349505
235 226 0.625559 0.625559 0 373349505
235 227 0.556367 0.556367 0 373349505
235 228 0.369329 0.369329 0 373349505
235 229 0.573528 0.573528 0 373349505
235 230 0.933364 0.933364 0 373349505
235 231 0.558832 0.558832 0 373349505
235 232 2.02017 2.02017 0 373349505
235 233 1.18275 1.18275 0 373349505
235 234 9.34989 9.34989 0 373349505
235 236 0.413692 0.413692 0 373349505
235 237 0.565769 0.565769 0 373349505
235 238 0.416705 0.416705 0 373349505
235 239 0.565952 0.565952 0 373349505
235 240 0.418713 0.418713 0 373349505
235 241 0.558923 0.558923 0 373349505
235 242 0.382748 0.382748 0 373349505
235 243 1.13984 1.13984 0 373349505
235 244 9.24254 9.24254 0 373349505
235 245 0.562392 0.562392 0 373349505
235 246 9.12834 9.12834 0 373349505
235 247 1.12944 1.12944 0 373349505
235 248 9.12816 9.12816 0 373349505
235 249 1.14295 1.14295 0 373349505
235 250 9.08608 9.08608 0 373349505
235 251 1.03387 1.03387 0 373349505
235 252 9.78092 9.78092 0 373349505
235 253 1.85185 1.85185 0 373349505
235 254 17.9807 17.9807 0 373349505
235 255 1.22309 1.22309 0 373349505
236 192 0.191237 0.191237 0 373349505
236 193 9.1435 9.1435 0 373349505
236 194 3.79781 3.79781 0 373349505
236 195 0.396988 0.396988 0 373349505
236 196 0.848654 0.848654 0 373349505
236 197 1.52077 1.52077 0 373349505
236 198 0.78576 0.78576 0 373349505
236 199 0.40639 0.40639 0 373349505
236 200 1.42875 1.42875 0 373349505
236 201 9.1602 9.1602 0 373349505
236 202 0.776997 0.776997 0 373349505
236 203 1.22373 1.22373 0 373349505
236 204 1.46445 1.46445 0 373349505
236 205 0.386034 0.386034 0 373349505
236 206 0.209311 0.209311 0 373349505
236 207 2.18667 2.18667 0 373349505
236 208 0.322227 0.322227 0 373349505
236 209 0.548334 0.548334 0 373349505
236 210 0.770242 0.770242 0 373349505
236 211 9.29804 9.29804 0 373349505
236 212 0.20639 0.20639 0 373349505
236 213 0.454313 0.454313 0 373349505
236 214 0.201369 0.201369 0 373349505
236 215 0.493382 0.493382 0 373349505
236 216 0.233957 0.233957 0 373349505
236 217 0.665358 0.665358 0 373349505
236 218 0.185304 0.185304 0 373349505
236 219 0.960292 0.960292 0 373349505
236 220 0.989868 0.989868 0 373349505
236 221 9.1989 9.1989 0 373349505
236 222 0.41634 0.41634 0 373349505
236 223 0.761479 0.761479 0 373349505
236 224 0.246828 0.246828 0 373349505
236 225 0.411045 0.411045 0 373349505
236 226 0.40922 0.40922 0 373349505
236 227 0.368508 0.368508 0 373349505
236 228 0.535098 0.535098 0 373349505
236 229 0.368964 0.368964 0 373349505
236 230 0.186855 0.186855 0 373349505
236 231 0.366499 0.366499 0 373349505
236 232 4.75518 4.75518 0 373349505
236 233 9.1833 9.1833 0 373349505
236 234 0.35162 0.35162 0 373349505
236 235 0.580192 0.580192 0 373349505
236 237 1.19023 1.19023 0 373349505
236 238 0.23487 0.23487 0 373349505
236 239 0.368142 0.368142 0 373349505
236 240 0.235235 0.235235 0 373349505
236 241 0.372889 0.372889 0 373349505
236 242 0.785212 0.785212 0 373349505
236 243 9.13236 9.13236 0 373349505
236 244 0.188955 0.188955 0 373349505
236 245 1.29165 1.29165 0 373349505
236 246 0.189411 0.189411 0 373349505
236 247 9.2691 9.2691 0 373349505
236 248 0.263806 0.263806 0 373349505
236 249 9.13948 9.13948 0 373349505
236 250 0.157736 0.157736 0 373349505
236 251 9.22802 9.22802 0 373349505
236 252 1.28626 1.28626 0 373349505
236 253 17.9368 17.9368 0 373349505
236 254 0.237243 0.237243 0 373349505
236 255 9.74459 9.74459 0 373349505
237 192 1.11438 1.11438 0 373349505
237 193 0.511639 0.511639 0 373349505
237 194 10.5507 10.5507 0 373349505
237 195 1.08891 1.08891 0 373349505
237 196 9.22866 9.22866 0 373349505
237 197 1.12716 1.12716 0 373349505
237 198 9.07202 9.07202 0 373349505
237 199 1.68206 1.68206 0 373349505
237 200 9.27613 9.27613 0 373349505
237 201 1.87001 1.87001 0 373349505
237 202 17.9773 17.9773 0 373349505
237 203 1.18056 1.18056 0 373349505
237 204 9.24874 9.24874 0 373349505
237 205 1.14696 1.14696 0 373349505
237 206 0.401278 0.401278 0 373349505
237 207 0.607485 0.607485 0 373349505
237 208 0.962665 0.962665 0 373349505
237 209 1.25559 1.25559 0 373349505
237 210 0.672752 0.672752 0 373349505
237 211 1.15052 1.15052 0 373349505
237 212 9.31419 9.31419 0 373349505
237 213 0.616522 0.616522 0 373349505
237 214 0.579279 0.579279 0 373349505
237 215 0.605933 0.605933 0 373349505
237 216 0.867458 0.867458 0 373349505
237 217 0.831492 0.831492 0 373349505
237 218 0.415427 0.415427 0 373349505
237 219 0.755545 0.755545 0 373349505
237 220 0.410132 0.410132 0 373349505
237 221 1.1696 1.1696 0 373349505
237 222 9.85084 9.85084 0 373349505
237 223 0.638978 0.638978 0 373349505
237 224 0.594888 0.594888 0 373349505
237 225 0.576358 0.576358 0 373349505
237 226 1.77992 1.77992 0 373349505
237 227 0.576906 0.576906 0 373349505
237 228 0.392697 0.392697 0 373349505
237 229 0.505705 0.505705 0 373349505
237 230 0.284162 0.284162 0 373349505
237 231 1.09019 1.09019 0 373349505
237 232 0.539206 0.539206 0 373349505
237 233 1.30881 1.30881 0 373349505
237 234 9.29877 9.29877 0 373349505
237 235 0.744683 0.744683 0 373349505
237 236 2.08407 2.08407 0 373349505
237 238 0.476312 0.476312 0 373349505
237 239 3.18257 3.18257 0 373349505
237 240 0.448197 0.448197 0 373349505
237 241 0.566591 0.566591 0 373349505
237 242 0.413327 0.413327 0 373349505
237 243 1.14633 1.14633 0 373349505
237 244 9.28088 9.28088 0 373349505
237 245 0.5623 0.5623 0 373349505
237 246 0.552807 0.552807 0 373349505
237 247 0.562939 0.562939 0 373349505
237 248 0.402921 0.402921 0 373349505
237 249 0.564126 0.564126 0 373349505
237 250 0.399726 0.399726 0 373349505
237 251 0.563852 0.563852 0 373349505
237 252 0.408398 0.408398 0 373349505
237 253 1.14112 1.14112 0 373349505
237 254 9.15655 9.15655 0 373349505
237 255 0.579005 0.579005 0 373349505
238 192 0.329712 0.329712 0 373349505
238 193 0.986399 0.986399 0 373349505
238 194 2.28252 2.28252 0 373349505
238 195 9.15728 9.15728 0 373349505
238 196 0.317937 0.317937 0 373349505
238 197 9.20685 9.20685 0 373349505
238 198 0.237517 0.237517 0 373349505
238 199 9.43432 9.43432 0 373349505
238 200 0.886445 0.886445 0 373349505
238 201 17.9935 17.9935 0 373349505
238 202 0.282611 0.282611 0 373349505
238 203 9.18759 9.18759 0 373349505
238 204 0.232953 0.232953 0 373349505
238 205 9.17901 9.17901 0 373349505
238 206 0.832862 0.832862 0 373349505
238 207 0.461068 0.461068 0 373349505
238 208 0.952077 0.952077 0 373349505
238 209 0.419443 0.419443 0 373349505
238 210 1.40374 1.40374 0 373349505
238 211 9.20018 9.20018 0 373349505
238 212 1.29092 1.29092 0 373349505
238 213 0.484071 0.484071 0 373349505
238 214 0.834048 0.834048 0 373349505
238 215 3.09694 3.09694 0 373349505
238 216 1.12004 1.12004 0 373349505
238 217 0.723505 0.723505 0 373349505
238 218 0.240256 0.240256 0 373349505
238 219 0.913647 0.913647 0 373349505
238 220 0.244728 0.244728 0 373349505
238 221 0.442081 0.442081 0 373349505
238 222 0.984391 0.984391 0 373349505
238 223 9.51648 9.51648 0 373349505
238 224 0.315381 0.315381 0 373349505
238 225 1.02857 1.02857 0 373349505
238 226 0.488361 0.488361 0 373349505
238 227 1.52734 1.52734 0 373349505
238 228 0.310543 0.310543 0 373349505
238 229 0.394979 0.394979 0 373349505
238 230 0.192971 0.192971 0 373349505
238 231 0.663533 0.663533 0 373349505
238 232 0.90251 0.90251 0 373349505
238 233 9.24838 9.24838 0 373349505
238 234 0.282154 0.282154 0 373349505
238 235 0.417435 0.417435 0 373349505
238 236 0.374167 0.374167 0 373349505
238 237 0.640803 0.640803 0 373349505
238 239 0.442446 0.442446 0 373349505
238 240 0.288088 0.288088 0 373349505
238 241 0.425924 0.425924 0 373349505
238 242 0.837791 0.837791 0 373349505
238 243 9.18357 9.18357 0 373349505
238 244 0.242355 0.242355 0 373349505
238 245 1.3435 1.3435 0 373349505
238 246 0.238795 0.238795 0 373349505
238 247 0.594432 0.594432 0 373349505
238 248 0.244089 0.244089 0 373349505
238 249 0.420173 0.420173 0 373349505
238 250 2.80639 2.80639 0 373349505
238 251 0.547695 0.547695 0 373349505
238 252 0.239799 0.239799 0 373349505
238 253 0.416613 0.416613 0 373349505
238 254 0.820447 0.820447 0 373349505
238 255 9.17344 9.17344 0 373349505
239 192 9.13136 9.13136 0 373349505
239 193 0.524053 0.524053 0 373349505
239 194 3.31985 3.31985 0 373349505
239 195 0.556184 0.556184 0 373349505
239 196 0.447923 0.447923 0 373349505
239 197 2.69064 2.69064 0 373349505
239 198 0.371155 0.371155 0 373349505
239 199 0.567047 0.567047 0 373349505
239 200 0.358649 0.358649 0 373349505
239 201 1.1445 1.1445 0 373349505
239 202 9.13446 9.13446 0 373349505
239 203 0.557462 0.557462 0 373349505
239 204 0.366043 0.366043 0 373349505
239 205 2.67449 2.67449 0 373349505
239 206 9.14432 9.14432 0 373349505
239 207 1.13692 1.13692 0 373349505
239 208 9.76431 9.76431 0 373349505
239 209 1.03021 1.03021 0 373349505
239 210 9.77161 9.77161 0 373349505
239 211 1.85285 1.85285 0 373349505
239 212 18.2045 18.2045 0 373349505
239 213 3.46737 3.46737 0 373349505
239 214 9.37627 9.37627 0 373349505
239 215 1.18594 1.18594 0 373349505
239 216 9.6419 9.6419 0 373349505
239 217 1.40064 1.40064 0 373349505
239 218 0.405294 0.405294 0 373349505
239 219 0.757736 0.757736 0 373349505
239 220 0.399361 0.399361 0 373349505
239 221 3.54678 3.54678 0 373349505
239 222 2.41086 2.41086 0 373349505
239 223 1.21534 1.21534 0 373349505
239 224 9.34121 9.34121 0 373349505
239 225 0.590324 0.590324 0 373349505
239 226 1.13857 1.13857 0 373349505
239 227 0.553446 0.553446 0 373349505
239 228 1.31611 1.31611 0 373349505
239 229 2.65851 2.65851 0 373349505
239 230 0.370698 0.370698 0 373349505
239 231 0.550068 0.550068 0 373349505
239 232 0.417526 0.417526 0 373349505
239 233 1.15838 1.15838 0 373349505
239 234 9.18211 9.18211 0 373349505
239 235 0.56723 0.56723 0 373349505
239 236 0.366773 0.366773 0 373349505
239 237 3.08033 3.08033 0 373349505
239 238 0.61141 0.61141 0 373349505
239 240 0.384117 0.384117 0 373349505
239 241 0.446098 0.446098 0 373349505
239 242 1.02191 1.02191 0 373349505
239 243 1.27303 1.27303 0 373349505
239 244 9.40648 9.40648 0 373349505
239 245 2.84345 2.84345 0 373349505
239 246 0.42136 0.42136 0 373349505
239 247 0.553628 0.553628 0 373349505
239 248 0.530808 0.530808 0 373349505
239 249 0.555363 0.555363 0 373349505
239 250 0.371155 0.371155 0 373349505
239 251 0.573802 0.573802 0 373349505
239 252 1.32716 1.32716 0 373349505
239 253 8.19562 8.19562 0 373349505
239 254 0.36586 0.36586 0 373349505
239 255 1.13227 1.13227 0 373349505
240 192 0.711639 0.711639 0 373349505
240 193 0.401826 0.401826 0 373349505
240 194 5.42583 5.42583 0 373349505
240 195 0.439708 0.439708 0 373349505
240 196 0.373619 0.373619 0 373349505
240 197 0.468918 0.468918 0 373349505
240 198 0.269101 0.269101 0 373349505
240 199 0.4356 0.4356 0 373349505
240 200 0.845276 0.845276 0 373349505
240 201 9.19817 9.19817 0 373349505
240 202 0.242081 0.242081 0 373349505
240 203 0.428115 0.428115 0 373349505
240 204 0.23487 0.23487 0 373349505
240 205 0.419169 0.419169 0 373349505
240 206 0.302328 0.302328 0 373349505
240 207 9.20082 9.20082 0 373349505
240 208 0.349977 0.349977 0 373349505
240 209 9.14167 9.14167 0 373349505
240 210 1.03104 1.03104 0 373349505
240 211 17.999 17.999 0 373349505
240 212 0.350068 0.350068 0 373349505
240 213 9.29576 9.29576 0 373349505
240 214 0.261342 0.261342 0 373349505
240 215 9.28508 9.28508 0 373349505
240 216 0.28827 0.28827 0 373349505
240 217 9.48736 9.48736 0 373349505
240 218 0.872843 0.872843 0 373349505
240 219 0.916203 0.916203 0 373349505
240 220 1.13738 1.13738 0 373349505
240 221 0.446463 0.446463 0 373349505
240 222 1.55618 1.55618 0 373349505
240 223 10.635 10.635 0 373349505
240 224 0.882519 0.882519 0 373349505
240 225 0.465632 0.465632 0 373349505
240 226 1.01488 1.01488 0 373349505
240 227 1.25039 1.25039 0 373349505
240 228 1.07604 1.07604 0 373349505
240 229 0.431492 0.431492 0 373349505
240 230 0.238978 0.238978 0 373349505
240 231 0.419261 0.419261 0 373349505
240 232 0.862437 0.862437 0 373349505
240 233 9.20402 9.20402 0 373349505
240 234 0.33592 0.33592 0 373349505
240 235 0.418622 0.418622 0 373349505
240 236 0.235326 0.235326 0 373349505
240 237 0.580009 0.580009 0 373349505
240 238 0.307987 0.307987 0 373349505
240 239 0.605933 0.605933 0 373349505
240 241 0.418439 0.418439 0 373349505
240 242 1.0503 1.0503 0 373349505
240 243 9.23478 9.23478 0 373349505
240 244 0.296942 0.296942 0 373349505
240 245 1.39863 1.39863 0 373349505
240 246 0.287996 0.287996 0 373349505
240 247 0.422182 0.422182 0 373349505
240 248 0.248197 0.248197 0 373349505
240 249 0.420539 0.420539 0 373349505
240 250 0.237791 0.237791 0 373349505
240 251 0.559014 0.559014 0 373349505
240 252 0.712643 0.712643 0 373349505
240 253 1.18786 1.18786 0 373349505
240 254 0.820904 0.820904 0 373349505
240 255 11.0454 11.0454 0 373349505
241 192 9.19242 9.19242 0 373349505
241 193 0.597262 0.597262 0 373349505
241 194 1.86006 1.86006 0 373349505
241 195 0.589046 0.589046 0 373349505
241 196 0.672113 0.672113 0 373349505
241 197 2.30224 2.30224 0 373349505
241 198 1.88809 1.88809 0 373349505
241 199 0.576267 0.576267 0 373349505
241 200 0.480968 0.480968 0 373349505
241 201 1.16212 1.16212 0 373349505
241 202 9.14213 9.14213 0 373349505
241 203 0.565952 0.565952 0 373349505
241 204 0.371885 0.371885 0 373349505
241 205 0.559379 0.559379 0 373349505
241 206 0.402008 0.402008 0 373349505
241 207 0.619717 0.619717 0 373349505
241 208 0.993063 0.993063 0 373349505
241 209 0.56084 0.56084 0 373349505
241 210 0.373528 0.373528 0 373349505
241 211 1.1393 1.1393 0 373349505
241 212 9.31346 9.31346 0 373349505
241 213 0.615792 0.615792 0 373349505
241 214 0.572524 0.572524 0 373349505
241 215 0.603469 0.603469 0 373349505
241 216 0.757188 0.757188 0 373349505
241 217 0.823733 0.823733 0 373349505
241 218 9.17636 9.17636 0 373349505
241 219 1.28288 1.28288 0 373349505
241 220 9.05294 9.05294 0 373349505
241 221 1.67576 1.67576 0 373349505
241 222 9.88544 9.88544 0 373349505
241 223 1.9141 1.9141 0 373349505
241 224 18.2051 18.2051 0 373349505
241 225 1.20666 1.20666 0 373349505
241 226 9.34998 9.34998 0 373349505
241 227 1.14404 1.14404 0 373349505
241 228 9.13738 9.13738 0 373349505
241 229 1.1434 1.1434 0 373349505
241 230 0.376814 0.376814 0 373349505
241 231 0.557371 0.557371 0 373349505
241 232 0.417344 0.417344 0 373349505
241 233 1.85924 1.85924 0 373349505
241 234 9.48626 9.48626 0 373349505
241 235 0.558284 0.558284 0 373349505
241 236 0.37225 0.37225 0 373349505
241 237 0.566773 0.566773 0 373349505
241 238 0.451209 0.451209 0 373349505
241 239 0.682154 0.682154 0 373349505
241 240 0.618257 0.618257 0 373349505
241 242 0.418895 0.418895 0 373349505
241 243 1.15856 1.15856 0 373349505
241 244 9.31529 9.31529 0 373349505
241 245 0.5623 0.5623 0 373349505
241 246 0.381652 0.381652 0 373349505
241 247 0.544592 0.544592 0 373349505
241 248 0.378822 0.378822 0 373349505
241 249 0.565495 0.565495 0 373349505
241 250 0.379188 0.379188 0 373349505
241 251 0.505066 0.505066 0 373349505
241 252 1.41305 1.41305 0 373349505
241 253 1.10215 1.10215 0 373349505
241 254 0.50963 0.50963 0 373349505
241 255 1.24966 1.24966 0 373349505
242 192 0.213327 0.213327 0 373349505
242 193 0.378183 0.378183 0 373349505
242 194 3.29621 3.29621 0 373349505
242 195 9.15536 9.15536 0 373349505
242 196 0.759288 0.759288 0 373349505
242 197 0.418165 0.418165 0 373349505
242 198 0.243268 0.243268 0 373349505
242 199 2.32113 2.32113 0 373349505
242 200 0.839708 0.839708 0 373349505
242 201 9.17919 9.17919 0 373349505
242 202 0.201552 0.201552 0 373349505
242 203 0.389411 0.389411 0 373349505
242 204 0.197809 0.197809 0 373349505
242 205 0.380374 0.380374 0 373349505
242 206 0.22848 0.22848 0 373349505
242 207 0.430123 0.430123 0 373349505
242 208 3.55308 3.55308 0 373349505
242 209 0.385577 0.385577 0 373349505
242 210 0.2 0.2 0 373349505
242 211 0.423094 0.423094 0 373349505
242 212 0.80922 0.80922 0 373349505
242 213 9.35856 9.35856 0 373349505
242 214 0.21853 0.21853 0 373349505
242 215 0.487175 0.487175 0 373349505
242 216 0.249201 0.249201 0 373349505
242 217 0.694843 0.694843 0 373349505
242 218 0.216522 0.216522 0 373349505
242 219 9.60475 9.60475 0 373349505
242 220 0.164035 0.164035 0 373349505
242 221 9.40803 9.40803 0 373349505
242 222 0.989503 0.989503 0 373349505
242 223 18.8721 18.8721 0 373349505
242 224 0.30607 0.30607 0 373349505
242 225 9.19681 9.19681 0 373349505
242 226 0.432131 0.432131 0 373349505
242 227 9.15126 9.15126 0 373349505
242 228 0.20283 0.20283 0 373349505
242 229 9.14888 9.14888 0 373349505
242 230 0.78722 0.78722 0 373349505
242 231 0.385121 0.385121 0 373349505
242 232 1.4094 1.4094 0 373349505
242 233 9.16823 9.16823 0 373349505
242 234 0.829849 0.829849 0 373349505
242 235 0.382382 0.382382 0 373349505
242 236 0.784117 0.784117 0 373349505
242 237 0.422364 0.422364 0 373349505
242 238 0.843998 0.843998 0 373349505
242 239 1.2115 1.2115 0 373349505
242 240 1.23359 1.23359 0 373349505
242 241 0.573984 0.573984 0 373349505
242 243 0.411319 0.411319 0 373349505
242 244 0.790141 0.790141 0 373349505
242 245 10.093 10.093 0 373349505
242 246 0.206755 0.206755 0 373349505
242 247 0.381196 0.381196 0 373349505
242 248 0.281241 0.281241 0 373349505
242 249 0.389685 0.389685 0 373349505
242 250 0.201004 0.201004 0 373349505
242 251 0.506253 0.506253 0 373349505
242 252 0.159653 0.159653 0 373349505
242 253 1.72907 1.72907 0 373349505
242 254 0.828389 0.828389 0 373349505
242 255 9.19096 9.19096 0 373349505
243 192 9.1351 9.1351 0 373349505
243 193 0.506253 0.506253 0 373349505
243 194 2.19242 2.19242 0 373349505
243 195 1.15783 1.15783 0 373349505
243 196 9.21168 9.21168 0 373349505
243 197 0.556823 0.556823 0 373349505
243 198 0.372524 0.372524 0 373349505
243 199 0.461981 0.461981 0 373349505
243 200 1.02246 1.02246 0 373349505
243 201 1.29274 1.29274 0 373349505
243 202 10.7745 10.7745 0 373349505
243 203 0.643542 0.643542 0 373349505
243 204 0.414514 0.414514 0 373349505
243 205 0.554176 0.554176 0 373349505
243 206 0.395436 0.395436 0 373349505
243 207 0.598174 0.598174 0 373349505
243 208 1.05888 1.05888 0 373349505
243 209 0.561387 0.561387 0 373349505
243 210 0.372798 0.372798 0 373349505
243 211 0.581926 0.581926 0 373349505
243 212 0.545504 0.545504 0 373349505
243 213 1.19525 1.19525 0 373349505
243 214 9.32287 9.32287 0 373349505
243 215 4.32688 4.32688 0 373349505
243 216 0.811684 0.811684 0 373349505
243 217 0.813053 0.813053 0 373349505
243 218 1.53838 1.53838 0 373349505
243 219 0.763396 0.763396 0 373349505
243 220 1.35482 1.35482 0 373349505
243 221 0.559288 0.559288 0 373349505
243 222 0.988316 0.988316 0 373349505
243 223 1.2199 1.2199 0 373349505
243 224 9.90927 9.90927 0 373349505
243 225 0.569238 0.569238 0 373349505
243 226 0.589594 0.589594 0 373349505
243 227 0.556641 0.556641 0 373349505
243 228 0.370698 0.370698 0 373349505
243 229 0.559471 0.559471 0 373349505
243 230 9.06426 9.06426 0 373349505
243 231 1.0209 1.0209 0 373349505
243 232 9.82729 9.82729 0 373349505
243 233 1.87823 1.87823 0 373349505
243 234 18.0555 18.0555 0 373349505
243 235 1.22903 1.22903 0 373349505
243 236 9.17636 9.17636 0 373349505
243 237 1.14569 1.14569 0 373349505
243 238 9.18311 9.18311 0 373349505
243 239 1.13756 1.13756 0 373349505
243 240 9.1874 9.1874 0 373349505
243 241 1.28845 1.28845 0 373349505
243 242 0.574441 0.574441 0 373349505
243 244 0.627111 0.627111 0 373349505
243 245 1.83423 1.83423 0 373349505
243 246 9.42382 9.42382 0 373349505
243 247 0.561022 0.561022 0 373349505
243 248 0.374715 0.374715 0 373349505
243 249 0.556641 0.556641 0 373349505
243 250 0.375354 0.375354 0 373349505
243 251 0.559653 0.559653 0 373349505
243 252 0.391054 0.391054 0 373349505
243 253 0.560931 0.560931 0 373349505
243 254 0.381013 0.381013 0 373349505
243 255 1.13729 1.13729 0 373349505
244 192 0.208946 0.208946 0 373349505
244 193 0.494204 0.494204 0 373349505
244 194 2.30169 2.30169 0 373349505
244 195 0.49539 0.49539 0 373349505
244 196 0.284254 0.284254 0 373349505
244 197 0.730169 0.730169 0 373349505
244 198 0.214605 0.214605 0 373349505
244 199 0.498859 0.498859 0 373349505
244 200 0.991054 0.991054 0 373349505
244 201 9.40155 9.40155 0 373349505
244 202 0.239708 0.239708 0 373349505
244 203 0.707166 0.707166 0 373349505
244 204 0.657873 0.657873 0 373349505
244 205 0.6178 0.6178 0 373349505
244 206 0.215974 0.215974 0 373349505
244 207 2.58183 2.58183 0 373349505
244 208 0.310452 0.310452 0 373349505
244 209 0.633683 0.633683 0 373349505
244 210 0.198631 0.198631 0 373349505
244 211 0.578549 0.578549 0 373349505
244 212 0.798448 0.798448 0 373349505
244 213 9.39571 9.39571 0 373349505
244 214 0.204382 0.204382 0 373349505
244 215 0.620812 0.620812 0 373349505
244 216 0.2555 0.2555 0 373349505
244 217 0.838978 0.838978 0 373349505
244 218 0.196531 0.196531 0 373349505
244 219 2.21351 2.21351 0 373349505
244 220 0.202282 0.202282 0 373349505
244 221 0.609402 0.609402 0 373349505
244 222 0.922684 0.922684 0 373349505
244 223 9.61616 9.61616 0 373349505
244 224 0.305431 0.305431 0 373349505
244 225 0.618165 0.618165 0 373349505
244 226 0.415974 0.415974 0 373349505
244 227 0.594706 0.594706 0 373349505
244 228 0.269192 0.269192 0 373349505
244 229 0.661159 0.661159 0 373349505
244 230 0.515107 0.515107 0 373349505
244 231 9.36641 9.36641 0 373349505
244 232 4.04172 4.04172 0 373349505
244 233 18.0969 18.0969 0 373349505
244 234 0.292287 0.292287 0 373349505
244 235 9.24309 9.24309 0 373349505
244 236 0.188864 0.188864 0 373349505
244 237 9.29028 9.29028 0 373349505
244 238 0.24126 0.24126 0 373349505
244 239 9.29986 9.29986 0 373349505
244 240 0.252122 0.252122 0 373349505
244 241 9.32141 9.32141 0 373349505
244 242 0.926609 0.926609 0 373349505
244 243 0.785121 0.785121 0 373349505
244 245 10.3207 10.3207 0 373349505
244 246 0.781561 0.781561 0 373349505
244 247 0.602465 0.602465 0 373349505
244 248 0.807303 0.807303 0 373349505
244 249 1.17243 1.17243 0 373349505
244 250 0.775262 0.775262 0 373349505
244 251 1.60128 1.60128 0 373349505
244 252 1.08535 1.08535 0 373349505
244 253 0.569694 0.569694 0 373349505
244 254 0.773984 0.773984 0 373349505
244 255 10.0745 10.0745 0 373349505
245 192 10.1338 10.1338 0 373349505
245 193 1.23597 1.23597 0 373349505
245 194 2.85906 2.85906 0 373349505
245 195 0.559014 0.559014 0 373349505
245 196 1.37846 1.37846 0 373349505
245 197 0.583934 0.583934 0 373349505
245 198 1.39032 1.39032 0 373349505
245 199 0.571976 0.571976 0 373349505
245 200 1.35545 1.35545 0 373349505
245 201 1.1518 1.1518 0 373349505
245 202 9.9707 9.9707 0 373349505
245 203 0.561844 0.561844 0 373349505
245 204 1.26362 1.26362 0 373349505
245 205 0.552442 0.552442 0 373349505
245 206 2.92588 2.92588 0 373349505
245 207 0.589776 0.589776 0 373349505
245 208 2.03524 2.03524 0 373349505
245 209 0.51602 0.51602 0 373349505
245 210 1.32898 1.32898 0 373349505
245 211 1.08882 1.08882 0 373349505
245 212 1.5791 1.5791 0 373349505
245 213 1.32862 1.32862 0 373349505
245 214 10.3209 10.3209 0 373349505
245 215 0.656778 0.656778 0 373349505
245 216 1.74797 1.74797 0 373349505
245 217 0.814423 0.814423 0 373349505
245 218 1.30205 1.30205 0 373349505
245 219 0.746691 0.746691 0 373349505
245 220 1.48617 1.48617 0 373349505
245 221 0.561661 0.561661 0 373349505
245 222 2.04427 2.04427 0 373349505
245 223 1.19288 1.19288 0 373349505
245 224 10.3053 10.3053 0 373349505
245 225 0.570607 0.570607 0 373349505
245 226 1.5822 1.5822 0 373349505
245 227 0.556732 0.556732 0 373349505
245 228 1.27522 1.27522 0 373349505
245 229 0.556915 0.556915 0 373349505
245 230 1.2367 1.2367 0 373349505
245 231 0.554541 0.554541 0 373349505
245 232 1.33501 1.33501 0 373349505
245 233 1.15874 1.15874 0 373349505
245 234 10.1044 10.1044 0 373349505
245 235 0.567412 0.567412 0 373349505
245 236 1.29247 1.29247 0 373349505
245 237 0.562392 0.562392 0 373349505
245 238 1.3435 1.3435 0 373349505
245 239 2.94505 2.94505 0 373349505
245 240 1.35226 1.35226 0 373349505
245 241 0.497946 0.497946 0 373349505
245 242 10.0926 10.0926 0 373349505
245 243 1.6901 1.6901 0 373349505
245 244 10.6207 10.6207 0 373349505
245 246 18.9056 18.9056 0 373349505
245 247 1.19343 1.19343 0 373349505
245 248 11.2704 11.2704 0 373349505
245 249 1.17873 1.17873 0 373349505
245 250 10.686 10.686 0 373349505
245 251 1.14468 1.14468 0 373349505
245 252 10.176 10.176 0 373349505
245 253 1.13966 1.13966 0 373349505
245 254 1.2262 1.2262 0 373349505
245 255 1.13921 1.13921 0 373349505
246 192 0.826563 0.826563 0 373349505
246 193 0.511639 0.511639 0 373349505
246 194 2.78631 2.78631 0 373349505
246 195 0.961114 0.961114 0 373349505
246 196 0.880876 0.880876 0 373349505
246 197 0.409037 0.409037 0 373349505
246 198 0.817344 0.817344 0 373349505
246 199 1.21314 1.21314 0 373349505
246 200 1.05988 1.05988 0 373349505
246 201 0.382565 0.382565 0 373349505
246 202 0.78859 0.78859 0 373349505
246 203 9.14231 9.14231 0 373349505
246 204 0.190233 0.190233 0 373349505
246 205 0.375171 0.375171 0 373349505
246 206 0.228115 0.228115 0 373349505
246 207 0.424281 0.424281 0 373349505
246 208 0.315199 0.315199 0 373349505
246 209 0.386673 0.386673 0 373349505
246 210 0.15372 0.15372 0 373349505
246 211 0.630215 0.630215 0 373349505
246 212 1.30187 1.30187 0 373349505
246 213 9.25313 9.25313 0 373349505
246 214 0.267184 0.267184 0 373349505
246 215 2.36832 2.36832 0 373349505
246 216 0.245185 0.245185 0 373349505
246 217 0.642173 0.642173 0 373349505
246 218 0.212962 0.212962 0 373349505
246 219 1.4566 1.4566 0 373349505
246 220 0.202465 0.202465 0 373349505
246 221 0.40283 0.40283 0 373349505
246 222 0.922775 0.922775 0 373349505
246 223 9.48827 9.48827 0 373349505
246 224 0.258238 0.258238 0 373349505
246 225 0.420539 0.420539 0 373349505
246 226 0.355272 0.355272 0 373349505
246 227 0.374532 0.374532 0 373349505
246 228 0.197079 0.197079 0 373349505
246 229 0.37435 0.37435 0 373349505
246 230 0.193245 0.193245 0 373349505
246 231 0.381561 0.381561 0 373349505
246 232 0.235052 0.235052 0 373349505
246 233 0.397992 0.397992 0 373349505
246 234 0.836148 0.836148 0 373349505
246 235 9.12971 9.12971 0 373349505
246 236 0.190507 0.190507 0 373349505
246 237 0.522227 0.522227 0 373349505
246 238 0.239343 0.239343 0 373349505
246 239 0.384299 0.384299 0 373349505
246 240 0.321406 0.321406 0 373349505
246 241 0.351073 0.351073 0 373349505
246 242 0.16513 0.16513 0 373349505
246 243 9.40438 9.40438 0 373349505
246 244 0.942583 0.942583 0 373349505
246 245 19.0178 19.0178 0 373349505
246 247 9.15701 9.15701 0 373349505
246 248 0.197444 0.197444 0 373349505
246 249 10.2484 10.2484 0 373349505
246 250 2.87147 2.87147 0 373349505
246 251 9.28909 9.28909 0 373349505
246 252 0.198174 0.198174 0 373349505
246 253 9.14468 9.14468 0 373349505
246 254 1.35947 1.35947 0 373349505
246 255 9.13665 9.13665 0 373349505
247 192 17.9915 17.9915 0 373349505
247 193 1.20274 1.20274 0 373349505
247 194 10.6774 10.6774 0 373349505
247 195 1.17344 1.17344 0 373349505
247 196 9.79553 9.79553 0 373349505
247 197 1.14085 1.14085 0 373349505
247 198 9.14487 9.14487 0 373349505
247 199 1.15719 1.15719 0 373349505
247 200 9.22885 9.22885 0 373349505
247 201 1.15509 1.15509 0 373349505
247 202 0.374258 0.374258 0 373349505
247 203 1.14651 1.14651 0 373349505
247 204 9.12241 9.12241 0 373349505
247 205 1.24719 1.24719 0 373349505
247 206 0.691374 0.691374 0 373349505
247 207 0.601917 0.601917 0 373349505
247 208 0.937289 0.937289 0 373349505
247 209 0.556093 0.556093 0 373349505
247 210 1.86801 1.86801 0 373349505
247 211 0.553081 0.553081 0 373349505
247 212 0.544409 0.544409 0 373349505
247 213 1.19945 1.19945 0 373349505
247 214 10.4494 10.4494 0 373349505
247 215 0.61634 0.61634 0 373349505
247 216 0.920584 0.920584 0 373349505
247 217 0.815883 0.815883 0 373349505
247 218 0.400274 0.400274 0 373349505
247 219 0.783113 0.783113 0 373349505
247 220 0.871292 0.871292 0 373349505
247 221 0.469649 0.469649 0 373349505
247 222 1.64016 1.64016 0 373349505
247 223 1.33902 1.33902 0 373349505
247 224 9.48708 9.48708 0 373349505
247 225 0.645459 0.645459 0 373349505
247 226 0.573072 0.573072 0 373349505
247 227 0.557371 0.557371 0 373349505
247 228 0.371063 0.371063 0 373349505
247 229 0.558375 0.558375 0 373349505
247 230 1.3256 1.3256 0 373349505
247 231 0.553902 0.553902 0 373349505
247 232 0.414514 0.414514 0 373349505
247 233 0.66618 0.66618 0 373349505
247 234 0.417435 0.417435 0 373349505
247 235 1.14742 1.14742 0 373349505
247 236 9.2335 9.2335 0 373349505
247 237 0.56367 0.56367 0 373349505
247 238 0.546965 0.546965 0 373349505
247 239 0.55445 0.55445 0 373349505
247 240 0.423003 0.423003 0 373349505
247 241 0.5623 0.5623 0 373349505
247 242 0.387312 0.387312 0 373349505
247 243 0.573528 0.573528 0 373349505
247 244 0.603834 0.603834 0 373349505
247 245 1.28681 1.28681 0 373349505
247 246 9.32268 9.32268 0 373349505
247 248 0.402008 0.402008 0 373349505
247 249 0.557827 0.557827 0 373349505
247 250 0.372798 0.372798 0 373349505
247 251 0.649475 0.649475 0 373349505
247 252 0.310361 0.310361 0 373349505
247 253 4.59279 4.59279 0 373349505
247 254 9.76248 9.76248 0 373349505
247 255 1.85979 1.85979 0 373349505
248 192 0.242812 0.242812 0 373349505
248 193 9.92816 9.92816 0 373349505
248 194 4.75071 4.75071 0 373349505
248 195 9.15892 9.15892 0 373349505
248 196 0.327248 0.327248 0 373349505
248 197 9.17271 9.17271 0 373349505
248 198 0.508809 0.508809 0 373349505
248 199 9.1497 9.1497 0 373349505
248 200 0.216157 0.216157 0 373349505
248 201 9.1477 9.1477 0 373349505
248 202 1.40895 1.40895 0 373349505
248 203 9.15582 9.15582 0 373349505
248 204 0.773711 0.773711 0 373349505
248 205 0.371246 0.371246 0 373349505
248 206 0.806846 0.806846 0 373349505
248 207 0.421178 0.421178 0 373349505
248 208 0.90461 0.90461 0 373349505
248 209 0.377088 0.377088 0 373349505
248 210 0.77654 0.77654 0 373349505
248 211 1.20502 1.20502 0 373349505
248 212 1.63679 1.63679 0 373349505
248 213 9.22556 9.22556 0 373349505
248 214 0.206025 0.206025 0 373349505
248 215 1.5822 1.5822 0 373349505
248 216 0.271839 0.271839 0 373349505
248 217 0.631492 0.631492 0 373349505
248 218 0.194706 0.194706 0 373349505
248 219 0.868644 0.868644 0 373349505
248 220 0.623916 0.623916 0 373349505
248 221 0.349612 0.349612 0 373349505
248 222 1.43679 1.43679 0 373349505
248 223 11.4162 11.4162 0 373349505
248 224 0.299407 0.299407 0 373349505
248 225 0.466728 0.466728 0 373349505
248 226 0.370516 0.370516 0 373349505
248 227 0.385395 0.385395 0 373349505
248 228 0.193519 0.193519 0 373349505
248 229 0.372341 0.372341 0 373349505
248 230 0.200639 0.200639 0 373349505
248 231 0.373984 0.373984 0 373349505
248 232 0.226654 0.226654 0 373349505
248 233 0.539388 0.539388 0 373349505
248 234 0.841899 0.841899 0 373349505
248 235 9.13446 9.13446 0 373349505
248 236 0.235418 0.235418 0 373349505
248 237 0.412141 0.412141 0 373349505
248 238 0.243633 0.243633 0 373349505
248 239 0.489183 0.489183 0 373349505
248 240 0.247284 0.247284 0 373349505
248 241 0.380466 0.380466 0 373349505
248 242 0.252579 0.252579 0 373349505
248 243 0.375719 0.375719 0 373349505
248 244 0.811136 0.811136 0 373349505
248 245 10.7117 10.7117 0 373349505
248 246 0.341214 0.341214 0 373349505
248 247 0.551164 0.551164 0 373349505
248 249 0.396075 0.396075 0 373349505
248 250 0.193428 0.193428 0 373349505
248 251 0.52241 0.52241 0 373349505
248 252 0.240347 0.240347 0 373349505
248 253 0.33738 0.33738 0 373349505
248 254 0.986308 0.986308 0 373349505
248 255 17.9366 17.9366 0 373349505
249 192 9.13291 9.13291 0 373349505
249 193 0.502784 0.502784 0 373349505
249 194 1.32095 1.32095 0 373349505
249 195 0.56513 0.56513 0 373349505
249 196 0.468644 0.468644 0 373349505
249 197 2.86061 2.86061 0 373349505
249 198 0.373254 0.373254 0 373349505
249 199 0.517663 0.517663 0 373349505
249 200 0.28115 0.28115 0 373349505
249 201 1.09804 1.09804 0 373349505
249 202 9.26527 9.26527 0 373349505
249 203 1.86262 1.86262 0 373349505
249 204 17.9822 17.9822 0 373349505
249 205 1.21086 1.21086 0 373349505
249 206 9.16276 9.16276 0 373349505
249 207 1.18585 1.18585 0 373349505
249 208 9.76239 9.76239 0 373349505
249 209 1.14505 1.14505 0 373349505
249 210 9.13318 9.13318 0 373349505
249 211 1.13747 1.13747 0 373349505
249 212 9.31219 9.31219 0 373349505
249 213 1.77827 1.77827 0 373349505
249 214 10.8249 10.8249 0 373349505
249 215 0.600822 0.600822 0 373349505
249 216 0.846645 0.846645 0 373349505
249 217 1.50333 1.50333 0 373349505
249 218 0.703058 0.703058 0 373349505
249 219 0.747056 0.747056 0 373349505
249 220 0.403651 0.403651 0 373349505
249 221 0.556458 0.556458 0 373349505
249 222 0.985669 0.985669 0 373349505
249 223 1.20018 1.20018 0 373349505
249 224 9.36495 9.36495 0 373349505
249 225 0.568964 0.568964 0 373349505
249 226 0.538019 0.538019 0 373349505
249 227 0.563031 0.563031 0 373349505
249 228 0.372889 0.372889 0 373349505
249 229 0.55372 0.55372 0 373349505
249 230 0.374441 0.374441 0 373349505
249 231 0.570607 0.570607 0 373349505
249 232 0.296303 0.296303 0 373349505
249 233 1.09804 1.09804 0 373349505
249 234 0.554633 0.554633 0 373349505
249 235 1.24573 1.24573 0 373349505
249 236 9.22446 9.22446 0 373349505
249 237 0.607759 0.607759 0 373349505
249 238 0.420721 0.420721 0 373349505
249 239 0.555363 0.555363 0 373349505
249 240 0.420265 0.420265 0 373349505
249 241 0.571063 0.571063 0 373349505
249 242 0.389046 0.389046 0 373349505
249 243 0.557554 0.557554 0 373349505
249 244 1.72871 1.72871 0 373349505
249 245 1.17873 1.17873 0 373349505
249 246 9.69484 9.69484 0 373349505
249 247 0.692834 0.692834 0 373349505
249 248 0.573802 0.573802 0 373349505
249 250 0.401095 0.401095 0 373349505
249 251 0.559288 0.559288 0 373349505
249 252 0.383021 0.383021 0 373349505
249 253 0.552351 0.552351 0 373349505
249 254 0.369512 0.369512 0 373349505
249 255 1.13674 1.13674 0 373349505
250 192 0.773528 0.773528 0 373349505
250 193 9.10835 9.10835 0 373349505
250 194 2.57745 2.57745 0 373349505
250 195 0.383569 0.383569 0 373349505
250 196 0.287814 0.287814 0 373349505
250 197 0.401917 0.401917 0 373349505
250 198 3.35856 3.35856 0 373349505
250 199 0.926426 0.926426 0 373349505
250 200 0.181196 0.181196 0 373349505
250 201 0.622821 0.622821 0 373349505
250 202 0.822547 0.822547 0 373349505
250 203 17.944 17.944 0 373349505
250 204 0.234779 0.234779 0 373349505
250 205 9.134 9.134 0 373349505
250 206 4.67147 4.67147 0 373349505
250 207 9.29639 9.29639 0 373349505
250 208 3.03752 3.03752 0 373349505
250 209 9.13811 9.13811 0 373349505
250 210 0.202738 0.202738 0 373349505
250 211 9.14249 9.14249 0 373349505
250 212 0.795527 0.795527 0 373349505
250 213 17.9668 17.9668 0 373349505
250 214 5.6859 5.6859 0 373349505
250 215 1.05504 1.05504 0 373349505
250 216 0.824007 0.824007 0 373349505
250 217 0.649384 0.649384 0 373349505
250 218 0.778092 0.778092 0 373349505
250 219 0.869101 0.869101 0 373349505
250 220 0.7822 0.7822 0 373349505
250 221 0.394158 0.394158 0 373349505
250 222 5.05669 5.05669 0 373349505
250 223 1.55701 1.55701 0 373349505
250 224 1.67111 1.67111 0 373349505
250 225 9.17033 9.17033 0 373349505
250 226 0.329895 0.329895 0 373349505
250 227 0.373619 0.373619 0 373349505
250 228 0.639069 0.639069 0 373349505
250 229 0.373984 0.373984 0 373349505
250 230 1.97426 1.97426 0 373349505
250 231 2.40183 2.40183 0 373349505
250 232 0.254313 0.254313 0 373349505
250 233 0.632131 0.632131 0 373349505
250 234 0.862163 0.862163 0 373349505
250 235 9.18914 9.18914 0 373349505
250 236 0.184756 0.184756 0 373349505
250 237 0.40995 0.40995 0 373349505
250 238 2.56285 2.56285 0 373349505
250 239 0.371246 0.371246 0 373349505
250 240 0.237882 0.237882 0 373349505
250 241 0.380831 0.380831 0 373349505
250 242 0.202191 0.202191 0 373349505
250 243 0.375719 0.375719 0 373349505
250 244 0.775719 0.775719 0 373349505
250 245 11.2403 11.2403 0 373349505
250 246 2.62583 2.62583 0 373349505
250 247 0.489092 0.489092 0 373349505
250 248 0.217344 0.217344 0 373349505
250 249 0.559197 0.559197 0 373349505
250 251 0.539845 0.539845 0 373349505
250 252 0.191237 0.191237 0 373349505
250 253 0.37079 0.37079 0 373349505
250 254 2.49749 2.49749 0 373349505
250 255 0.371429 0.371429 0 373349505
251 192 0.524692 0.524692 0 373349505
251 193 1.08882 1.08882 0 373349505
251 194 10.9988 10.9988 0 373349505
251 195 0.57079 0.57079 0 373349505
251 196 0.605112 0.605112 0 373349505
251 197 0.544226 0.544226 0 373349505
251 198 1.4576 1.4576 0 373349505
251 199 0.588955 0.588955 0 373349505
251 200 1.12268 1.12268 0 373349505
251 201 0.574258 0.574258 0 373349505
251 202 0.520584 0.520584 0 373349505
251 203 1.15144 1.15144 0 373349505
251 204 9.27887 9.27887 0 373349505
251 205 0.554176 0.554176 0 373349505
251 206 0.547878 0.547878 0 373349505
251 207 0.602647 0.602647 0 373349505
251 208 1.09776 1.09776 0 373349505
251 209 0.556823 0.556823 0 373349505
251 210 1.59607 1.59607 0 373349505
251 211 0.458969 0.458969 0 373349505
251 212 1.33008 1.33008 0 373349505
251 213 1.33172 1.33172 0 373349505
251 214 18.3398 18.3398 0 373349505
251 215 6.25103 6.25103 0 373349505
251 216 10.3883 10.3883 0 373349505
251 217 1.40256 1.40256 0 373349505
251 218 10.9288 10.9288 0 373349505
251 219 1.33336 1.33336 0 373349505
251 220 9.40475 9.40475 0 373349505
251 221 1.14587 1.14587 0 373349505
251 222 10.85 10.85 0 373349505
251 223 1.19224 1.19224 0 373349505
251 224 9.49822 9.49822 0 373349505
251 225 1.74569 1.74569 0 373349505
251 226 9.46125 9.46125 0 373349505
251 227 0.555545 0.555545 0 373349505
251 228 0.525148 0.525148 0 373349505
251 229 1.25331 1.25331 0 373349505
251 230 0.814879 0.814879 0 373349505
251 231 0.565952 0.565952 0 373349505
251 232 0.56011 0.56011 0 373349505
251 233 0.574258 0.574258 0 373349505
251 234 0.564491 0.564491 0 373349505
251 235 1.14961 1.14961 0 373349505
251 236 9.27476 9.27476 0 373349505
251 237 0.562483 0.562483 0 373349505
251 238 0.546965 0.546965 0 373349505
251 239 0.578092 0.578092 0 373349505
251 240 0.558466 0.558466 0 373349505
251 241 0.559927 0.559927 0 373349505
251 242 0.439799 0.439799 0 373349505
251 243 0.465176 0.465176 0 373349505
251 244 1.41369 1.41369 0 373349505
251 245 1.28051 1.28051 0 373349505
251 246 9.41652 9.41652 0 373349505
251 247 0.740575 0.740575 0 373349505
251 248 0.596531 0.596531 0 373349505
251 249 0.65477 0.65477 0 373349505
251 250 0.703149 0.703149 0 373349505
251 252 0.557736 0.557736 0 373349505
251 253 0.558649 0.558649 0 373349505
251 254 0.516294 0.516294 0 373349505
251 255 0.55162 0.55162 0 373349505
252 192 0.875856 0.875856 0 373349505
252 193 9.13154 9.13154 0 373349505
252 194 1.80046 1.80046 0 373349505
252 195 0.415883 0.415883 0 373349505
252 196 0.291283 0.291283 0 373349505
252 197 0.419991 0.419991 0 373349505
252 198 0.216613 0.216613 0 373349505
252 199 0.402099 0.402099 0 373349505
252 200 0.251483 0.251483 0 373349505
252 201 1.25513 1.25513 0 373349505
252 202 0.781835 0.781835 0 373349505
252 203 9.20155 9.20155 0 373349505
252 204 0.189959 0.189959 0 373349505
252 205 0.380466 0.380466 0 373349505
252 206 0.236696 0.236696 0 373349505
252 207 0.43916 0.43916 0 373349505
252 208 0.34377 0.34377 0 373349505
252 209 0.388042 0.388042 0 373349505
252 210 0.170516 0.170516 0 373349505
252 211 1.45048 1.45048 0 373349505
252 212 1.00584 1.00584 0 373349505
252 213 9.25851 9.25851 0 373349505
252 214 0.299315 0.299315 0 373349505
252 215 9.28462 9.28462 0 373349505
252 216 0.24272 0.24272 0 373349505
252 217 9.40356 9.40356 0 373349505
252 218 0.19717 0.19717 0 373349505
252 219 9.64089 9.64089 0 373349505
252 220 0.202282 0.202282 0 373349505
252 221 9.18676 9.18676 0 373349505
252 222 0.337015 0.337015 0 373349505
252 223 9.50114 9.50114 0 373349505
252 224 0.834596 0.834596 0 373349505
252 225 17.9549 17.9549 0 373349505
252 226 0.959562 0.959562 0 373349505
252 227 0.382748 0.382748 0 373349505
252 228 0.776084 0.776084 0 373349505
252 229 0.383387 0.383387 0 373349505
252 230 0.778457 0.778457 0 373349505
252 231 0.491739 0.491739 0 373349505
252 232 4.31556 4.31556 0 373349505
252 233 0.400548 0.400548 0 373349505
252 234 1.40548 1.40548 0 373349505
252 235 9.96979 9.96979 0 373349505
252 236 1.4796 1.4796 0 373349505
252 237 0.418895 0.418895 0 373349505
252 238 0.239799 0.239799 0 373349505
252 239 2.27403 2.27403 0 373349505
252 240 0.568599 0.568599 0 373349505
252 241 0.955089 0.955089 0 373349505
252 242 0.170516 0.170516 0 373349505
252 243 0.345961 0.345961 0 373349505
252 244 1.07321 1.07321 0 373349505
252 245 10.2219 10.2219 0 373349505
252 246 0.242994 0.242994 0 373349505
252 247 0.461068 0.461068 0 373349505
252 248 0.245094 0.245094 0 373349505
252 249 0.38293 0.38293 0 373349505
252 250 0.315655 0.315655 0 373349505
252 251 0.711365 0.711365 0 373349505
252 253 0.398266 0.398266 0 373349505
252 254 0.237974 0.237974 0 373349505
252 255 0.382291 0.382291 0 373349505
253 192 0.516385 0.516385 0 373349505
253 193 1.20575 1.20575 0 373349505
253 194 10.2309 10.2309 0 373349505
253 195 0.644272 0.644272 0 373349505
253 196 0.461159 0.461159 0 373349505
253 197 0.555637 0.555637 0 373349505
253 198 0.36513 0.36513 0 373349505
253 199 4.57599 4.57599 0 373349505
253 200 0.460703 0.460703 0 373349505
253 201 0.587403 0.587403 0 373349505
253 202 0.92387 0.92387 0 373349505
253 203 1.1654 1.1654 0 373349505
253 204 9.23898 9.23898 0 373349505
253 205 0.555545 0.555545 0 373349505
253 206 1.52314 1.52314 0 373349505
253 207 5.60237 5.60237 0 373349505
253 208 1.00511 1.00511 0 373349505
253 209 0.551438 0.551438 0 373349505
253 210 0.365769 0.365769 0 373349505
253 211 0.547056 0.547056 0 373349505
253 212 0.54167 0.54167 0 373349505
253 213 1.18996 1.18996 0 373349505
253 214 9.32442 9.32442 0 373349505
253 215 4.87275 4.87275 0 373349505
253 216 0.880237 0.880237 0 373349505
253 217 0.809859 0.809859 0 373349505
253 218 0.40785 0.40785 0 373349505
253 219 0.743953 0.743953 0 373349505
253 220 0.326335 0.326335 0 373349505
253 221 0.541944 0.541944 0 373349505
253 222 0.886992 0.886992 0 373349505
253 223 5.32798 5.32798 0 373349505
253 224 0.735737 0.735737 0 373349505
253 225 1.2524 1.2524 0 373349505
253 226 18.1164 18.1164 0 373349505
253 227 1.17937 1.17937 0 373349505
253 228 9.2524 9.2524 0 373349505
253 229 1.13875 1.13875 0 373349505
253 230 9.19452 9.19452 0 373349505
253 231 5.40511 5.40511 0 373349505
253 232 9.16997 9.16997 0 373349505
253 233 1.155 1.155 0 373349505
253 234 9.17837 9.17837 0 373349505
253 235 1.71611 1.71611 0 373349505
253 236 17.8908 17.8908 0 373349505
253 237 1.14121 1.14121 0 373349505
253 238 0.415792 0.415792 0 373349505
253 239 8.1571 8.1571 0 373349505
253 240 1.93053 1.93053 0 373349505
253 241 1.27494 1.27494 0 373349505
253 242 1.22684 1.22684 0 373349505
253 243 0.564765 0.564765 0 373349505
253 244 0.570059 0.570059 0 373349505
253 245 1.14121 1.14121 0 373349505
253 246 9.14003 9.14003 0 373349505
253 247 4.44884 4.44884 0 373349505
253 248 0.378457 0.378457 0 373349505
253 249 0.551712 0.551712 0 373349505
253 250 0.372433 0.372433 0 373349505
253 251 0.677864 0.677864 0 373349505
253 252 0.515929 0.515929 0 373349505
253 254 0.303788 0.303788 0 373349505
253 255 6.24911 6.24911 0 373349505
254 192 0.821999 0.821999 0 373349505
254 193 9.1665 9.1665 0 373349505
254 194 2.28717 2.28717 0 373349505
254 195 0.378457 0.378457 0 373349505
254 196 0.291556 0.291556 0 373349505
254 197 0.981743 0.981743 0 373349505
254 198 0.220447 0.220447 0 373349505
254 199 0.379096 0.379096 0 373349505
254 200 0.227385 0.227385 0 373349505
254 201 0.547421 0.547421 0 373349505
254 202 0.772615 0.772615 0 373349505
254 203 9.14916 9.14916 0 373349505
254 204 0.183843 0.183843 0 373349505
254 205 0.368416 0.368416 0 373349505
254 206 0.21634 0.21634 0 373349505
254 207 1.5299 1.5299 0 373349505
254 208 0.748425 0.748425 0 373349505
254 209 0.372159 0.372159 0 373349505
254 210 0.195801 0.195801 0 373349505
254 211 2.84327 2.84327 0 373349505
254 212 0.206846 0.206846 0 373349505
254 213 0.43487 0.43487 0 373349505
254 214 0.78503 0.78503 0 373349505
254 215 9.36623 9.36623 0 373349505
254 216 0.238339 0.238339 0 373349505
254 217 0.629302 0.629302 0 373349505
254 218 0.190507 0.190507 0 373349505
254 219 0.868918 0.868918 0 373349505
254 220 0.171794 0.171794 0 373349505
254 221 0.392515 0.392515 0 373349505
254 222 0.288361 0.288361 0 373349505
254 223 0.950434 0.950434 0 373349505
254 224 0.876403 0.876403 0 373349505
254 225 9.22337 9.22337 0 373349505
254 226 0.412506 0.412506 0 373349505
254 227 9.12296 9.12296 0 373349505
254 228 0.185669 0.185669 0 373349505
254 229 9.13209 9.13209 0 373349505
254 230 0.189046 0.189046 0 373349505
254 231 9.12971 9.12971 0 373349505
254 232 0.222182 0.222182 0 373349505
254 233 9.15719 9.15719 0 373349505
254 234 0.815609 0.815609 0 373349505
254 235 17.8922 17.8922 0 373349505
254 236 0.200274 0.200274 0 373349505
254 237 9.16613 9.16613 0 373349505
254 238 0.821086 0.821086 0 373349505
254 239 0.367138 0.367138 0 373349505
254 240 0.820812 0.820812 0 373349505
254 241 0.37435 0.37435 0 373349505
254 242 0.785304 0.785304 0 373349505
254 243 0.391328 0.391328 0 373349505
254 244 0.774076 0.774076 0 373349505
254 245 1.22738 1.22738 0 373349505
254 246 1.35847 1.35847 0 373349505
254 247 9.97471 9.97471 0 373349505
254 248 1.03012 1.03012 0 373349505
254 249 0.369147 0.369147 0 373349505
254 250 2.70872 2.70872 0 373349505
254 251 0.519306 0.519306 0 373349505
254 252 0.363396 0.363396 0 373349505
254 253 0.554906 0.554906 0 373349505
254 255 0.623825 0.623825 0 373349505
255 192 0.427385 0.427385 0 373349505
255 193 1.08352 1.08352 0 373349505
255 194 10.948 10.948 0 373349505
255 195 0.581013 0.581013 0 373349505
255 196 0.452122 0.452122 0 373349505
255 197 0.551164 0.551164 0 373349505
255 198 0.924418 0.924418 0 373349505
255 199 0.573346 0.573346 0 373349505
255 200 0.431766 0.431766 0 373349505
255 201 0.470196 0.470196 0 373349505
255 202 1.00904 1.00904 0 373349505
255 203 1.27859 1.27859 0 373349505
255 204 9.25121 9.25121 0 373349505
255 205 0.63916 0.63916 0 373349505
255 206 0.451757 0.451757 0 373349505
255 207 0.591693 0.591693 0 373349505
255 208 0.977271 0.977271 0 373349505
255 209 0.55299 0.55299 0 373349505
255 210 0.366499 0.366499 0 373349505
255 211 0.568964 0.568964 0 373349505
255 212 1.21616 1.21616 0 373349505
255 213 0.611684 0.611684 0 373349505
255 214 0.564217 0.564217 0 373349505
255 215 1.18813 1.18813 0 373349505
255 216 9.57079 9.57079 0 373349505
255 217 0.828115 0.828115 0 373349505
255 218 0.497307 0.497307 0 373349505
255 219 0.744683 0.744683 0 373349505
255 220 0.408489 0.408489 0 373349505
255 221 0.554176 0.554176 0 373349505
255 222 0.982565 0.982565 0 373349505
255 223 0.60712 0.60712 0 373349505
255 224 0.594158 0.594158 0 373349505
255 225 1.1633 1.1633 0 373349505
255 226 9.3099 9.3099 0 373349505
255 227 0.562392 0.562392 0 373349505
255 228 0.367503 0.367503 0 373349505
255 229 0.55089 0.55089 0 373349505
255 230 0.371429 0.371429 0 373349505
255 231 0.54806 0.54806 0 373349505
255 232 1.26901 1.26901 0 373349505
255 233 0.502693 0.502693 0 373349505
255 234 1.05979 1.05979 0 373349505
255 235 1.26846 1.26846 0 373349505
255 236 10.3594 10.3594 0 373349505
255 237 0.648836 0.648836 0 373349505
255 238 9.21652 9.21652 0 373349505
255 239 1.13245 1.13245 0 373349505
255 240 10.1144 10.1144 0 373349505
255 241 1.1455 1.1455 0 373349505
255 242 9.14541 9.14541 0 373349505
255 243 1.13747 1.13747 0 373349505
255 244 10.8152 10.8152 0 373349505
255 245 1.14048 1.14048 0 373349505
255 246 9.13537 9.13537 0 373349505
255 247 1.74185 1.74185 0 373349505
255 248 17.8911 17.8911 0 373349505
255 249 1.13702 1.13702 0 373349505
255 250 0.368873 0.368873 0 373349505
255 251 0.552716 0.552716 0 373349505
255 252 0.479963 0.479963 0 373349505
255 253 6.67896 6.67896 0 373349505
255 254 0.835509 0.835509 0 373349505
