192 193 200.364 200.364 0 373349505
192 194 109.47 109.47 0 373349505
192 195 29.088 29.088 0 373349505
192 196 25.1 25.1 0 373349505
192 197 9.032 9.032 0 373349505
192 198 4.99 4.99 0 373349505
192 199 8.99 8.99 0 373349505
192 200 12.332 12.332 0 373349505
192 201 7.564 7.564 0 373349505
192 202 21.668 21.668 0 373349505
192 203 203.362 203.362 0 373349505
192 204 5.236 5.236 0 373349505
192 205 9.714 9.714 0 373349505
192 206 4.512 4.512 0 373349505
192 207 8.792 8.792 0 373349505
192 208 7.228 7.228 0 373349505
192 209 12.678 12.678 0 373349505
192 210 5.006 5.006 0 373349505
192 211 10.15 10.15 0 373349505
192 212 4.856 4.856 0 373349505
192 213 10.826 10.826 0 373349505
192 214 18.064 18.064 0 373349505
192 215 207.638 207.638 0 373349505
192 216 15.978 15.978 0 373349505
192 217 28.814 28.814 0 373349505
192 218 5.002 5.002 0 373349505
192 219 62.942 62.942 0 373349505
192 220 6.488 6.488 0 373349505
192 221 15.762 15.762 0 373349505
192 222 7.68 7.68 0 373349505
192 223 17.238 17.238 0 373349505
192 224 25.278 25.278 0 373349505
192 225 205.278 205.278 0 373349505
192 226 6.22 6.22 0 373349505
192 227 8.258 8.258 0 373349505
192 228 4.308 4.308 0 373349505
192 229 8.298 8.298 0 373349505
192 230 4.334 4.334 0 373349505
192 231 8.32 8.32 0 373349505
192 232 3.86 3.86 0 373349505
192 233 7.7 7.7 0 373349505
192 234 22.642 22.642 0 373349505
192 235 201.262 201.262 0 373349505
192 236 5.198 5.198 0 373349505
192 237 37.586 37.586 0 373349505
192 238 7.734 7.734 0 373349505
192 239 200.12 200.12 0 373349505
192 240 15.89 15.89 0 373349505
192 241 200.86 200.86 0 373349505
192 242 4.682 4.682 0 373349505
192 243 200.372 200.372 0 373349505
192 244 4.644 4.644 0 373349505
192 245 221.852 221.852 0 373349505
192 246 18.11 18.11 0 373349505
192 247 394.322 394.322 0 373349505
192 248 4.344 4.344 0 373349505
192 249 200.294 200.294 0 373349505
192 250 16.984 16.984 0 373349505
192 251 11.532 11.532 0 373349505
192 252 20.402 20.402 0 373349505
192 253 9.738 9.738 0 373349505
192 254 19.374 19.374 0 373349505
192 255 13.604 13.604 0 373349505
193 192 203.948 203.948 0 373349505
193 194 411.504 411.504 0 373349505
193 195 24.818 24.818 0 373349505
193 196 201.838 201.838 0 373349505
193 197 63.294 63.294 0 373349505
193 198 7.678 7.678 0 373349505
193 199 11.626 11.626 0 373349505
193 200 7.762 7.762 0 373349505
193 201 26.172 26.172 0 373349505
193 202 14.182 14.182 0 373349505
193 203 24.678 24.678 0 373349505
193 204 199.89 199.89 0 373349505
193 205 11.504 11.504 0 373349505
193 206 8.232 8.232 0 373349505
193 207 11.956 11.956 0 373349505
193 208 20.23 20.23 0 373349505
193 209 11.76 11.76 0 373349505
193 210 7.906 7.906 0 373349505
193 211 10.606 10.606 0 373349505
193 212 11.338 11.338 0 373349505
193 213 24.318 24.318 0 373349505
193 214 15.122 15.122 0 373349505
193 215 27.486 27.486 0 373349505
193 216 211.006 211.006 0 373349505
193 217 18.18 18.18 0 373349505
193 218 8.736 8.736 0 373349505
193 219 15.67 15.67 0 373349505
193 220 9 9 0 373349505
193 221 11.63 11.63 0 373349505
193 222 21.388 21.388 0 373349505
193 223 12.828 12.828 0 373349505
193 224 13.448 13.448 0 373349505
193 225 24.668 24.668 0 373349505
193 226 202.922 202.922 0 373349505
193 227 11.802 11.802 0 373349505
193 228 7.982 7.982 0 373349505
193 229 11.62 11.62 0 373349505
193 230 8.086 8.086 0 373349505
193 231 11.52 11.52 0 373349505
193 232 8.196 8.196 0 373349505
193 233 11.916 11.916 0 373349505
193 234 8.898 8.898 0 373349505
193 235 24.386 24.386 0 373349505
193 236 200.664 200.664 0 373349505
193 237 11.884 11.884 0 373349505
193 238 33.774 33.774 0 373349505
193 239 11.898 11.898 0 373349505
193 240 8.976 8.976 0 373349505
193 241 11.704 11.704 0 373349505
193 242 7.05 7.05 0 373349505
193 243 11.276 11.276 0 373349505
193 244 8.56 8.56 0 373349505
193 245 23.726 23.726 0 373349505
193 246 13.424 13.424 0 373349505
193 247 27.62 27.62 0 373349505
193 248 234.318 234.318 0 373349505
193 249 12.576 12.576 0 373349505
193 250 199.738 199.738 0 373349505
193 251 24.396 24.396 0 373349505
193 252 200.226 200.226 0 373349505
193 253 24.786 24.786 0 373349505
193 254 201.444 201.444 0 373349505
193 255 25.054 25.054 0 373349505
194 192 115.116 115.116 0 373349505
194 193 431.33 431.33 0 373349505
194 195 236.012 236.012 0 373349505
194 196 103.796 103.796 0 373349505
194 197 253.472 253.472 0 373349505
194 198 73.836 73.836 0 373349505
194 199 63.514 63.514 0 373349505
194 200 130.178 130.178 0 373349505
194 201 61.486 61.486 0 373349505
194 202 73.642 73.642 0 373349505
194 203 88.862 88.862 0 373349505
194 204 71.32 71.32 0 373349505
194 205 236.884 236.884 0 373349505
194 206 93.8 93.8 0 373349505
194 207 118.846 118.846 0 373349505
194 208 188.994 188.994 0 373349505
194 209 65.49 65.49 0 373349505
194 210 42.57 42.57 0 373349505
194 211 45.294 45.294 0 373349505
194 212 57.346 57.346 0 373349505
194 213 61.136 61.136 0 373349505
194 214 106.2 106.2 0 373349505
194 215 258.61 258.61 0 373349505
194 216 179.788 179.788 0 373349505
194 217 86.93 86.93 0 373349505
194 218 78.098 78.098 0 373349505
194 219 79.47 79.47 0 373349505
194 220 100.754 100.754 0 373349505
194 221 60.134 60.134 0 373349505
194 222 98.066 98.066 0 373349505
194 223 56.77 56.77 0 373349505
194 224 187.478 187.478 0 373349505
194 225 251.852 251.852 0 373349505
194 226 45.596 45.596 0 373349505
194 227 97.258 97.258 0 373349505
194 228 41.418 41.418 0 373349505
194 229 46.834 46.834 0 373349505
194 230 74.884 74.884 0 373349505
194 231 52.714 52.714 0 373349505
194 232 116.586 116.586 0 373349505
194 233 42.904 42.904 0 373349505
194 234 55.164 55.164 0 373349505
194 235 61.128 61.128 0 373349505
194 236 110.86 110.86 0 373349505
194 237 248.746 248.746 0 373349505
194 238 66.534 66.534 0 373349505
194 239 85.062 85.062 0 373349505
194 240 130.614 130.614 0 373349505
194 241 57.052 57.052 0 373349505
194 242 111.386 111.386 0 373349505
194 243 69.19 69.19 0 373349505
194 244 66.456 66.456 0 373349505
194 245 79.08 79.08 0 373349505
194 246 78.928 78.928 0 373349505
194 247 252.966 252.966 0 373349505
194 248 116.09 116.09 0 373349505
194 249 45.156 45.156 0 373349505
194 250 75.444 75.444 0 373349505
194 251 257.81 257.81 0 373349505
194 252 55.978 55.978 0 373349505
194 253 240.302 240.302 0 373349505
194 254 65.57 65.57 0 373349505
194 255 265.012 265.012 0 373349505
195 192 24.9 24.9 0 373349505
195 193 30.384 30.384 0 373349505
195 194 220.568 220.568 0 373349505
195 196 11.686 11.686 0 373349505
195 197 12.362 12.362 0 373349505
195 198 7.886 7.886 0 373349505
195 199 12.346 12.346 0 373349505
195 200 220.634 220.634 0 373349505
195 201 25.17 25.17 0 373349505
195 202 233.084 233.084 0 373349505
195 203 25.472 25.472 0 373349505
195 204 200.416 200.416 0 373349505
195 205 38.176 38.176 0 373349505
195 206 392.682 392.682 0 373349505
195 207 25.97 25.97 0 373349505
195 208 215.126 215.126 0 373349505
195 209 25.846 25.846 0 373349505
195 210 8.548 8.548 0 373349505
195 211 12.73 12.73 0 373349505
195 212 12.208 12.208 0 373349505
195 213 28.15 28.15 0 373349505
195 214 18.826 18.826 0 373349505
195 215 109.272 109.272 0 373349505
195 216 212.042 212.042 0 373349505
195 217 18.414 18.414 0 373349505
195 218 9.5 9.5 0 373349505
195 219 16.82 16.82 0 373349505
195 220 8.162 8.162 0 373349505
195 221 13.094 13.094 0 373349505
195 222 21.376 21.376 0 373349505
195 223 11.416 11.416 0 373349505
195 224 51.862 51.862 0 373349505
195 225 28.564 28.564 0 373349505
195 226 205.874 205.874 0 373349505
195 227 13.974 13.974 0 373349505
195 228 9.108 9.108 0 373349505
195 229 12.232 12.232 0 373349505
195 230 8.47 8.47 0 373349505
195 231 12.29 12.29 0 373349505
195 232 11.904 11.904 0 373349505
195 233 12.664 12.664 0 373349505
195 234 9.328 9.328 0 373349505
195 235 12.184 12.184 0 373349505
195 236 8.948 8.948 0 373349505
195 237 25.288 25.288 0 373349505
195 238 201.154 201.154 0 373349505
195 239 12.2 12.2 0 373349505
195 240 9.742 9.742 0 373349505
195 241 12.762 12.762 0 373349505
195 242 200.614 200.614 0 373349505
195 243 25.522 25.522 0 373349505
195 244 10.924 10.924 0 373349505
195 245 12.284 12.284 0 373349505
195 246 33.26 33.26 0 373349505
195 247 25.306 25.306 0 373349505
195 248 200.668 200.668 0 373349505
195 249 12.394 12.394 0 373349505
195 250 8.45 8.45 0 373349505
195 251 12.556 12.556 0 373349505
195 252 9.092 9.092 0 373349505
195 253 12.196 12.196 0 373349505
195 254 7.014 7.014 0 373349505
195 255 10.692 10.692 0 373349505
196 192 24.84 24.84 0 373349505
196 193 205.28 205.28 0 373349505
196 194 88.28 88.28 0 373349505
196 195 15.528 15.528 0 373349505
196 197 10.912 10.912 0 373349505
196 198 7.326 7.326 0 373349505
196 199 10.814 10.814 0 373349505
196 200 7.424 7.424 0 373349505
196 201 204.374 204.374 0 373349505
196 202 5.756 5.756 0 373349505
196 203 202.74 202.74 0 373349505
196 204 19.036 19.036 0 373349505
196 205 394.768 394.768 0 373349505
196 206 6.518 6.518 0 373349505
196 207 203.922 203.922 0 373349505
196 208 9.988 9.988 0 373349505
196 209 202.438 202.438 0 373349505
196 210 18.804 18.804 0 373349505
196 211 10.134 10.134 0 373349505
196 212 19.384 19.384 0 373349505
196 213 11.742 11.742 0 373349505
196 214 32.438 32.438 0 373349505
196 215 204.416 204.416 0 373349505
196 216 20.614 20.614 0 373349505
196 217 16.824 16.824 0 373349505
196 218 20.036 20.036 0 373349505
196 219 40.362 40.362 0 373349505
196 220 34.87 34.87 0 373349505
196 221 11.93 11.93 0 373349505
196 222 9.292 9.292 0 373349505
196 223 56.156 56.156 0 373349505
196 224 25.846 25.846 0 373349505
196 225 203.908 203.908 0 373349505
196 226 11.452 11.452 0 373349505
196 227 12.488 12.488 0 373349505
196 228 6.836 6.836 0 373349505
196 229 11.932 11.932 0 373349505
196 230 6.71 6.71 0 373349505
196 231 10.784 10.784 0 373349505
196 232 61.586 61.586 0 373349505
196 233 13.74 13.74 0 373349505
196 234 13.59 13.59 0 373349505
196 235 23.714 23.714 0 373349505
196 236 18.782 18.782 0 373349505
196 237 202.426 202.426 0 373349505
196 238 7.1 7.1 0 373349505
196 239 9.988 9.988 0 373349505
196 240 8.038 8.038 0 373349505
196 241 13.63 13.63 0 373349505
196 242 13.542 13.542 0 373349505
196 243 202.084 202.084 0 373349505
196 244 6.612 6.612 0 373349505
196 245 30.5 30.5 0 373349505
196 246 19.604 19.604 0 373349505
196 247 227.056 227.056 0 373349505
196 248 8.318 8.318 0 373349505
196 249 10.764 10.764 0 373349505
196 250 6.67 6.67 0 373349505
196 251 13.542 13.542 0 373349505
196 252 6.932 6.932 0 373349505
196 253 10.472 10.472 0 373349505
196 254 6.666 6.666 0 373349505
196 255 9.362 9.362 0 373349505
197 192 8.77 8.77 0 373349505
197 193 59.55 59.55 0 373349505
197 194 236.41 236.41 0 373349505
197 195 15.456 15.456 0 373349505
197 196 14.754 14.754 0 373349505
197 198 9.272 9.272 0 373349505
197 199 12.716 12.716 0 373349505
197 200 8.974 8.974 0 373349505
197 201 61.802 61.802 0 373349505
197 202 5.91 5.91 0 373349505
197 203 24.14 24.14 0 373349505
197 204 13.666 13.666 0 373349505
197 205 27.66 27.66 0 373349505
197 206 235.366 235.366 0 373349505
197 207 13.904 13.904 0 373349505
197 208 21.346 21.346 0 373349505
197 209 49.858 49.858 0 373349505
197 210 200.222 200.222 0 373349505
197 211 25.086 25.086 0 373349505
197 212 204.142 204.142 0 373349505
197 213 28.564 28.564 0 373349505
197 214 204.978 204.978 0 373349505
197 215 39.058 39.058 0 373349505
197 216 400.882 400.882 0 373349505
197 217 94.668 94.668 0 373349505
197 218 201.134 201.134 0 373349505
197 219 29.554 29.554 0 373349505
197 220 201.156 201.156 0 373349505
197 221 25.198 25.198 0 373349505
197 222 21.756 21.756 0 373349505
197 223 13.952 13.952 0 373349505
197 224 14.058 14.058 0 373349505
197 225 92.582 92.582 0 373349505
197 226 209.314 209.314 0 373349505
197 227 12.444 12.444 0 373349505
197 228 8.226 8.226 0 373349505
197 229 12.314 12.314 0 373349505
197 230 8.704 8.704 0 373349505
197 231 12.732 12.732 0 373349505
197 232 7.47 7.47 0 373349505
197 233 61.384 61.384 0 373349505
197 234 6.892 6.892 0 373349505
197 235 24.522 24.522 0 373349505
197 236 23.916 23.916 0 373349505
197 237 28.29 28.29 0 373349505
197 238 202.658 202.658 0 373349505
197 239 66.126 66.126 0 373349505
197 240 9.668 9.668 0 373349505
197 241 45.958 45.958 0 373349505
197 242 8.746 8.746 0 373349505
197 243 12.72 12.72 0 373349505
197 244 14.868 14.868 0 373349505
197 245 13.876 13.876 0 373349505
197 246 8.754 8.754 0 373349505
197 247 25.798 25.798 0 373349505
197 248 200.708 200.708 0 373349505
197 249 58.966 58.966 0 373349505
197 250 8.71 8.71 0 373349505
197 251 12.738 12.738 0 373349505
197 252 9.024 9.024 0 373349505
197 253 12.618 12.618 0 373349505
197 254 33.37 33.37 0 373349505
197 255 12.822 12.822 0 373349505
198 192 5.358 5.358 0 373349505
198 193 8.416 8.416 0 373349505
198 194 59.958 59.958 0 373349505
198 195 10.714 10.714 0 373349505
198 196 7.102 7.102 0 373349505
198 197 12.072 12.072 0 373349505
198 199 9.25 9.25 0 373349505
198 200 5.638 5.638 0 373349505
198 201 7.452 7.452 0 373349505
198 202 3.19 3.19 0 373349505
198 203 13.866 13.866 0 373349505
198 204 18.868 18.868 0 373349505
198 205 213.874 213.874 0 373349505
198 206 6.212 6.212 0 373349505
198 207 9.192 9.192 0 373349505
198 208 7.566 7.566 0 373349505
198 209 9.062 9.062 0 373349505
198 210 4.936 4.936 0 373349505
198 211 217.048 217.048 0 373349505
198 212 5.422 5.422 0 373349505
198 213 202.598 202.598 0 373349505
198 214 18.982 18.982 0 373349505
198 215 395.346 395.346 0 373349505
198 216 7.108 7.108 0 373349505
198 217 207.466 207.466 0 373349505
198 218 5.214 5.214 0 373349505
198 219 211.622 211.622 0 373349505
198 220 6.066 6.066 0 373349505
198 221 202.354 202.354 0 373349505
198 222 21.566 21.566 0 373349505
198 223 16.948 16.948 0 373349505
198 224 19.42 19.42 0 373349505
198 225 9.262 9.262 0 373349505
198 226 32.736 32.736 0 373349505
198 227 201.494 201.494 0 373349505
198 228 19.338 19.338 0 373349505
198 229 8.202 8.202 0 373349505
198 230 18.234 18.234 0 373349505
198 231 27.524 27.524 0 373349505
198 232 23.41 23.41 0 373349505
198 233 8.994 8.994 0 373349505
198 234 4.818 4.818 0 373349505
198 235 14.122 14.122 0 373349505
198 236 18.37 18.37 0 373349505
198 237 201.736 201.736 0 373349505
198 238 6.51 6.51 0 373349505
198 239 8.556 8.556 0 373349505
198 240 6.302 6.302 0 373349505
198 241 25.568 25.568 0 373349505
198 242 5.794 5.794 0 373349505
198 243 8.75 8.75 0 373349505
198 244 4.892 4.892 0 373349505
198 245 31.504 31.504 0 373349505
198 246 18.148 18.148 0 373349505
198 247 200.526 200.526 0 373349505
198 248 14.458 14.458 0 373349505
198 249 8.482 8.482 0 373349505
198 250 79.002 79.002 0 373349505
198 251 52.45 52.45 0 373349505
198 252 4.942 4.942 0 373349505
198 253 8.196 8.196 0 373349505
198 254 5.38 5.38 0 373349505
198 255 32.78 32.78 0 373349505
199 192 9.108 9.108 0 373349505
199 193 11.856 11.856 0 373349505
199 194 48.514 48.514 0 373349505
199 195 14.366 14.366 0 373349505
199 196 10.566 10.566 0 373349505
199 197 12.278 12.278 0 373349505
199 198 12.216 12.216 0 373349505
199 200 9.34 9.34 0 373349505
199 201 12.456 12.456 0 373349505
199 202 8.236 8.236 0 373349505
199 203 12.464 12.464 0 373349505
199 204 8.142 8.142 0 373349505
199 205 25.468 25.468 0 373349505
199 206 212.766 212.766 0 373349505
199 207 12.69 12.69 0 373349505
199 208 20.542 20.542 0 373349505
199 209 12.274 12.274 0 373349505
199 210 40.982 40.982 0 373349505
199 211 12.292 12.292 0 373349505
199 212 10.544 10.544 0 373349505
199 213 11.566 11.566 0 373349505
199 214 26.654 26.654 0 373349505
199 215 29.148 29.148 0 373349505
199 216 214.66 214.66 0 373349505
199 217 19.564 19.564 0 373349505
199 218 10.812 10.812 0 373349505
199 219 16.534 16.534 0 373349505
199 220 8.8 8.8 0 373349505
199 221 12.3 12.3 0 373349505
199 222 213.492 213.492 0 373349505
199 223 26.29 26.29 0 373349505
199 224 207.398 207.398 0 373349505
199 225 25.462 25.462 0 373349505
199 226 203.158 203.158 0 373349505
199 227 38.088 38.088 0 373349505
199 228 392.194 392.194 0 373349505
199 229 24.98 24.98 0 373349505
199 230 200.318 200.318 0 373349505
199 231 25.622 25.622 0 373349505
199 232 200.612 200.612 0 373349505
199 233 25.446 25.446 0 373349505
199 234 29.512 29.512 0 373349505
199 235 12.282 12.282 0 373349505
199 236 9.102 9.102 0 373349505
199 237 40.592 40.592 0 373349505
199 238 208.04 208.04 0 373349505
199 239 12.576 12.576 0 373349505
199 240 9.686 9.686 0 373349505
199 241 12.756 12.756 0 373349505
199 242 30.072 30.072 0 373349505
199 243 12.294 12.294 0 373349505
199 244 10.814 10.814 0 373349505
199 245 10.144 10.144 0 373349505
199 246 22.578 22.578 0 373349505
199 247 28.428 28.428 0 373349505
199 248 203.518 203.518 0 373349505
199 249 14.452 14.452 0 373349505
199 250 33.982 33.982 0 373349505
199 251 12.85 12.85 0 373349505
199 252 8.848 8.848 0 373349505
199 253 105.588 105.588 0 373349505
199 254 8.336 8.336 0 373349505
199 255 12.682 12.682 0 373349505
200 192 16.386 16.386 0 373349505
200 193 8.462 8.462 0 373349505
200 194 119.71 119.71 0 373349505
200 195 241.352 241.352 0 373349505
200 196 7.262 7.262 0 373349505
200 197 9.604 9.604 0 373349505
200 198 5.82 5.82 0 373349505
200 199 13.032 13.032 0 373349505
200 201 9.268 9.268 0 373349505
200 202 11.728 11.728 0 373349505
200 203 9.582 9.582 0 373349505
200 204 18.126 18.126 0 373349505
200 205 201.096 201.096 0 373349505
200 206 5.68 5.68 0 373349505
200 207 9.128 9.128 0 373349505
200 208 8.122 8.122 0 373349505
200 209 8.948 8.948 0 373349505
200 210 5.298 5.298 0 373349505
200 211 8.944 8.944 0 373349505
200 212 5.792 5.792 0 373349505
200 213 11.79 11.79 0 373349505
200 214 22.892 22.892 0 373349505
200 215 203.756 203.756 0 373349505
200 216 7.644 7.644 0 373349505
200 217 16.066 16.066 0 373349505
200 218 5.71 5.71 0 373349505
200 219 21.046 21.046 0 373349505
200 220 5.524 5.524 0 373349505
200 221 9.722 9.722 0 373349505
200 222 8.24 8.24 0 373349505
200 223 208.224 208.224 0 373349505
200 224 7.032 7.032 0 373349505
200 225 203.68 203.68 0 373349505
200 226 20.752 20.752 0 373349505
200 227 392.184 392.184 0 373349505
200 228 4.444 4.444 0 373349505
200 229 200 200 0 373349505
200 230 5.612 5.612 0 373349505
200 231 213.7 213.7 0 373349505
200 232 4.986 4.986 0 373349505
200 233 200.476 200.476 0 373349505
200 234 18.822 18.822 0 373349505
200 235 9.088 9.088 0 373349505
200 236 32.246 32.246 0 373349505
200 237 200.766 200.766 0 373349505
200 238 18.712 18.712 0 373349505
200 239 8 8 0 373349505
200 240 18.694 18.694 0 373349505
200 241 9.736 9.736 0 373349505
200 242 18.968 18.968 0 373349505
200 243 26.654 26.654 0 373349505
200 244 22.148 22.148 0 373349505
200 245 28.88 28.88 0 373349505
200 246 22.402 22.402 0 373349505
200 247 202.574 202.574 0 373349505
200 248 5.972 5.972 0 373349505
200 249 9.496 9.496 0 373349505
200 250 5.03 5.03 0 373349505
200 251 37.278 37.278 0 373349505
200 252 6.14 6.14 0 373349505
200 253 9.474 9.474 0 373349505
200 254 5.544 5.544 0 373349505
200 255 12.018 12.018 0 373349505
201 192 6.25 6.25 0 373349505
201 193 23.598 23.598 0 373349505
201 194 43.394 43.394 0 373349505
201 195 27.478 27.478 0 373349505
201 196 206.326 206.326 0 373349505
201 197 68.438 68.438 0 373349505
201 198 8.076 8.076 0 373349505
201 199 14.714 14.714 0 373349505
201 200 12.282 12.282 0 373349505
201 202 8.902 8.902 0 373349505
201 203 12.642 12.642 0 373349505
201 204 8.126 8.126 0 373349505
201 205 24.964 24.964 0 373349505
201 206 200.548 200.548 0 373349505
201 207 12.796 12.796 0 373349505
201 208 22.238 22.238 0 373349505
201 209 12.226 12.226 0 373349505
201 210 8.122 8.122 0 373349505
201 211 12.1 12.1 0 373349505
201 212 12.364 12.364 0 373349505
201 213 13.68 13.68 0 373349505
201 214 45.766 45.766 0 373349505
201 215 26.456 26.456 0 373349505
201 216 210.594 210.594 0 373349505
201 217 17.882 17.882 0 373349505
201 218 9.094 9.094 0 373349505
201 219 16.516 16.516 0 373349505
201 220 8.928 8.928 0 373349505
201 221 12.44 12.44 0 373349505
201 222 21.556 21.556 0 373349505
201 223 13.06 13.06 0 373349505
201 224 11.416 11.416 0 373349505
201 225 23.422 23.422 0 373349505
201 226 14.706 14.706 0 373349505
201 227 27.992 27.992 0 373349505
201 228 201.538 201.538 0 373349505
201 229 13.172 13.172 0 373349505
201 230 8.192 8.192 0 373349505
201 231 12.672 12.672 0 373349505
201 232 21.034 21.034 0 373349505
201 233 12.652 12.652 0 373349505
201 234 201.134 201.134 0 373349505
201 235 25.012 25.012 0 373349505
201 236 200.948 200.948 0 373349505
201 237 38.026 38.026 0 373349505
201 238 393.246 393.246 0 373349505
201 239 25.14 25.14 0 373349505
201 240 201.688 201.688 0 373349505
201 241 25.596 25.596 0 373349505
201 242 201.044 201.044 0 373349505
201 243 25.726 25.726 0 373349505
201 244 205.116 205.116 0 373349505
201 245 25.364 25.364 0 373349505
201 246 8.526 8.526 0 373349505
201 247 25.396 25.396 0 373349505
201 248 200.598 200.598 0 373349505
201 249 27.926 27.926 0 373349505
201 250 15.09 15.09 0 373349505
201 251 12.824 12.824 0 373349505
201 252 39.802 39.802 0 373349505
201 253 12.454 12.454 0 373349505
201 254 10.306 10.306 0 373349505
201 255 12.53 12.53 0 373349505
202 192 21.87 21.87 0 373349505
202 193 13.854 13.854 0 373349505
202 194 56.632 56.632 0 373349505
202 195 217.838 217.838 0 373349505
202 196 6.584 6.584 0 373349505
202 197 8.914 8.914 0 373349505
202 198 4.188 4.188 0 373349505
202 199 8.244 8.244 0 373349505
202 200 16.472 16.472 0 373349505
202 201 12.408 12.408 0 373349505
202 203 50.73 50.73 0 373349505
202 204 16.944 16.944 0 373349505
202 205 200.158 200.158 0 373349505
202 206 4.488 4.488 0 373349505
202 207 8.98 8.98 0 373349505
202 208 87.278 87.278 0 373349505
202 209 8.262 8.262 0 373349505
202 210 4.14 4.14 0 373349505
202 211 8.356 8.356 0 373349505
202 212 4.496 4.496 0 373349505
202 213 26.316 26.316 0 373349505
202 214 4.484 4.484 0 373349505
202 215 10.384 10.384 0 373349505
202 216 18.022 18.022 0 373349505
202 217 207.06 207.06 0 373349505
202 218 4.28 4.28 0 373349505
202 219 18.998 18.998 0 373349505
202 220 4.3 4.3 0 373349505
202 221 8.644 8.644 0 373349505
202 222 7.322 7.322 0 373349505
202 223 15.618 15.618 0 373349505
202 224 4.612 4.612 0 373349505
202 225 13.238 13.238 0 373349505
202 226 21.814 21.814 0 373349505
202 227 201.184 201.184 0 373349505
202 228 5.144 5.144 0 373349505
202 229 8.166 8.166 0 373349505
202 230 4.166 4.166 0 373349505
202 231 8.136 8.136 0 373349505
202 232 4.982 4.982 0 373349505
202 233 8.55 8.55 0 373349505
202 234 5.194 5.194 0 373349505
202 235 199.964 199.964 0 373349505
202 236 17.068 17.068 0 373349505
202 237 392.342 392.342 0 373349505
202 238 5.212 5.212 0 373349505
202 239 200.15 200.15 0 373349505
202 240 5.346 5.346 0 373349505
202 241 200.32 200.32 0 373349505
202 242 4.424 4.424 0 373349505
202 243 217.076 217.076 0 373349505
202 244 4.28 4.28 0 373349505
202 245 218.474 218.474 0 373349505
202 246 17.186 17.186 0 373349505
202 247 8.226 8.226 0 373349505
202 248 31.6 31.6 0 373349505
202 249 200.096 200.096 0 373349505
202 250 17.064 17.064 0 373349505
202 251 11.418 11.418 0 373349505
202 252 17.174 17.174 0 373349505
202 253 32.282 32.282 0 373349505
202 254 16.582 16.582 0 373349505
202 255 26.058 26.058 0 373349505
203 192 202.338 202.338 0 373349505
203 193 24.814 24.814 0 373349505
203 194 71.25 71.25 0 373349505
203 195 25.494 25.494 0 373349505
203 196 202.454 202.454 0 373349505
203 197 27.292 27.292 0 373349505
203 198 14.844 14.844 0 373349505
203 199 12.462 12.462 0 373349505
203 200 9 9 0 373349505
203 201 14.566 14.566 0 373349505
203 202 31.918 31.918 0 373349505
203 204 23.072 23.072 0 373349505
203 205 28.168 28.168 0 373349505
203 206 203.65 203.65 0 373349505
203 207 14.806 14.806 0 373349505
203 208 25.348 25.348 0 373349505
203 209 12.418 12.418 0 373349505
203 210 8.234 8.234 0 373349505
203 211 12.196 12.196 0 373349505
203 212 12.002 12.002 0 373349505
203 213 13.528 13.528 0 373349505
203 214 12.702 12.702 0 373349505
203 215 76.938 76.938 0 373349505
203 216 18.836 18.836 0 373349505
203 217 30.754 30.754 0 373349505
203 218 233.71 233.71 0 373349505
203 219 16.514 16.514 0 373349505
203 220 8.904 8.904 0 373349505
203 221 12.344 12.344 0 373349505
203 222 21.698 21.698 0 373349505
203 223 13.668 13.668 0 373349505
203 224 13.72 13.72 0 373349505
203 225 12.672 12.672 0 373349505
203 226 11.74 11.74 0 373349505
203 227 25.106 25.106 0 373349505
203 228 200.238 200.238 0 373349505
203 229 12.414 12.414 0 373349505
203 230 8.324 8.324 0 373349505
203 231 12.248 12.248 0 373349505
203 232 33.586 33.586 0 373349505
203 233 12.714 12.714 0 373349505
203 234 8.094 8.094 0 373349505
203 235 9.836 9.836 0 373349505
203 236 22.894 22.894 0 373349505
203 237 28.228 28.228 0 373349505
203 238 204.216 204.216 0 373349505
203 239 14.118 14.118 0 373349505
203 240 10.34 10.34 0 373349505
203 241 12.412 12.412 0 373349505
203 242 8.514 8.514 0 373349505
203 243 12.576 12.576 0 373349505
203 244 14.494 14.494 0 373349505
203 245 12.314 12.314 0 373349505
203 246 200.228 200.228 0 373349505
203 247 25.106 25.106 0 373349505
203 248 200.5 200.5 0 373349505
203 249 37.892 37.892 0 373349505
203 250 392.174 392.174 0 373349505
203 251 25.302 25.302 0 373349505
203 252 202.042 202.042 0 373349505
203 253 25.752 25.752 0 373349505
203 254 200.338 200.338 0 373349505
203 255 25.022 25.022 0 373349505
204 192 4.23 4.23 0 373349505
204 193 200.454 200.454 0 373349505
204 194 55.016 55.016 0 373349505
204 195 200.278 200.278 0 373349505
204 196 18.792 18.792 0 373349505
204 197 10.282 10.282 0 373349505
204 198 17.84 17.84 0 373349505
204 199 8.172 8.172 0 373349505
204 200 17.736 17.736 0 373349505
204 201 8.124 8.124 0 373349505
204 202 18.476 18.476 0 373349505
204 203 29.85 29.85 0 373349505
204 205 201.526 201.526 0 373349505
204 206 5.632 5.632 0 373349505
204 207 9.56 9.56 0 373349505
204 208 17.03 17.03 0 373349505
204 209 8.124 8.124 0 373349505
204 210 4.042 4.042 0 373349505
204 211 50.236 50.236 0 373349505
204 212 4.418 4.418 0 373349505
204 213 9.518 9.518 0 373349505
204 214 4.408 4.408 0 373349505
204 215 10.332 10.332 0 373349505
204 216 18.52 18.52 0 373349505
204 217 205.702 205.702 0 373349505
204 218 4.8 4.8 0 373349505
204 219 18.894 18.894 0 373349505
204 220 4.288 4.288 0 373349505
204 221 9 9 0 373349505
204 222 7.284 7.284 0 373349505
204 223 15.63 15.63 0 373349505
204 224 5.602 5.602 0 373349505
204 225 8.364 8.364 0 373349505
204 226 21.4 21.4 0 373349505
204 227 212.586 212.586 0 373349505
204 228 5.814 5.814 0 373349505
204 229 8.218 8.218 0 373349505
204 230 4.084 4.084 0 373349505
204 231 9.54 9.54 0 373349505
204 232 56.442 56.442 0 373349505
204 233 32.58 32.58 0 373349505
204 234 4.44 4.44 0 373349505
204 235 7.056 7.056 0 373349505
204 236 28.07 28.07 0 373349505
204 237 202.652 202.652 0 373349505
204 238 6.094 6.094 0 373349505
204 239 8.032 8.032 0 373349505
204 240 5.142 5.142 0 373349505
204 241 8.154 8.154 0 373349505
204 242 4.34 4.34 0 373349505
204 243 8.13 8.13 0 373349505
204 244 11.118 11.118 0 373349505
204 245 27.692 27.692 0 373349505
204 246 4.144 4.144 0 373349505
204 247 199.898 199.898 0 373349505
204 248 16.936 16.936 0 373349505
204 249 392.068 392.068 0 373349505
204 250 4.188 4.188 0 373349505
204 251 203.312 203.312 0 373349505
204 252 4.19 4.19 0 373349505
204 253 203.346 203.346 0 373349505
204 254 4.038 4.038 0 373349505
204 255 200.254 200.254 0 373349505
205 192 8.714 8.714 0 373349505
205 193 12.218 12.218 0 373349505
205 194 220.662 220.662 0 373349505
205 195 38.092 38.092 0 373349505
205 196 394.284 394.284 0 373349505
205 197 24.774 24.774 0 373349505
205 198 224.904 224.904 0 373349505
205 199 25.338 25.338 0 373349505
205 200 200.608 200.608 0 373349505
205 201 24.956 24.956 0 373349505
205 202 201.964 201.964 0 373349505
205 203 25.434 25.434 0 373349505
205 204 204.238 204.238 0 373349505
205 206 201.07 201.07 0 373349505
205 207 12.702 12.702 0 373349505
205 208 20.712 20.712 0 373349505
205 209 27.402 27.402 0 373349505
205 210 14.47 14.47 0 373349505
205 211 12.004 12.004 0 373349505
205 212 11.158 11.158 0 373349505
205 213 13.03 13.03 0 373349505
205 214 10.28 10.28 0 373349505
205 215 24.522 24.522 0 373349505
205 216 24.726 24.726 0 373349505
205 217 33.612 33.612 0 373349505
205 218 202.162 202.162 0 373349505
205 219 17.194 17.194 0 373349505
205 220 8.64 8.64 0 373349505
205 221 12.14 12.14 0 373349505
205 222 54.372 54.372 0 373349505
205 223 13.24 13.24 0 373349505
205 224 13.558 13.558 0 373349505
205 225 12.404 12.404 0 373349505
205 226 12.132 12.132 0 373349505
205 227 25.364 25.364 0 373349505
205 228 212.252 212.252 0 373349505
205 229 12.118 12.118 0 373349505
205 230 8.144 8.144 0 373349505
205 231 12.352 12.352 0 373349505
205 232 8.51 8.51 0 373349505
205 233 12.408 12.408 0 373349505
205 234 9.118 9.118 0 373349505
205 235 12.076 12.076 0 373349505
205 236 8.67 8.67 0 373349505
205 237 25.088 25.088 0 373349505
205 238 201.098 201.098 0 373349505
205 239 62.122 62.122 0 373349505
205 240 9.18 9.18 0 373349505
205 241 12.252 12.252 0 373349505
205 242 8.334 8.334 0 373349505
205 243 12.026 12.026 0 373349505
205 244 13.326 13.326 0 373349505
205 245 10.67 10.67 0 373349505
205 246 5.646 5.646 0 373349505
205 247 23.706 23.706 0 373349505
205 248 11.082 11.082 0 373349505
205 249 27.618 27.618 0 373349505
205 250 201.956 201.956 0 373349505
205 251 13.118 13.118 0 373349505
205 252 8.33 8.33 0 373349505
205 253 12.264 12.264 0 373349505
205 254 8.066 8.066 0 373349505
205 255 12.046 12.046 0 373349505
206 192 4.526 4.526 0 373349505
206 193 9.034 9.034 0 373349505
206 194 74.38 74.38 0 373349505
206 195 392.574 392.574 0 373349505
206 196 6.486 6.486 0 373349505
206 197 217.816 217.816 0 373349505
206 198 5.278 5.278 0 373349505
206 199 225.144 225.144 0 373349505
206 200 5.548 5.548 0 373349505
206 201 200.602 200.602 0 373349505
206 202 4.588 4.588 0 373349505
206 203 201.262 201.262 0 373349505
206 204 6.814 6.814 0 373349505
206 205 204.614 204.614 0 373349505
206 207 201.274 201.274 0 373349505
206 208 20.15 20.15 0 373349505
206 209 8.85 8.85 0 373349505
206 210 17.374 17.374 0 373349505
206 211 8.866 8.866 0 373349505
206 212 17.276 17.276 0 373349505
206 213 9.92 9.92 0 373349505
206 214 16.89 16.89 0 373349505
206 215 50.592 50.592 0 373349505
206 216 47.658 47.658 0 373349505
206 217 207.158 207.158 0 373349505
206 218 5.862 5.862 0 373349505
206 219 61.058 61.058 0 373349505
206 220 4.716 4.716 0 373349505
206 221 9.196 9.196 0 373349505
206 222 7.886 7.886 0 373349505
206 223 16.342 16.342 0 373349505
206 224 6.108 6.108 0 373349505
206 225 9.844 9.844 0 373349505
206 226 21.89 21.89 0 373349505
206 227 204.068 204.068 0 373349505
206 228 5.434 5.434 0 373349505
206 229 8.646 8.646 0 373349505
206 230 4.776 4.776 0 373349505
206 231 8.628 8.628 0 373349505
206 232 5.232 5.232 0 373349505
206 233 8.942 8.942 0 373349505
206 234 5.986 5.986 0 373349505
206 235 8.578 8.578 0 373349505
206 236 4.822 4.822 0 373349505
206 237 8.996 8.996 0 373349505
206 238 18.326 18.326 0 373349505
206 239 200.516 200.516 0 373349505
206 240 7.482 7.482 0 373349505
206 241 9.07 9.07 0 373349505
206 242 5.344 5.344 0 373349505
206 243 8.816 8.816 0 373349505
206 244 4.98 4.98 0 373349505
206 245 47.398 47.398 0 373349505
206 246 4.28 4.28 0 373349505
206 247 14.3 14.3 0 373349505
206 248 18.97 18.97 0 373349505
206 249 202.028 202.028 0 373349505
206 250 111.866 111.866 0 373349505
206 251 12.326 12.326 0 373349505
206 252 5.358 5.358 0 373349505
206 253 21.476 21.476 0 373349505
206 254 4.982 4.982 0 373349505
206 255 9.194 9.194 0 373349505
207 192 6.464 6.464 0 373349505
207 193 10.262 10.262 0 373349505
207 194 88.886 88.886 0 373349505
207 195 28.916 28.916 0 373349505
207 196 207.698 207.698 0 373349505
207 197 13.142 13.142 0 373349505
207 198 9.15 9.15 0 373349505
207 199 12.786 12.786 0 373349505
207 200 9.008 9.008 0 373349505
207 201 12.914 12.914 0 373349505
207 202 9.398 9.398 0 373349505
207 203 13.698 13.698 0 373349505
207 204 8.668 8.668 0 373349505
207 205 14.732 14.732 0 373349505
207 206 205.134 205.134 0 373349505
207 208 406.38 406.38 0 373349505
207 209 25.67 25.67 0 373349505
207 210 200.698 200.698 0 373349505
207 211 25.512 25.512 0 373349505
207 212 204.622 204.622 0 373349505
207 213 27.084 27.084 0 373349505
207 214 205.27 205.27 0 373349505
207 215 26.73 26.73 0 373349505
207 216 211.646 211.646 0 373349505
207 217 44.144 44.144 0 373349505
207 218 201.908 201.908 0 373349505
207 219 17.42 17.42 0 373349505
207 220 9.932 9.932 0 373349505
207 221 28.578 28.578 0 373349505
207 222 28.98 28.98 0 373349505
207 223 13.842 13.842 0 373349505
207 224 13.61 13.61 0 373349505
207 225 10.786 10.786 0 373349505
207 226 27.284 27.284 0 373349505
207 227 29.048 29.048 0 373349505
207 228 261.438 261.438 0 373349505
207 229 15.534 15.534 0 373349505
207 230 10.15 10.15 0 373349505
207 231 13.356 13.356 0 373349505
207 232 9.972 9.972 0 373349505
207 233 14.332 14.332 0 373349505
207 234 10.212 10.212 0 373349505
207 235 13.314 13.314 0 373349505
207 236 29.352 29.352 0 373349505
207 237 13.84 13.84 0 373349505
207 238 10.606 10.606 0 373349505
207 239 26.284 26.284 0 373349505
207 240 202.572 202.572 0 373349505
207 241 14.284 14.284 0 373349505
207 242 9.976 9.976 0 373349505
207 243 13.618 13.618 0 373349505
207 244 36.31 36.31 0 373349505
207 245 13.29 13.29 0 373349505
207 246 9.746 9.746 0 373349505
207 247 13.702 13.702 0 373349505
207 248 9.774 9.774 0 373349505
207 249 26.508 26.508 0 373349505
207 250 205.108 205.108 0 373349505
207 251 13.814 13.814 0 373349505
207 252 10.314 10.314 0 373349505
207 253 133.378 133.378 0 373349505
207 254 21.906 21.906 0 373349505
207 255 13.234 13.234 0 373349505
208 192 7.196 7.196 0 373349505
208 193 20.7 20.7 0 373349505
208 194 174.152 174.152 0 373349505
208 195 215.292 215.292 0 373349505
208 196 9.858 9.858 0 373349505
208 197 22.214 22.214 0 373349505
208 198 7.278 7.278 0 373349505
208 199 20.492 20.492 0 373349505
208 200 6.962 6.962 0 373349505
208 201 22.238 22.238 0 373349505
208 202 82.07 82.07 0 373349505
208 203 23.556 23.556 0 373349505
208 204 13.798 13.798 0 373349505
208 205 20.698 20.698 0 373349505
208 206 21.904 21.904 0 373349505
208 207 409.636 409.636 0 373349505
208 209 215.314 215.314 0 373349505
208 210 114.156 114.156 0 373349505
208 211 213.104 213.104 0 373349505
208 212 13.644 13.644 0 373349505
208 213 213.958 213.958 0 373349505
208 214 7.186 7.186 0 373349505
208 215 215.992 215.992 0 373349505
208 216 20.91 20.91 0 373349505
208 217 410.48 410.48 0 373349505
208 218 125.758 125.758 0 373349505
208 219 31.93 31.93 0 373349505
208 220 20.178 20.178 0 373349505
208 221 21.558 21.558 0 373349505
208 222 23.118 23.118 0 373349505
208 223 28.542 28.542 0 373349505
208 224 31.76 31.76 0 373349505
208 225 17.842 17.842 0 373349505
208 226 100.194 100.194 0 373349505
208 227 273.584 273.584 0 373349505
208 228 25.794 25.794 0 373349505
208 229 44.314 44.314 0 373349505
208 230 6.372 6.372 0 373349505
208 231 20.354 20.354 0 373349505
208 232 7.552 7.552 0 373349505
208 233 19.632 19.632 0 373349505
208 234 44.906 44.906 0 373349505
208 235 21.022 21.022 0 373349505
208 236 7.05 7.05 0 373349505
208 237 21.04 21.04 0 373349505
208 238 20.794 20.794 0 373349505
208 239 214.198 214.198 0 373349505
208 240 7.768 7.768 0 373349505
208 241 21.766 21.766 0 373349505
208 242 72.06 72.06 0 373349505
208 243 22.292 22.292 0 373349505
208 244 6.78 6.78 0 373349505
208 245 44.788 44.788 0 373349505
208 246 6.892 6.892 0 373349505
208 247 20.672 20.672 0 373349505
208 248 19.768 19.768 0 373349505
208 249 213.006 213.006 0 373349505
208 250 61.802 61.802 0 373349505
208 251 24.212 24.212 0 373349505
208 252 8.266 8.266 0 373349505
208 253 21.97 21.97 0 373349505
208 254 13.156 13.156 0 373349505
208 255 21.358 21.358 0 373349505
209 192 11.724 11.724 0 373349505
209 193 11.892 11.892 0 373349505
209 194 63.648 63.648 0 373349505
209 195 25.568 25.568 0 373349505
209 196 202.192 202.192 0 373349505
209 197 54.46 54.46 0 373349505
209 198 8.576 8.576 0 373349505
209 199 12.268 12.268 0 373349505
209 200 8.556 8.556 0 373349505
209 201 12.216 12.216 0 373349505
209 202 7.398 7.398 0 373349505
209 203 12.118 12.118 0 373349505
209 204 5.752 5.752 0 373349505
209 205 23.75 23.75 0 373349505
209 206 11.618 11.618 0 373349505
209 207 30.55 30.55 0 373349505
209 208 221.484 221.484 0 373349505
209 210 8.814 8.814 0 373349505
209 211 12.4 12.4 0 373349505
209 212 11.906 11.906 0 373349505
209 213 13.42 13.42 0 373349505
209 214 12.388 12.388 0 373349505
209 215 13.18 13.18 0 373349505
209 216 20.04 20.04 0 373349505
209 217 30.658 30.658 0 373349505
209 218 393.174 393.174 0 373349505
209 219 29.22 29.22 0 373349505
209 220 200.758 200.758 0 373349505
209 221 25.034 25.034 0 373349505
209 222 213.606 213.606 0 373349505
209 223 26.102 26.102 0 373349505
209 224 230.622 230.622 0 373349505
209 225 25.734 25.734 0 373349505
209 226 203.288 203.288 0 373349505
209 227 38.006 38.006 0 373349505
209 228 392.39 392.39 0 373349505
209 229 24.956 24.956 0 373349505
209 230 8.204 8.204 0 373349505
209 231 12.376 12.376 0 373349505
209 232 8.578 8.578 0 373349505
209 233 27.638 27.638 0 373349505
209 234 15.584 15.584 0 373349505
209 235 10.734 10.734 0 373349505
209 236 11.092 11.092 0 373349505
209 237 23.844 23.844 0 373349505
209 238 12.154 12.154 0 373349505
209 239 27.272 27.272 0 373349505
209 240 203.25 203.25 0 373349505
209 241 13.268 13.268 0 373349505
209 242 8.446 8.446 0 373349505
209 243 12.262 12.262 0 373349505
209 244 13.882 13.882 0 373349505
209 245 12.192 12.192 0 373349505
209 246 8.614 8.614 0 373349505
209 247 12.184 12.184 0 373349505
209 248 8.246 8.246 0 373349505
209 249 25.024 25.024 0 373349505
209 250 200.206 200.206 0 373349505
209 251 12.216 12.216 0 373349505
209 252 8.534 8.534 0 373349505
209 253 12.074 12.074 0 373349505
209 254 8.152 8.152 0 373349505
209 255 12.102 12.102 0 373349505
210 192 5.396 5.396 0 373349505
210 193 8.444 8.444 0 373349505
210 194 25.918 25.918 0 373349505
210 195 8.374 8.374 0 373349505
210 196 18.624 18.624 0 373349505
210 197 200.954 200.954 0 373349505
210 198 4.632 4.632 0 373349505
210 199 24.762 24.762 0 373349505
210 200 4.838 4.838 0 373349505
210 201 8.11 8.11 0 373349505
210 202 3.71 3.71 0 373349505
210 203 8.156 8.156 0 373349505
210 204 3.068 3.068 0 373349505
210 205 13.284 13.284 0 373349505
210 206 18.242 18.242 0 373349505
210 207 203.428 203.428 0 373349505
210 208 120.544 120.544 0 373349505
210 209 12.294 12.294 0 373349505
210 211 8.998 8.998 0 373349505
210 212 4.466 4.466 0 373349505
210 213 9.628 9.628 0 373349505
210 214 4.694 4.694 0 373349505
210 215 10.336 10.336 0 373349505
210 216 17.978 17.978 0 373349505
210 217 222.386 222.386 0 373349505
210 218 4.232 4.232 0 373349505
210 219 210.964 210.964 0 373349505
210 220 4.328 4.328 0 373349505
210 221 201.728 201.728 0 373349505
210 222 7.41 7.41 0 373349505
210 223 210.166 210.166 0 373349505
210 224 7.138 7.138 0 373349505
210 225 241.296 241.296 0 373349505
210 226 8.368 8.368 0 373349505
210 227 200.136 200.136 0 373349505
210 228 16.878 16.878 0 373349505
210 229 391.9 391.9 0 373349505
210 230 16.89 16.89 0 373349505
210 231 8.076 8.076 0 373349505
210 232 29.024 29.024 0 373349505
210 233 8.536 8.536 0 373349505
210 234 17.89 17.89 0 373349505
210 235 48.988 48.988 0 373349505
210 236 15.9 15.9 0 373349505
210 237 13.544 13.544 0 373349505
210 238 31.75 31.75 0 373349505
210 239 219.23 219.23 0 373349505
210 240 23.564 23.564 0 373349505
210 241 8.186 8.186 0 373349505
210 242 4.394 4.394 0 373349505
210 243 8.182 8.182 0 373349505
210 244 4.35 4.35 0 373349505
210 245 31.51 31.51 0 373349505
210 246 4.244 4.244 0 373349505
210 247 24.722 24.722 0 373349505
210 248 17.006 17.006 0 373349505
210 249 200.106 200.106 0 373349505
210 250 4.252 4.252 0 373349505
210 251 23.784 23.784 0 373349505
210 252 4.27 4.27 0 373349505
210 253 8.026 8.026 0 373349505
210 254 4.43 4.43 0 373349505
210 255 8.056 8.056 0 373349505
211 192 10.13 10.13 0 373349505
211 193 12.312 12.312 0 373349505
211 194 28.93 28.93 0 373349505
211 195 12.486 12.486 0 373349505
211 196 9.994 9.994 0 373349505
211 197 24.664 24.664 0 373349505
211 198 232.992 232.992 0 373349505
211 199 12.26 12.26 0 373349505
211 200 8.516 8.516 0 373349505
211 201 12.104 12.104 0 373349505
211 202 8.354 8.354 0 373349505
211 203 12.2 12.2 0 373349505
211 204 29.35 29.35 0 373349505
211 205 12.012 12.012 0 373349505
211 206 8.714 8.714 0 373349505
211 207 25.504 25.504 0 373349505
211 208 213.54 213.54 0 373349505
211 209 14.144 14.144 0 373349505
211 210 12.482 12.482 0 373349505
211 212 33.352 33.352 0 373349505
211 213 13.188 13.188 0 373349505
211 214 11.224 11.224 0 373349505
211 215 129.938 129.938 0 373349505
211 216 35.382 35.382 0 373349505
211 217 33.696 33.696 0 373349505
211 218 203.392 203.392 0 373349505
211 219 18.252 18.252 0 373349505
211 220 12.336 12.336 0 373349505
211 221 13.024 13.024 0 373349505
211 222 21.712 21.712 0 373349505
211 223 13.374 13.374 0 373349505
211 224 13.694 13.694 0 373349505
211 225 12.394 12.394 0 373349505
211 226 11.95 11.95 0 373349505
211 227 12.072 12.072 0 373349505
211 228 8.242 8.242 0 373349505
211 229 24.906 24.906 0 373349505
211 230 391.9 391.9 0 373349505
211 231 24.944 24.944 0 373349505
211 232 200.906 200.906 0 373349505
211 233 25.228 25.228 0 373349505
211 234 201.314 201.314 0 373349505
211 235 25.034 25.034 0 373349505
211 236 202.918 202.918 0 373349505
211 237 25.094 25.094 0 373349505
211 238 201.458 201.458 0 373349505
211 239 37.634 37.634 0 373349505
211 240 393.364 393.364 0 373349505
211 241 24.966 24.966 0 373349505
211 242 9.48 9.48 0 373349505
211 243 13.07 13.07 0 373349505
211 244 12.664 12.664 0 373349505
211 245 27.422 27.422 0 373349505
211 246 13.444 13.444 0 373349505
211 247 9.56 9.56 0 373349505
211 248 22.252 22.252 0 373349505
211 249 27.882 27.882 0 373349505
211 250 202.632 202.632 0 373349505
211 251 14.514 14.514 0 373349505
211 252 21.59 21.59 0 373349505
211 253 11.982 11.982 0 373349505
211 254 53.73 53.73 0 373349505
211 255 12.328 12.328 0 373349505
212 192 4.798 4.798 0 373349505
212 193 13.672 13.672 0 373349505
212 194 41.512 41.512 0 373349505
212 195 12.228 12.228 0 373349505
212 196 19.162 19.162 0 373349505
212 197 204.702 204.702 0 373349505
212 198 5.138 5.138 0 373349505
212 199 12.04 12.04 0 373349505
212 200 5.726 5.726 0 373349505
212 201 12.594 12.594 0 373349505
212 202 4.516 4.516 0 373349505
212 203 12.05 12.05 0 373349505
212 204 4.43 4.43 0 373349505
212 205 12.07 12.07 0 373349505
212 206 17.618 17.618 0 373349505
212 207 204.46 204.46 0 373349505
212 208 17.098 17.098 0 373349505
212 209 11.952 11.952 0 373349505
212 210 6.576 6.576 0 373349505
212 211 57.668 57.668 0 373349505
212 213 13.936 13.936 0 373349505
212 214 4.252 4.252 0 373349505
212 215 14.334 14.334 0 373349505
212 216 22.976 22.976 0 373349505
212 217 210.158 210.158 0 373349505
212 218 5.638 5.638 0 373349505
212 219 23.536 23.536 0 373349505
212 220 5.332 5.332 0 373349505
212 221 26.034 26.034 0 373349505
212 222 7.728 7.728 0 373349505
212 223 19.444 19.444 0 373349505
212 224 5.91 5.91 0 373349505
212 225 12.348 12.348 0 373349505
212 226 8.452 8.452 0 373349505
212 227 12.146 12.146 0 373349505
212 228 17.34 17.34 0 373349505
212 229 203.908 203.908 0 373349505
212 230 4.542 4.542 0 373349505
212 231 203.71 203.71 0 373349505
212 232 59.128 59.128 0 373349505
212 233 204.72 204.72 0 373349505
212 234 5.538 5.538 0 373349505
212 235 203.85 203.85 0 373349505
212 236 4.52 4.52 0 373349505
212 237 204.088 204.088 0 373349505
212 238 25.02 25.02 0 373349505
212 239 395.926 395.926 0 373349505
212 240 7.356 7.356 0 373349505
212 241 204.132 204.132 0 373349505
212 242 17.77 17.77 0 373349505
212 243 11.98 11.98 0 373349505
212 244 17.458 17.458 0 373349505
212 245 31.604 31.604 0 373349505
212 246 23.46 23.46 0 373349505
212 247 10.994 10.994 0 373349505
212 248 34.852 34.852 0 373349505
212 249 204.996 204.996 0 373349505
212 250 18.384 18.384 0 373349505
212 251 34.274 34.274 0 373349505
212 252 23.03 23.03 0 373349505
212 253 11.914 11.914 0 373349505
212 254 4.554 4.554 0 373349505
212 255 37.954 37.954 0 373349505
213 192 10.276 10.276 0 373349505
213 193 26.324 26.324 0 373349505
213 194 45.056 45.056 0 373349505
213 195 24.422 24.422 0 373349505
213 196 14.478 14.478 0 373349505
213 197 30.44 30.44 0 373349505
213 198 203.416 203.416 0 373349505
213 199 14.5 14.5 0 373349505
213 200 12.654 12.654 0 373349505
213 201 13.72 13.72 0 373349505
213 202 42.528 42.528 0 373349505
213 203 13.524 13.524 0 373349505
213 204 9.516 9.516 0 373349505
213 205 13.318 13.318 0 373349505
213 206 9.93 9.93 0 373349505
213 207 26.864 26.864 0 373349505
213 208 214.028 214.028 0 373349505
213 209 13.416 13.416 0 373349505
213 210 9.594 9.594 0 373349505
213 211 15.48 15.48 0 373349505
213 212 17.58 17.58 0 373349505
213 214 14.356 14.356 0 373349505
213 215 14.724 14.724 0 373349505
213 216 19.046 19.046 0 373349505
213 217 31.794 31.794 0 373349505
213 218 202.644 202.644 0 373349505
213 219 17.514 17.514 0 373349505
213 220 34.892 34.892 0 373349505
213 221 14.278 14.278 0 373349505
213 222 35.39 35.39 0 373349505
213 223 14.344 14.344 0 373349505
213 224 15.038 15.038 0 373349505
213 225 12.316 12.316 0 373349505
213 226 11.836 11.836 0 373349505
213 227 24.892 24.892 0 373349505
213 228 12.668 12.668 0 373349505
213 229 28.498 28.498 0 373349505
213 230 203.58 203.58 0 373349505
213 231 14.58 14.58 0 373349505
213 232 9.978 9.978 0 373349505
213 233 13.67 13.67 0 373349505
213 234 10.59 10.59 0 373349505
213 235 13.318 13.318 0 373349505
213 236 10.166 10.166 0 373349505
213 237 13.49 13.49 0 373349505
213 238 10.588 10.588 0 373349505
213 239 78.414 78.414 0 373349505
213 240 202.666 202.666 0 373349505
213 241 13.498 13.498 0 373349505
213 242 206.342 206.342 0 373349505
213 243 26.204 26.204 0 373349505
213 244 205.876 205.876 0 373349505
213 245 26.198 26.198 0 373349505
213 246 201.704 201.704 0 373349505
213 247 26.346 26.346 0 373349505
213 248 201.9 201.9 0 373349505
213 249 38.95 38.95 0 373349505
213 250 393.642 393.642 0 373349505
213 251 26.204 26.204 0 373349505
213 252 201.85 201.85 0 373349505
213 253 25.89 25.89 0 373349505
213 254 9.514 9.514 0 373349505
213 255 13.35 13.35 0 373349505
214 192 17.744 17.744 0 373349505
214 193 11.974 11.974 0 373349505
214 194 87.052 87.052 0 373349505
214 195 17.596 17.596 0 373349505
214 196 33.148 33.148 0 373349505
214 197 206.514 206.514 0 373349505
214 198 19.37 19.37 0 373349505
214 199 30.806 30.806 0 373349505
214 200 23.804 23.804 0 373349505
214 201 29.526 29.526 0 373349505
214 202 4.488 4.488 0 373349505
214 203 12.808 12.808 0 373349505
214 204 4.436 4.436 0 373349505
214 205 13.172 13.172 0 373349505
214 206 17.68 17.68 0 373349505
214 207 205.076 205.076 0 373349505
214 208 7.214 7.214 0 373349505
214 209 12.404 12.404 0 373349505
214 210 4.71 4.71 0 373349505
214 211 12.47 12.47 0 373349505
214 212 6.946 6.946 0 373349505
214 213 18.006 18.006 0 373349505
214 215 15.004 15.004 0 373349505
214 216 15.392 15.392 0 373349505
214 217 18.004 18.004 0 373349505
214 218 17.338 17.338 0 373349505
214 219 273.412 273.412 0 373349505
214 220 4.614 4.614 0 373349505
214 221 37.08 37.08 0 373349505
214 222 7.636 7.636 0 373349505
214 223 19.824 19.824 0 373349505
214 224 5.79 5.79 0 373349505
214 225 12.022 12.022 0 373349505
214 226 7.636 7.636 0 373349505
214 227 34.286 34.286 0 373349505
214 228 18.2 18.2 0 373349505
214 229 205.168 205.168 0 373349505
214 230 5.458 5.458 0 373349505
214 231 12.082 12.082 0 373349505
214 232 5.476 5.476 0 373349505
214 233 12.982 12.982 0 373349505
214 234 5.762 5.762 0 373349505
214 235 12.662 12.662 0 373349505
214 236 4.438 4.438 0 373349505
214 237 12.686 12.686 0 373349505
214 238 18.278 18.278 0 373349505
214 239 204.48 204.48 0 373349505
214 240 5.736 5.736 0 373349505
214 241 12.546 12.546 0 373349505
214 242 4.848 4.848 0 373349505
214 243 204.28 204.28 0 373349505
214 244 4.478 4.478 0 373349505
214 245 224.174 224.174 0 373349505
214 246 4.714 4.714 0 373349505
214 247 216.76 216.76 0 373349505
214 248 4.506 4.506 0 373349505
214 249 220.948 220.948 0 373349505
214 250 128.918 128.918 0 373349505
214 251 399.31 399.31 0 373349505
214 252 6.272 6.272 0 373349505
214 253 204.296 204.296 0 373349505
214 254 17.204 17.204 0 373349505
214 255 12.348 12.348 0 373349505
215 192 206.508 206.508 0 373349505
215 193 24.686 24.686 0 373349505
215 194 238.834 238.834 0 373349505
215 195 104.336 104.336 0 373349505
215 196 204.206 204.206 0 373349505
215 197 38.578 38.578 0 373349505
215 198 394.854 394.854 0 373349505
215 199 26.174 26.174 0 373349505
215 200 202.598 202.598 0 373349505
215 201 26.422 26.422 0 373349505
215 202 10.39 10.39 0 373349505
215 203 71.566 71.566 0 373349505
215 204 9.48 9.48 0 373349505
215 205 25.68 25.68 0 373349505
215 206 63.802 63.802 0 373349505
215 207 29.51 29.51 0 373349505
215 208 219.27 219.27 0 373349505
215 209 15.102 15.102 0 373349505
215 210 11.284 11.284 0 373349505
215 211 127.838 127.838 0 373349505
215 212 17.98 17.98 0 373349505
215 213 14.91 14.91 0 373349505
215 214 18.69 18.69 0 373349505
215 216 20.47 20.47 0 373349505
215 217 18.946 18.946 0 373349505
215 218 11.166 11.166 0 373349505
215 219 145.264 145.264 0 373349505
215 220 203.026 203.026 0 373349505
215 221 13.178 13.178 0 373349505
215 222 23.802 23.802 0 373349505
215 223 14.448 14.448 0 373349505
215 224 15.816 15.816 0 373349505
215 225 13.442 13.442 0 373349505
215 226 15.022 15.022 0 373349505
215 227 128.592 128.592 0 373349505
215 228 10.376 10.376 0 373349505
215 229 27.944 27.944 0 373349505
215 230 202.422 202.422 0 373349505
215 231 13.246 13.246 0 373349505
215 232 10.924 10.924 0 373349505
215 233 13.48 13.48 0 373349505
215 234 11.398 11.398 0 373349505
215 235 103.924 103.924 0 373349505
215 236 9.668 9.668 0 373349505
215 237 10.698 10.698 0 373349505
215 238 44.534 44.534 0 373349505
215 239 29.028 29.028 0 373349505
215 240 205.662 205.662 0 373349505
215 241 15.136 15.136 0 373349505
215 242 11.666 11.666 0 373349505
215 243 89.17 89.17 0 373349505
215 244 13.506 13.506 0 373349505
215 245 13.406 13.406 0 373349505
215 246 31.162 31.162 0 373349505
215 247 13.618 13.618 0 373349505
215 248 22.512 22.512 0 373349505
215 249 13.166 13.166 0 373349505
215 250 35.314 35.314 0 373349505
215 251 130.006 130.006 0 373349505
215 252 202.444 202.444 0 373349505
215 253 111.372 111.372 0 373349505
215 254 204.238 204.238 0 373349505
215 255 25.906 25.906 0 373349505
216 192 12.528 12.528 0 373349505
216 193 208.878 208.878 0 373349505
216 194 196.656 196.656 0 373349505
216 195 212.08 212.08 0 373349505
216 196 20.454 20.454 0 373349505
216 197 401.374 401.374 0 373349505
216 198 6.744 6.744 0 373349505
216 199 211.27 211.27 0 373349505
216 200 6.418 6.418 0 373349505
216 201 210.656 210.656 0 373349505
216 202 18.026 18.026 0 373349505
216 203 19.164 19.164 0 373349505
216 204 18.138 18.138 0 373349505
216 205 19.968 19.968 0 373349505
216 206 42.382 42.382 0 373349505
216 207 212.482 212.482 0 373349505
216 208 22 22 0 373349505
216 209 21.456 21.456 0 373349505
216 210 18.002 18.002 0 373349505
216 211 38.718 38.718 0 373349505
216 212 24.028 24.028 0 373349505
216 213 19.514 19.514 0 373349505
216 214 14.794 14.794 0 373349505
216 215 23.996 23.996 0 373349505
216 217 37.702 37.702 0 373349505
216 218 18.202 18.202 0 373349505
216 219 222.152 222.152 0 373349505
216 220 5.378 5.378 0 373349505
216 221 20.966 20.966 0 373349505
216 222 8.398 8.398 0 373349505
216 223 28.028 28.028 0 373349505
216 224 16.39 16.39 0 373349505
216 225 20.326 20.326 0 373349505
216 226 9.314 9.314 0 373349505
216 227 62.212 62.212 0 373349505
216 228 18.066 18.066 0 373349505
216 229 211.22 211.22 0 373349505
216 230 5.28 5.28 0 373349505
216 231 19.04 19.04 0 373349505
216 232 8.126 8.126 0 373349505
216 233 20.83 20.83 0 373349505
216 234 6.22 6.22 0 373349505
216 235 18.818 18.818 0 373349505
216 236 4.462 4.462 0 373349505
216 237 18.04 18.04 0 373349505
216 238 23.6 23.6 0 373349505
216 239 211.272 211.272 0 373349505
216 240 7.354 7.354 0 373349505
216 241 16.616 16.616 0 373349505
216 242 5.49 5.49 0 373349505
216 243 17.812 17.812 0 373349505
216 244 5.626 5.626 0 373349505
216 245 38.318 38.318 0 373349505
216 246 5.372 5.372 0 373349505
216 247 20.164 20.164 0 373349505
216 248 6.052 6.052 0 373349505
216 249 18.574 18.574 0 373349505
216 250 18.042 18.042 0 373349505
216 251 238.842 238.842 0 373349505
216 252 5.358 5.358 0 373349505
216 253 19.34 19.34 0 373349505
216 254 5.292 5.292 0 373349505
216 255 209.686 209.686 0 373349505
217 192 27.902 27.902 0 373349505
217 193 22.158 22.158 0 373349505
217 194 65.238 65.238 0 373349505
217 195 23.332 23.332 0 373349505
217 196 21.528 21.528 0 373349505
217 197 104.45 104.45 0 373349505
217 198 212 212 0 373349505
217 199 22.932 22.932 0 373349505
217 200 19.774 19.774 0 373349505
217 201 22.854 22.854 0 373349505
217 202 211.81 211.81 0 373349505
217 203 35.72 35.72 0 373349505
217 204 210.68 210.68 0 373349505
217 205 35.576 35.576 0 373349505
217 206 211.056 211.056 0 373349505
217 207 48.974 48.974 0 373349505
217 208 415.45 415.45 0 373349505
217 209 35.618 35.618 0 373349505
217 210 243.576 243.576 0 373349505
217 211 35.644 35.644 0 373349505
217 212 214.13 214.13 0 373349505
217 213 36.818 36.818 0 373349505
217 214 22.922 22.922 0 373349505
217 215 25.41 25.41 0 373349505
217 216 55.964 55.964 0 373349505
217 218 41.686 41.686 0 373349505
217 219 42.36 42.36 0 373349505
217 220 215.61 215.61 0 373349505
217 221 24.394 24.394 0 373349505
217 222 32.174 32.174 0 373349505
217 223 24.336 24.336 0 373349505
217 224 24.146 24.146 0 373349505
217 225 23.484 23.484 0 373349505
217 226 23.91 23.91 0 373349505
217 227 23.236 23.236 0 373349505
217 228 20.168 20.168 0 373349505
217 229 35.898 35.898 0 373349505
217 230 211.764 211.764 0 373349505
217 231 23.466 23.466 0 373349505
217 232 20.302 20.302 0 373349505
217 233 23.596 23.596 0 373349505
217 234 20.76 20.76 0 373349505
217 235 23.336 23.336 0 373349505
217 236 20.372 20.372 0 373349505
217 237 23.178 23.178 0 373349505
217 238 20.802 20.802 0 373349505
217 239 35.616 35.616 0 373349505
217 240 212.84 212.84 0 373349505
217 241 23.07 23.07 0 373349505
217 242 20.152 20.152 0 373349505
217 243 22.758 22.758 0 373349505
217 244 23.346 23.346 0 373349505
217 245 22.806 22.806 0 373349505
217 246 18.926 18.926 0 373349505
217 247 20.668 20.668 0 373349505
217 248 16.714 16.714 0 373349505
217 249 34.268 34.268 0 373349505
217 250 21.964 21.964 0 373349505
217 251 38.588 38.588 0 373349505
217 252 212.6 212.6 0 373349505
217 253 23.618 23.618 0 373349505
217 254 18.43 18.43 0 373349505
217 255 21.922 21.922 0 373349505
218 192 5.03 5.03 0 373349505
218 193 8.746 8.746 0 373349505
218 194 61.112 61.112 0 373349505
218 195 9.494 9.494 0 373349505
218 196 19.306 19.306 0 373349505
218 197 201.664 201.664 0 373349505
218 198 4.832 4.832 0 373349505
218 199 9.046 9.046 0 373349505
218 200 5.154 5.154 0 373349505
218 201 9.096 9.096 0 373349505
218 202 4.278 4.278 0 373349505
218 203 217.478 217.478 0 373349505
218 204 4.786 4.786 0 373349505
218 205 200.918 200.918 0 373349505
218 206 4.692 4.692 0 373349505
218 207 201.626 201.626 0 373349505
218 208 130.414 130.414 0 373349505
218 209 393.178 393.178 0 373349505
218 210 4.23 4.23 0 373349505
218 211 201.11 201.11 0 373349505
218 212 4.676 4.676 0 373349505
218 213 202.81 202.81 0 373349505
218 214 17.328 17.328 0 373349505
218 215 10.5 10.5 0 373349505
218 216 20.032 20.032 0 373349505
218 217 48.102 48.102 0 373349505
218 219 213.508 213.508 0 373349505
218 220 18.24 18.24 0 373349505
218 221 26.13 26.13 0 373349505
218 222 20.312 20.312 0 373349505
218 223 34.51 34.51 0 373349505
218 224 23.828 23.828 0 373349505
218 225 9.254 9.254 0 373349505
218 226 8.782 8.782 0 373349505
218 227 9.008 9.008 0 373349505
218 228 17.024 17.024 0 373349505
218 229 217.578 217.578 0 373349505
218 230 4.24 4.24 0 373349505
218 231 8.918 8.918 0 373349505
218 232 15.164 15.164 0 373349505
218 233 9.4 9.4 0 373349505
218 234 5.272 5.272 0 373349505
218 235 50.37 50.37 0 373349505
218 236 4.178 4.178 0 373349505
218 237 9.096 9.096 0 373349505
218 238 5.266 5.266 0 373349505
218 239 8.89 8.89 0 373349505
218 240 19.798 19.798 0 373349505
218 241 201.404 201.404 0 373349505
218 242 4.744 4.744 0 373349505
218 243 21.49 21.49 0 373349505
218 244 4.3 4.3 0 373349505
218 245 28.534 28.534 0 373349505
218 246 4.706 4.706 0 373349505
218 247 8.164 8.164 0 373349505
218 248 3.328 3.328 0 373349505
218 249 14.222 14.222 0 373349505
218 250 18.028 18.028 0 373349505
218 251 225.104 225.104 0 373349505
218 252 5.308 5.308 0 373349505
218 253 8.964 8.964 0 373349505
218 254 4.194 4.194 0 373349505
218 255 11.926 11.926 0 373349505
219 192 41.872 41.872 0 373349505
219 193 14.286 14.286 0 373349505
219 194 61.192 61.192 0 373349505
219 195 14.142 14.142 0 373349505
219 196 35.268 35.268 0 373349505
219 197 32.862 32.862 0 373349505
219 198 213.64 213.64 0 373349505
219 199 18.192 18.192 0 373349505
219 200 22.218 22.218 0 373349505
219 201 16.564 16.564 0 373349505
219 202 19.01 19.01 0 373349505
219 203 16.53 16.53 0 373349505
219 204 18.898 18.898 0 373349505
219 205 16.266 16.266 0 373349505
219 206 40.148 40.148 0 373349505
219 207 17.104 17.104 0 373349505
219 208 31.954 31.954 0 373349505
219 209 29.228 29.228 0 373349505
219 210 210.892 210.892 0 373349505
219 211 16.33 16.33 0 373349505
219 212 22.562 22.562 0 373349505
219 213 17.54 17.54 0 373349505
219 214 268.718 268.718 0 373349505
219 215 150.352 150.352 0 373349505
219 216 222.078 222.078 0 373349505
219 217 37.842 37.842 0 373349505
219 218 216.264 216.264 0 373349505
219 220 404.246 404.246 0 373349505
219 221 29.322 29.322 0 373349505
219 222 224.44 224.44 0 373349505
219 223 30.37 30.37 0 373349505
219 224 216.378 216.378 0 373349505
219 225 29.59 29.59 0 373349505
219 226 21.632 21.632 0 373349505
219 227 13.828 13.828 0 373349505
219 228 33.11 33.11 0 373349505
219 229 47.464 47.464 0 373349505
219 230 219.738 219.738 0 373349505
219 231 18.336 18.336 0 373349505
219 232 20.974 20.974 0 373349505
219 233 16.504 16.504 0 373349505
219 234 19.994 19.994 0 373349505
219 235 16.116 16.116 0 373349505
219 236 23.132 23.132 0 373349505
219 237 16.544 16.544 0 373349505
219 238 19.988 19.988 0 373349505
219 239 16.598 16.598 0 373349505
219 240 20.034 20.034 0 373349505
219 241 29.352 29.352 0 373349505
219 242 211.034 211.034 0 373349505
219 243 16.864 16.864 0 373349505
219 244 36.332 36.332 0 373349505
219 245 16.348 16.348 0 373349505
219 246 44.006 44.006 0 373349505
219 247 17.006 17.006 0 373349505
219 248 18.994 18.994 0 373349505
219 249 16.346 16.346 0 373349505
219 250 19.016 19.016 0 373349505
219 251 29.218 29.218 0 373349505
219 252 211.21 211.21 0 373349505
219 253 16.308 16.308 0 373349505
219 254 19.054 19.054 0 373349505
219 255 16.314 16.314 0 373349505
220 192 7.078 7.078 0 373349505
220 193 8.404 8.404 0 373349505
220 194 72.64 72.64 0 373349505
220 195 8.518 8.518 0 373349505
220 196 30.644 30.644 0 373349505
220 197 202.83 202.83 0 373349505
220 198 6.346 6.346 0 373349505
220 199 9.794 9.794 0 373349505
220 200 5.18 5.18 0 373349505
220 201 8.918 8.918 0 373349505
220 202 4.3 4.3 0 373349505
220 203 8.906 8.906 0 373349505
220 204 4.288 4.288 0 373349505
220 205 8.63 8.63 0 373349505
220 206 4.62 4.62 0 373349505
220 207 9.78 9.78 0 373349505
220 208 19.666 19.666 0 373349505
220 209 200.762 200.762 0 373349505
220 210 4.334 4.334 0 373349505
220 211 12.224 12.224 0 373349505
220 212 5.358 5.358 0 373349505
220 213 22.662 22.662 0 373349505
220 214 4.614 4.614 0 373349505
220 215 202.986 202.986 0 373349505
220 216 5.36 5.36 0 373349505
220 217 210.632 210.632 0 373349505
220 218 17.644 17.644 0 373349505
220 219 407.65 407.65 0 373349505
220 221 201.736 201.736 0 373349505
220 222 7.618 7.618 0 373349505
220 223 208.124 208.124 0 373349505
220 224 6.582 6.582 0 373349505
220 225 201.178 201.178 0 373349505
220 226 20.858 20.858 0 373349505
220 227 8.068 8.068 0 373349505
220 228 34.542 34.542 0 373349505
220 229 201.818 201.818 0 373349505
220 230 18.174 18.174 0 373349505
220 231 9.766 9.766 0 373349505
220 232 83.086 83.086 0 373349505
220 233 9.248 9.248 0 373349505
220 234 18.126 18.126 0 373349505
220 235 26.956 26.956 0 373349505
220 236 22.676 22.676 0 373349505
220 237 8.962 8.962 0 373349505
220 238 5.362 5.362 0 373349505
220 239 8.774 8.774 0 373349505
220 240 28.184 28.184 0 373349505
220 241 200.904 200.904 0 373349505
220 242 4.586 4.586 0 373349505
220 243 50.51 50.51 0 373349505
220 244 4.436 4.436 0 373349505
220 245 31.736 31.736 0 373349505
220 246 4.416 4.416 0 373349505
220 247 33.08 33.08 0 373349505
220 248 11.084 11.084 0 373349505
220 249 8.822 8.822 0 373349505
220 250 17.126 17.126 0 373349505
220 251 205.21 205.21 0 373349505
220 252 4.422 4.422 0 373349505
220 253 8.786 8.786 0 373349505
220 254 4.336 4.336 0 373349505
220 255 8.904 8.904 0 373349505
221 192 13.778 13.778 0 373349505
221 193 11.072 11.072 0 373349505
221 194 42.684 42.684 0 373349505
221 195 12.818 12.818 0 373349505
221 196 11.306 11.306 0 373349505
221 197 24.682 24.682 0 373349505
221 198 201.558 201.558 0 373349505
221 199 12.292 12.292 0 373349505
221 200 9.238 9.238 0 373349505
221 201 12.434 12.434 0 373349505
221 202 8.658 8.658 0 373349505
221 203 12.192 12.192 0 373349505
221 204 8.808 8.808 0 373349505
221 205 11.19 11.19 0 373349505
221 206 6.684 6.684 0 373349505
221 207 24.538 24.538 0 373349505
221 208 24.57 24.57 0 373349505
221 209 27.566 27.566 0 373349505
221 210 204.166 204.166 0 373349505
221 211 14.428 14.428 0 373349505
221 212 39.108 39.108 0 373349505
221 213 14.454 14.454 0 373349505
221 214 24.956 24.956 0 373349505
221 215 13.192 13.192 0 373349505
221 216 20.948 20.948 0 373349505
221 217 18.42 18.42 0 373349505
221 218 42.774 42.774 0 373349505
221 219 31.732 31.732 0 373349505
221 220 205.392 205.392 0 373349505
221 222 22.88 22.88 0 373349505
221 223 13.416 13.416 0 373349505
221 224 14.102 14.102 0 373349505
221 225 12.552 12.552 0 373349505
221 226 205.072 205.072 0 373349505
221 227 25.236 25.236 0 373349505
221 228 200.648 200.648 0 373349505
221 229 37.84 37.84 0 373349505
221 230 392.87 392.87 0 373349505
221 231 25.13 25.13 0 373349505
221 232 201.248 201.248 0 373349505
221 233 25.358 25.358 0 373349505
221 234 201.624 201.624 0 373349505
221 235 24.922 24.922 0 373349505
221 236 200.578 200.578 0 373349505
221 237 23.802 23.802 0 373349505
221 238 7.62 7.62 0 373349505
221 239 78.722 78.722 0 373349505
221 240 12.824 12.824 0 373349505
221 241 43.258 43.258 0 373349505
221 242 208.832 208.832 0 373349505
221 243 13.27 13.27 0 373349505
221 244 13.388 13.388 0 373349505
221 245 12.27 12.27 0 373349505
221 246 8.772 8.772 0 373349505
221 247 12.416 12.416 0 373349505
221 248 8.638 8.638 0 373349505
221 249 12.18 12.18 0 373349505
221 250 8.644 8.644 0 373349505
221 251 25.088 25.088 0 373349505
221 252 201.096 201.096 0 373349505
221 253 12.126 12.126 0 373349505
221 254 8.726 8.726 0 373349505
221 255 12.118 12.118 0 373349505
222 192 7.546 7.546 0 373349505
222 193 21.222 21.222 0 373349505
222 194 80.464 80.464 0 373349505
222 195 21.768 21.768 0 373349505
222 196 9.23 9.23 0 373349505
222 197 22.214 22.214 0 373349505
222 198 21.11 21.11 0 373349505
222 199 213.476 213.476 0 373349505
222 200 7.97 7.97 0 373349505
222 201 21.688 21.688 0 373349505
222 202 7.39 7.39 0 373349505
222 203 21.652 21.652 0 373349505
222 204 7.282 7.282 0 373349505
222 205 37.678 37.678 0 373349505
222 206 6.75 6.75 0 373349505
222 207 27.476 27.476 0 373349505
222 208 24.134 24.134 0 373349505
222 209 214.604 214.604 0 373349505
222 210 8.428 8.428 0 373349505
222 211 21.728 21.728 0 373349505
222 212 7.736 7.736 0 373349505
222 213 47.692 47.692 0 373349505
222 214 7.646 7.646 0 373349505
222 215 23.896 23.896 0 373349505
222 216 8.366 8.366 0 373349505
222 217 27.214 27.214 0 373349505
222 218 20.494 20.494 0 373349505
222 219 224.48 224.48 0 373349505
222 220 10.342 10.342 0 373349505
222 221 26.796 26.796 0 373349505
222 223 45.802 45.802 0 373349505
222 224 8.738 8.738 0 373349505
222 225 21.984 21.984 0 373349505
222 226 11.16 11.16 0 373349505
222 227 213.408 213.408 0 373349505
222 228 7.398 7.398 0 373349505
222 229 213.572 213.572 0 373349505
222 230 20.176 20.176 0 373349505
222 231 421.976 421.976 0 373349505
222 232 7.82 7.82 0 373349505
222 233 214.024 214.024 0 373349505
222 234 7.948 7.948 0 373349505
222 235 213.78 213.78 0 373349505
222 236 8.828 8.828 0 373349505
222 237 216.12 216.12 0 373349505
222 238 20.704 20.704 0 373349505
222 239 39.18 39.18 0 373349505
222 240 35.12 35.12 0 373349505
222 241 214.736 214.736 0 373349505
222 242 21.794 21.794 0 373349505
222 243 21.68 21.68 0 373349505
222 244 20.22 20.22 0 373349505
222 245 44.8 44.8 0 373349505
222 246 20.212 20.212 0 373349505
222 247 40.294 40.294 0 373349505
222 248 35.698 35.698 0 373349505
222 249 21.596 21.596 0 373349505
222 250 116.282 116.282 0 373349505
222 251 258.628 258.628 0 373349505
222 252 7.386 7.386 0 373349505
222 253 21.526 21.526 0 373349505
222 254 7.296 7.296 0 373349505
222 255 21.552 21.552 0 373349505
223 192 17.996 17.996 0 373349505
223 193 12.76 12.76 0 373349505
223 194 39.628 39.628 0 373349505
223 195 13.436 13.436 0 373349505
223 196 37.258 37.258 0 373349505
223 197 13.358 13.358 0 373349505
223 198 16.272 16.272 0 373349505
223 199 26.28 26.28 0 373349505
223 200 207.718 207.718 0 373349505
223 201 13.384 13.384 0 373349505
223 202 15.734 15.734 0 373349505
223 203 13.62 13.62 0 373349505
223 204 15.626 15.626 0 373349505
223 205 13.25 13.25 0 373349505
223 206 16.16 16.16 0 373349505
223 207 13.888 13.888 0 373349505
223 208 28.708 28.708 0 373349505
223 209 26.108 26.108 0 373349505
223 210 211.052 211.052 0 373349505
223 211 13.318 13.318 0 373349505
223 212 19.41 19.41 0 373349505
223 213 14.478 14.478 0 373349505
223 214 19.866 19.866 0 373349505
223 215 14.354 14.354 0 373349505
223 216 26.68 26.68 0 373349505
223 217 16.792 16.792 0 373349505
223 218 30.394 30.394 0 373349505
223 219 33.45 33.45 0 373349505
223 220 212.552 212.552 0 373349505
223 221 15.866 15.866 0 373349505
223 222 66.908 66.908 0 373349505
223 224 20.766 20.766 0 373349505
223 225 13.746 13.746 0 373349505
223 226 20.618 20.618 0 373349505
223 227 13.354 13.354 0 373349505
223 228 15.724 15.724 0 373349505
223 229 13.348 13.348 0 373349505
223 230 15.88 15.88 0 373349505
223 231 26.084 26.084 0 373349505
223 232 208.306 208.306 0 373349505
223 233 13.838 13.838 0 373349505
223 234 16.72 16.72 0 373349505
223 235 13.248 13.248 0 373349505
223 236 15.74 15.74 0 373349505
223 237 14.236 14.236 0 373349505
223 238 208.56 208.56 0 373349505
223 239 26.958 26.958 0 373349505
223 240 220.872 220.872 0 373349505
223 241 39.034 39.034 0 373349505
223 242 424.756 424.756 0 373349505
223 243 26.664 26.664 0 373349505
223 244 210.726 210.726 0 373349505
223 245 26.128 26.128 0 373349505
223 246 207.832 207.832 0 373349505
223 247 24.95 24.95 0 373349505
223 248 228.048 228.048 0 373349505
223 249 23.854 23.854 0 373349505
223 250 29.894 29.894 0 373349505
223 251 29.126 29.126 0 373349505
223 252 211.152 211.152 0 373349505
223 253 127.004 127.004 0 373349505
223 254 23.47 23.47 0 373349505
223 255 13.416 13.416 0 373349505
224 192 28.538 28.538 0 373349505
224 193 13.446 13.446 0 373349505
224 194 167.842 167.842 0 373349505
224 195 75.818 75.818 0 373349505
224 196 26.704 26.704 0 373349505
224 197 14.484 14.484 0 373349505
224 198 19.104 19.104 0 373349505
224 199 206.8 206.8 0 373349505
224 200 6.654 6.654 0 373349505
224 201 13.794 13.794 0 373349505
224 202 5.768 5.768 0 373349505
224 203 13.708 13.708 0 373349505
224 204 5.768 5.768 0 373349505
224 205 13.538 13.538 0 373349505
224 206 6.13 6.13 0 373349505
224 207 14.28 14.28 0 373349505
224 208 29.258 29.258 0 373349505
224 209 218.474 218.474 0 373349505
224 210 7.522 7.522 0 373349505
224 211 13.61 13.61 0 373349505
224 212 6.016 6.016 0 373349505
224 213 15.002 15.002 0 373349505
224 214 5.918 5.918 0 373349505
224 215 15.686 15.686 0 373349505
224 216 12.63 12.63 0 373349505
224 217 18.094 18.094 0 373349505
224 218 22.988 22.988 0 373349505
224 219 217.328 217.328 0 373349505
224 220 9.872 9.872 0 373349505
224 221 14.98 14.98 0 373349505
224 222 9.546 9.546 0 373349505
224 223 24.436 24.436 0 373349505
224 225 14.248 14.248 0 373349505
224 226 11.628 11.628 0 373349505
224 227 13.568 13.568 0 373349505
224 228 5.688 5.688 0 373349505
224 229 13.572 13.572 0 373349505
224 230 18.532 18.532 0 373349505
224 231 204.992 204.992 0 373349505
224 232 7.218 7.218 0 373349505
224 233 13.422 13.422 0 373349505
224 234 6.61 6.61 0 373349505
224 235 12.992 12.992 0 373349505
224 236 5.55 5.55 0 373349505
224 237 13.164 13.164 0 373349505
224 238 6.96 6.96 0 373349505
224 239 204.798 204.798 0 373349505
224 240 19.472 19.472 0 373349505
224 241 397.11 397.11 0 373349505
224 242 5.872 5.872 0 373349505
224 243 229.424 229.424 0 373349505
224 244 7.554 7.554 0 373349505
224 245 225.964 225.964 0 373349505
224 246 5.718 5.718 0 373349505
224 247 204.578 204.578 0 373349505
224 248 5.546 5.546 0 373349505
224 249 204.268 204.268 0 373349505
224 250 35.774 35.774 0 373349505
224 251 209.228 209.228 0 373349505
224 252 19.416 19.416 0 373349505
224 253 14.112 14.112 0 373349505
224 254 18.336 18.336 0 373349505
224 255 13.22 13.22 0 373349505
225 192 204.868 204.868 0 373349505
225 193 24.346 24.346 0 373349505
225 194 234.224 234.224 0 373349505
225 195 23.742 23.742 0 373349505
225 196 200.992 200.992 0 373349505
225 197 94.87 94.87 0 373349505
225 198 11.73 11.73 0 373349505
225 199 28.456 28.456 0 373349505
225 200 205.292 205.292 0 373349505
225 201 28.214 28.214 0 373349505
225 202 14.702 14.702 0 373349505
225 203 12.918 12.918 0 373349505
225 204 8.626 8.626 0 373349505
225 205 12.656 12.656 0 373349505
225 206 9.592 9.592 0 373349505
225 207 13.438 13.438 0 373349505
225 208 20.164 20.164 0 373349505
225 209 26.106 26.106 0 373349505
225 210 245.65 245.65 0 373349505
225 211 12.664 12.664 0 373349505
225 212 12.636 12.636 0 373349505
225 213 13.96 13.96 0 373349505
225 214 12.974 12.974 0 373349505
225 215 13.704 13.704 0 373349505
225 216 20.608 20.608 0 373349505
225 217 18.796 18.796 0 373349505
225 218 9.526 9.526 0 373349505
225 219 29.944 29.944 0 373349505
225 220 201.482 201.482 0 373349505
225 221 12.81 12.81 0 373349505
225 222 22.542 22.542 0 373349505
225 223 14.232 14.232 0 373349505
225 224 18.02 18.02 0 373349505
225 226 13.86 13.86 0 373349505
225 227 11.092 11.092 0 373349505
225 228 6.632 6.632 0 373349505
225 229 24.342 24.342 0 373349505
225 230 11.752 11.752 0 373349505
225 231 28.904 28.904 0 373349505
225 232 205.89 205.89 0 373349505
225 233 14.574 14.574 0 373349505
225 234 9.728 9.728 0 373349505
225 235 12.68 12.68 0 373349505
225 236 9.064 9.064 0 373349505
225 237 12.888 12.888 0 373349505
225 238 35.004 35.004 0 373349505
225 239 13.064 13.064 0 373349505
225 240 10.242 10.242 0 373349505
225 241 25.734 25.734 0 373349505
225 242 201.598 201.598 0 373349505
225 243 12.74 12.74 0 373349505
225 244 13.588 13.588 0 373349505
225 245 12.768 12.768 0 373349505
225 246 9.27 9.27 0 373349505
225 247 12.78 12.78 0 373349505
225 248 9.288 9.288 0 373349505
225 249 12.716 12.716 0 373349505
225 250 200.972 200.972 0 373349505
225 251 38.576 38.576 0 373349505
225 252 393.436 393.436 0 373349505
225 253 25.436 25.436 0 373349505
225 254 201.126 201.126 0 373349505
225 255 25.724 25.724 0 373349505
226 192 7.272 7.272 0 373349505
226 193 204.674 204.674 0 373349505
226 194 30.644 30.644 0 373349505
226 195 204.01 204.01 0 373349505
226 196 10.836 10.836 0 373349505
226 197 210.514 210.514 0 373349505
226 198 34.244 34.244 0 373349505
226 199 205.932 205.932 0 373349505
226 200 23.726 23.726 0 373349505
226 201 14.058 14.058 0 373349505
226 202 23.438 23.438 0 373349505
226 203 14.104 14.104 0 373349505
226 204 24.386 24.386 0 373349505
226 205 14.918 14.918 0 373349505
226 206 24.536 24.536 0 373349505
226 207 33.816 33.816 0 373349505
226 208 113.29 113.29 0 373349505
226 209 205.308 205.308 0 373349505
226 210 11.374 11.374 0 373349505
226 211 14.43 14.43 0 373349505
226 212 11.15 11.15 0 373349505
226 213 17.678 17.678 0 373349505
226 214 11.436 11.436 0 373349505
226 215 18.208 18.208 0 373349505
226 216 12.11 12.11 0 373349505
226 217 22.224 22.224 0 373349505
226 218 11.894 11.894 0 373349505
226 219 25.81 25.81 0 373349505
226 220 24.548 24.548 0 373349505
226 221 208.246 208.246 0 373349505
226 222 13.676 13.676 0 373349505
226 223 24.438 24.438 0 373349505
226 224 18.194 18.194 0 373349505
226 225 20.256 20.256 0 373349505
226 227 15.548 15.548 0 373349505
226 228 21.544 21.544 0 373349505
226 229 22.044 22.044 0 373349505
226 230 26.404 26.404 0 373349505
226 231 251.742 251.742 0 373349505
226 232 12.998 12.998 0 373349505
226 233 33.344 33.344 0 373349505
226 234 14.532 14.532 0 373349505
226 235 17.654 17.654 0 373349505
226 236 12.068 12.068 0 373349505
226 237 30.744 30.744 0 373349505
226 238 14.59 14.59 0 373349505
226 239 40.32 40.32 0 373349505
226 240 25.138 25.138 0 373349505
226 241 208.076 208.076 0 373349505
226 242 13.014 13.014 0 373349505
226 243 16.27 16.27 0 373349505
226 244 12.598 12.598 0 373349505
226 245 37.8 37.8 0 373349505
226 246 10.182 10.182 0 373349505
226 247 14.262 14.262 0 373349505
226 248 10.798 10.798 0 373349505
226 249 14.272 14.272 0 373349505
226 250 9.312 9.312 0 373349505
226 251 210.176 210.176 0 373349505
226 252 23.782 23.782 0 373349505
226 253 397.042 397.042 0 373349505
226 254 10.728 10.728 0 373349505
226 255 206.58 206.58 0 373349505
227 192 8.258 8.258 0 373349505
227 193 11.164 11.164 0 373349505
227 194 58.144 58.144 0 373349505
227 195 12.346 12.346 0 373349505
227 196 10.62 10.62 0 373349505
227 197 11.896 11.896 0 373349505
227 198 200.702 200.702 0 373349505
227 199 38.078 38.078 0 373349505
227 200 391.914 391.914 0 373349505
227 201 25.022 25.022 0 373349505
227 202 200.178 200.178 0 373349505
227 203 25.098 25.098 0 373349505
227 204 224.848 224.848 0 373349505
227 205 25.224 25.224 0 373349505
227 206 203.706 203.706 0 373349505
227 207 23.29 23.29 0 373349505
227 208 247.712 247.712 0 373349505
227 209 40.902 40.902 0 373349505
227 210 202.56 202.56 0 373349505
227 211 13.978 13.978 0 373349505
227 212 13.04 13.04 0 373349505
227 213 28.544 28.544 0 373349505
227 214 51.706 51.706 0 373349505
227 215 133.06 133.06 0 373349505
227 216 42.262 42.262 0 373349505
227 217 18.28 18.28 0 373349505
227 218 9.002 9.002 0 373349505
227 219 16.334 16.334 0 373349505
227 220 8.96 8.96 0 373349505
227 221 25.132 25.132 0 373349505
227 222 213.39 213.39 0 373349505
227 223 13.526 13.526 0 373349505
227 224 13.562 13.562 0 373349505
227 225 15.47 15.47 0 373349505
227 226 16.638 16.638 0 373349505
227 228 8.786 8.786 0 373349505
227 229 12.266 12.266 0 373349505
227 230 8.16 8.16 0 373349505
227 231 25.072 25.072 0 373349505
227 232 201.06 201.06 0 373349505
227 233 12.714 12.714 0 373349505
227 234 9.29 9.29 0 373349505
227 235 12.294 12.294 0 373349505
227 236 8.062 8.062 0 373349505
227 237 11.556 11.556 0 373349505
227 238 20.94 20.94 0 373349505
227 239 9.664 9.664 0 373349505
227 240 23.264 23.264 0 373349505
227 241 28.032 28.032 0 373349505
227 242 203.492 203.492 0 373349505
227 243 13.538 13.538 0 373349505
227 244 14.004 14.004 0 373349505
227 245 12.188 12.188 0 373349505
227 246 8.196 8.196 0 373349505
227 247 12.206 12.206 0 373349505
227 248 8.346 8.346 0 373349505
227 249 12.234 12.234 0 373349505
227 250 8.172 8.172 0 373349505
227 251 12.178 12.178 0 373349505
227 252 8.376 8.376 0 373349505
227 253 24.848 24.848 0 373349505
227 254 199.87 199.87 0 373349505
227 255 12.19 12.19 0 373349505
228 192 4.262 4.262 0 373349505
228 193 7.81 7.81 0 373349505
228 194 25.1 25.1 0 373349505
228 195 8.12 8.12 0 373349505
228 196 6.228 6.228 0 373349505
228 197 8.668 8.668 0 373349505
228 198 18.318 18.318 0 373349505
228 199 392.216 392.216 0 373349505
228 200 4.256 4.256 0 373349505
228 201 200.138 200.138 0 373349505
228 202 4.148 4.148 0 373349505
228 203 200.242 200.242 0 373349505
228 204 5.11 5.11 0 373349505
228 205 224.39 224.39 0 373349505
228 206 4.508 4.508 0 373349505
228 207 228.854 228.854 0 373349505
228 208 23.848 23.848 0 373349505
228 209 393.372 393.372 0 373349505
228 210 17.868 17.868 0 373349505
228 211 9.26 9.26 0 373349505
228 212 17.352 17.352 0 373349505
228 213 9.672 9.672 0 373349505
228 214 17.204 17.204 0 373349505
228 215 10.372 10.372 0 373349505
228 216 18.058 18.058 0 373349505
228 217 15.41 15.41 0 373349505
228 218 17.02 17.02 0 373349505
228 219 37.386 37.386 0 373349505
228 220 35.512 35.512 0 373349505
228 221 200.62 200.62 0 373349505
228 222 7.376 7.376 0 373349505
228 223 15.908 15.908 0 373349505
228 224 5.494 5.494 0 373349505
228 225 8.436 8.436 0 373349505
228 226 18.678 18.678 0 373349505
228 227 12.272 12.272 0 373349505
228 229 8.59 8.59 0 373349505
228 230 17.012 17.012 0 373349505
228 231 200.07 200.07 0 373349505
228 232 73.226 73.226 0 373349505
228 233 8.58 8.58 0 373349505
228 234 5.496 5.496 0 373349505
228 235 8.08 8.08 0 373349505
228 236 15.648 15.648 0 373349505
228 237 8.424 8.424 0 373349505
228 238 6.054 6.054 0 373349505
228 239 48.664 48.664 0 373349505
228 240 22.616 22.616 0 373349505
228 241 201.19 201.19 0 373349505
228 242 5.482 5.482 0 373349505
228 243 9.136 9.136 0 373349505
228 244 5.206 5.206 0 373349505
228 245 27.946 27.946 0 373349505
228 246 4.294 4.294 0 373349505
228 247 8.142 8.142 0 373349505
228 248 4.262 4.262 0 373349505
228 249 8.154 8.154 0 373349505
228 250 10.73 10.73 0 373349505
228 251 11.634 11.634 0 373349505
228 252 17.01 17.01 0 373349505
228 253 203.716 203.716 0 373349505
228 254 4.062 4.062 0 373349505
228 255 8.062 8.062 0 373349505
229 192 8.29 8.29 0 373349505
229 193 11.604 11.604 0 373349505
229 194 30.142 30.142 0 373349505
229 195 12.21 12.21 0 373349505
229 196 12.322 12.322 0 373349505
229 197 11.88 11.88 0 373349505
229 198 7.94 7.94 0 373349505
229 199 24.976 24.976 0 373349505
229 200 199.844 199.844 0 373349505
229 201 12.206 12.206 0 373349505
229 202 8.152 8.152 0 373349505
229 203 12.474 12.474 0 373349505
229 204 8.178 8.178 0 373349505
229 205 12.14 12.14 0 373349505
229 206 8.52 8.52 0 373349505
229 207 13.404 13.404 0 373349505
229 208 31.212 31.212 0 373349505
229 209 24.958 24.958 0 373349505
229 210 391.892 391.892 0 373349505
229 211 24.904 24.904 0 373349505
229 212 203.88 203.88 0 373349505
229 213 26.14 26.14 0 373349505
229 214 204.17 204.17 0 373349505
229 215 27.93 27.93 0 373349505
229 216 211.218 211.218 0 373349505
229 217 28.954 28.954 0 373349505
229 218 231.748 231.748 0 373349505
229 219 40.82 40.82 0 373349505
229 220 203.808 203.808 0 373349505
229 221 40.718 40.718 0 373349505
229 222 215.806 215.806 0 373349505
229 223 14.154 14.154 0 373349505
229 224 13.614 13.614 0 373349505
229 225 27.742 27.742 0 373349505
229 226 19.988 19.988 0 373349505
229 227 14.614 14.614 0 373349505
229 228 12.446 12.446 0 373349505
229 230 8.762 8.762 0 373349505
229 231 24.956 24.956 0 373349505
229 232 201.032 201.032 0 373349505
229 233 12.66 12.66 0 373349505
229 234 33.884 33.884 0 373349505
229 235 12.428 12.428 0 373349505
229 236 8.098 8.098 0 373349505
229 237 12.29 12.29 0 373349505
229 238 9.214 9.214 0 373349505
229 239 62.34 62.34 0 373349505
229 240 9.486 9.486 0 373349505
229 241 25.054 25.054 0 373349505
229 242 200.452 200.452 0 373349505
229 243 12.364 12.364 0 373349505
229 244 14.44 14.44 0 373349505
229 245 12.196 12.196 0 373349505
229 246 8.196 8.196 0 373349505
229 247 11.874 11.874 0 373349505
229 248 7.81 7.81 0 373349505
229 249 11.15 11.15 0 373349505
229 250 5.78 5.78 0 373349505
229 251 23.802 23.802 0 373349505
229 252 11.366 11.366 0 373349505
229 253 27.914 27.914 0 373349505
229 254 201.918 201.918 0 373349505
229 255 13.066 13.066 0 373349505
230 192 4.318 4.318 0 373349505
230 193 8.098 8.098 0 373349505
230 194 58.564 58.564 0 373349505
230 195 8.424 8.424 0 373349505
230 196 6.37 6.37 0 373349505
230 197 9.054 9.054 0 373349505
230 198 17.732 17.732 0 373349505
230 199 200.42 200.42 0 373349505
230 200 5.382 5.382 0 373349505
230 201 8.186 8.186 0 373349505
230 202 4.16 4.16 0 373349505
230 203 8.314 8.314 0 373349505
230 204 4.11 4.11 0 373349505
230 205 8.118 8.118 0 373349505
230 206 4.576 4.576 0 373349505
230 207 9.012 9.012 0 373349505
230 208 6.358 6.358 0 373349505
230 209 8.208 8.208 0 373349505
230 210 16.89 16.89 0 373349505
230 211 391.922 391.922 0 373349505
230 212 4.548 4.548 0 373349505
230 213 201.604 201.604 0 373349505
230 214 4.466 4.466 0 373349505
230 215 202.424 202.424 0 373349505
230 216 5.23 5.23 0 373349505
230 217 206.068 206.068 0 373349505
230 218 3.258 3.258 0 373349505
230 219 216.25 216.25 0 373349505
230 220 18.21 18.21 0 373349505
230 221 394.052 394.052 0 373349505
230 222 21.164 21.164 0 373349505
230 223 16.156 16.156 0 373349505
230 224 18.366 18.366 0 373349505
230 225 8.504 8.504 0 373349505
230 226 21.95 21.95 0 373349505
230 227 10.45 10.45 0 373349505
230 228 17.602 17.602 0 373349505
230 229 12.234 12.234 0 373349505
230 231 219.148 219.148 0 373349505
230 232 23.448 23.448 0 373349505
230 233 21.022 21.022 0 373349505
230 234 5.228 5.228 0 373349505
230 235 32.826 32.826 0 373349505
230 236 4.098 4.098 0 373349505
230 237 8.988 8.988 0 373349505
230 238 5.208 5.208 0 373349505
230 239 8.134 8.134 0 373349505
230 240 5.246 5.246 0 373349505
230 241 8.262 8.262 0 373349505
230 242 17.254 17.254 0 373349505
230 243 200 200 0 373349505
230 244 15.958 15.958 0 373349505
230 245 27.144 27.144 0 373349505
230 246 4.224 4.224 0 373349505
230 247 49.77 49.77 0 373349505
230 248 4.202 4.202 0 373349505
230 249 7.718 7.718 0 373349505
230 250 46.706 46.706 0 373349505
230 251 16.688 16.688 0 373349505
230 252 18.05 18.05 0 373349505
230 253 202.918 202.918 0 373349505
230 254 5.126 5.126 0 373349505
230 255 8.168 8.168 0 373349505
231 192 8.13 8.13 0 373349505
231 193 10.938 10.938 0 373349505
231 194 36.034 36.034 0 373349505
231 195 10.464 10.464 0 373349505
231 196 10.268 10.268 0 373349505
231 197 10.686 10.686 0 373349505
231 198 22.976 22.976 0 373349505
231 199 28.412 28.412 0 373349505
231 200 226.66 226.66 0 373349505
231 201 14.484 14.484 0 373349505
231 202 8.622 8.622 0 373349505
231 203 12.246 12.246 0 373349505
231 204 10.52 10.52 0 373349505
231 205 12.312 12.312 0 373349505
231 206 8.488 8.488 0 373349505
231 207 12.932 12.932 0 373349505
231 208 20.154 20.154 0 373349505
231 209 12.252 12.252 0 373349505
231 210 8.078 8.078 0 373349505
231 211 24.92 24.92 0 373349505
231 212 203.718 203.718 0 373349505
231 213 13.528 13.528 0 373349505
231 214 12.084 12.084 0 373349505
231 215 13.282 13.282 0 373349505
231 216 19.054 19.054 0 373349505
231 217 18.356 18.356 0 373349505
231 218 8.906 8.906 0 373349505
231 219 16.554 16.554 0 373349505
231 220 8.778 8.778 0 373349505
231 221 25.064 25.064 0 373349505
231 222 438.2 438.2 0 373349505
231 223 26.146 26.146 0 373349505
231 224 204.912 204.912 0 373349505
231 225 25.95 25.95 0 373349505
231 226 226.212 226.212 0 373349505
231 227 23.956 23.956 0 373349505
231 228 200.054 200.054 0 373349505
231 229 25.09 25.09 0 373349505
231 230 218.55 218.55 0 373349505
231 232 396.444 396.444 0 373349505
231 233 27.366 27.366 0 373349505
231 234 22.352 22.352 0 373349505
231 235 12.158 12.158 0 373349505
231 236 8.022 8.022 0 373349505
231 237 27.514 27.514 0 373349505
231 238 15.606 15.606 0 373349505
231 239 12.044 12.044 0 373349505
231 240 9.184 9.184 0 373349505
231 241 12.212 12.212 0 373349505
231 242 8.45 8.45 0 373349505
231 243 24.89 24.89 0 373349505
231 244 206.192 206.192 0 373349505
231 245 12.152 12.152 0 373349505
231 246 8.304 8.304 0 373349505
231 247 12.132 12.132 0 373349505
231 248 8.192 8.192 0 373349505
231 249 13.342 13.342 0 373349505
231 250 31.536 31.536 0 373349505
231 251 12.48 12.48 0 373349505
231 252 11.64 11.64 0 373349505
231 253 123.574 123.574 0 373349505
231 254 200.012 200.012 0 373349505
231 255 12.006 12.006 0 373349505
232 192 4.552 4.552 0 373349505
232 193 8.036 8.036 0 373349505
232 194 111.092 111.092 0 373349505
232 195 10.266 10.266 0 373349505
232 196 56.312 56.312 0 373349505
232 197 8.516 8.516 0 373349505
232 198 22.804 22.804 0 373349505
232 199 201.704 201.704 0 373349505
232 200 5.832 5.832 0 373349505
232 201 34.402 34.402 0 373349505
232 202 5.1 5.1 0 373349505
232 203 21.356 21.356 0 373349505
232 204 52.59 52.59 0 373349505
232 205 8.61 8.61 0 373349505
232 206 5.062 5.062 0 373349505
232 207 9.614 9.614 0 373349505
232 208 7.722 7.722 0 373349505
232 209 8.718 8.718 0 373349505
232 210 25.244 25.244 0 373349505
232 211 201.136 201.136 0 373349505
232 212 54.942 54.942 0 373349505
232 213 10.096 10.096 0 373349505
232 214 5.734 5.734 0 373349505
232 215 11.134 11.134 0 373349505
232 216 7.586 7.586 0 373349505
232 217 15.484 15.484 0 373349505
232 218 12.146 12.146 0 373349505
232 219 19.916 19.916 0 373349505
232 220 78.136 78.136 0 373349505
232 221 201.404 201.404 0 373349505
232 222 8.058 8.058 0 373349505
232 223 208.62 208.62 0 373349505
232 224 8.066 8.066 0 373349505
232 225 205.264 205.264 0 373349505
232 226 10.184 10.184 0 373349505
232 227 200.768 200.768 0 373349505
232 228 69.486 69.486 0 373349505
232 229 200.48 200.48 0 373349505
232 230 25.89 25.89 0 373349505
232 231 398.328 398.328 0 373349505
232 233 203.174 203.174 0 373349505
232 234 19.25 19.25 0 373349505
232 235 25.694 25.694 0 373349505
232 236 99.29 99.29 0 373349505
232 237 10.128 10.128 0 373349505
232 238 19.174 19.174 0 373349505
232 239 9.632 9.632 0 373349505
232 240 19.308 19.308 0 373349505
232 241 9.538 9.538 0 373349505
232 242 31.29 31.29 0 373349505
232 243 220.076 220.076 0 373349505
232 244 85.58 85.58 0 373349505
232 245 29.664 29.664 0 373349505
232 246 5.416 5.416 0 373349505
232 247 9.542 9.542 0 373349505
232 248 5.318 5.318 0 373349505
232 249 9.572 9.572 0 373349505
232 250 6.138 6.138 0 373349505
232 251 12.502 12.502 0 373349505
232 252 93.076 93.076 0 373349505
232 253 201.332 201.332 0 373349505
232 254 5.23 5.23 0 373349505
232 255 50.936 50.936 0 373349505
233 192 8.668 8.668 0 373349505
233 193 11.386 11.386 0 373349505
233 194 27.99 27.99 0 373349505
233 195 12.744 12.744 0 373349505
233 196 12.764 12.764 0 373349505
233 197 70.39 70.39 0 373349505
233 198 8.8 8.8 0 373349505
233 199 25.538 25.538 0 373349505
233 200 200.43 200.43 0 373349505
233 201 12.728 12.728 0 373349505
233 202 8.604 8.604 0 373349505
233 203 13.212 13.212 0 373349505
233 204 20.614 20.614 0 373349505
233 205 12.474 12.474 0 373349505
233 206 8.88 8.88 0 373349505
233 207 12.39 12.39 0 373349505
233 208 17.706 17.706 0 373349505
233 209 24.198 24.198 0 373349505
233 210 11.62 11.62 0 373349505
233 211 28.216 28.216 0 373349505
233 212 206.648 206.648 0 373349505
233 213 14.712 14.712 0 373349505
233 214 13.05 13.05 0 373349505
233 215 13.554 13.554 0 373349505
233 216 21.868 21.868 0 373349505
233 217 18.764 18.764 0 373349505
233 218 9.524 9.524 0 373349505
233 219 16.606 16.606 0 373349505
233 220 9.402 9.402 0 373349505
233 221 25.444 25.444 0 373349505
233 222 214.116 214.116 0 373349505
233 223 13.98 13.98 0 373349505
233 224 13.39 13.39 0 373349505
233 225 13.684 13.684 0 373349505
233 226 46.77 46.77 0 373349505
233 227 12.758 12.758 0 373349505
233 228 8.71 8.71 0 373349505
233 229 12.744 12.744 0 373349505
233 230 33.308 33.308 0 373349505
233 231 28.974 28.974 0 373349505
233 232 206.202 206.202 0 373349505
233 234 202.256 202.256 0 373349505
233 235 25.614 25.614 0 373349505
233 236 200.62 200.62 0 373349505
233 237 25.686 25.686 0 373349505
233 238 201.428 201.428 0 373349505
233 239 24.278 24.278 0 373349505
233 240 199.212 199.212 0 373349505
233 241 37.18 37.18 0 373349505
233 242 203.948 203.948 0 373349505
233 243 41.184 41.184 0 373349505
233 244 397.538 397.538 0 373349505
233 245 26.47 26.47 0 373349505
233 246 8.818 8.818 0 373349505
233 247 14.694 14.694 0 373349505
233 248 13.178 13.178 0 373349505
233 249 27.812 27.812 0 373349505
233 250 15.09 15.09 0 373349505
233 251 12.716 12.716 0 373349505
233 252 8.862 8.862 0 373349505
233 253 25.456 25.456 0 373349505
233 254 200.774 200.774 0 373349505
233 255 13.1 13.1 0 373349505
234 192 23.584 23.584 0 373349505
234 193 8.718 8.718 0 373349505
234 194 38.674 38.674 0 373349505
234 195 9.308 9.308 0 373349505
234 196 16.212 16.212 0 373349505
234 197 9.786 9.786 0 373349505
234 198 5.678 5.678 0 373349505
234 199 49.686 49.686 0 373349505
234 200 18.634 18.634 0 373349505
234 201 201.144 201.144 0 373349505
234 202 5.194 5.194 0 373349505
234 203 9.32 9.32 0 373349505
234 204 5.052 5.052 0 373349505
234 205 9.138 9.138 0 373349505
234 206 5.658 5.658 0 373349505
234 207 9.358 9.358 0 373349505
234 208 49.032 49.032 0 373349505
234 209 14.41 14.41 0 373349505
234 210 18.882 18.882 0 373349505
234 211 202.314 202.314 0 373349505
234 212 6.538 6.538 0 373349505
234 213 10.6 10.6 0 373349505
234 214 5.762 5.762 0 373349505
234 215 11.386 11.386 0 373349505
234 216 6.192 6.192 0 373349505
234 217 15.8 15.8 0 373349505
234 218 5.27 5.27 0 373349505
234 219 20.024 20.024 0 373349505
234 220 18.122 18.122 0 373349505
234 221 201.616 201.616 0 373349505
234 222 7.948 7.948 0 373349505
234 223 16.728 16.728 0 373349505
234 224 6.504 6.504 0 373349505
234 225 9.46 9.46 0 373349505
234 226 10.676 10.676 0 373349505
234 227 9.36 9.36 0 373349505
234 228 5.36 5.36 0 373349505
234 229 21.632 21.632 0 373349505
234 230 5.268 5.268 0 373349505
234 231 33.888 33.888 0 373349505
234 232 21.79 21.79 0 373349505
234 233 205.616 205.616 0 373349505
234 235 201.46 201.46 0 373349505
234 236 5.132 5.132 0 373349505
234 237 202.018 202.018 0 373349505
234 238 6.048 6.048 0 373349505
234 239 200.58 200.58 0 373349505
234 240 7.162 7.162 0 373349505
234 241 206.684 206.684 0 373349505
234 242 19.184 19.184 0 373349505
234 243 394.23 394.23 0 373349505
234 244 6.396 6.396 0 373349505
234 245 221.392 221.392 0 373349505
234 246 18.26 18.26 0 373349505
234 247 9.154 9.154 0 373349505
234 248 18.496 18.496 0 373349505
234 249 9.17 9.17 0 373349505
234 250 17.896 17.896 0 373349505
234 251 12.374 12.374 0 373349505
234 252 30.818 30.818 0 373349505
234 253 201.114 201.114 0 373349505
234 254 17.866 17.866 0 373349505
234 255 27.486 27.486 0 373349505
235 192 201.034 201.034 0 373349505
235 193 24.356 24.356 0 373349505
235 194 44.218 44.218 0 373349505
235 195 12.176 12.176 0 373349505
235 196 37.042 37.042 0 373349505
235 197 27.586 27.586 0 373349505
235 198 14.912 14.912 0 373349505
235 199 12.252 12.252 0 373349505
235 200 8.726 8.726 0 373349505
235 201 24.98 24.98 0 373349505
235 202 199.936 199.936 0 373349505
235 203 12.46 12.46 0 373349505
235 204 8.034 8.034 0 373349505
235 205 12.094 12.094 0 373349505
235 206 8.472 8.472 0 373349505
235 207 12.908 12.908 0 373349505
235 208 21.032 21.032 0 373349505
235 209 12.146 12.146 0 373349505
235 210 28.858 28.858 0 373349505
235 211 24.958 24.958 0 373349505
235 212 203.816 203.816 0 373349505
235 213 13.322 13.322 0 373349505
235 214 12.598 12.598 0 373349505
235 215 108.992 108.992 0 373349505
235 216 18.798 18.798 0 373349505
235 217 17.084 17.084 0 373349505
235 218 29.326 29.326 0 373349505
235 219 13.648 13.648 0 373349505
235 220 22.792 22.792 0 373349505
235 221 27.896 27.896 0 373349505
235 222 216.104 216.104 0 373349505
235 223 14.902 14.902 0 373349505
235 224 13.816 13.816 0 373349505
235 225 12.438 12.438 0 373349505
235 226 13.706 13.706 0 373349505
235 227 12.19 12.19 0 373349505
235 228 8.092 8.092 0 373349505
235 229 12.566 12.566 0 373349505
235 230 20.45 20.45 0 373349505
235 231 12.244 12.244 0 373349505
235 232 44.262 44.262 0 373349505
235 233 25.914 25.914 0 373349505
235 234 204.856 204.856 0 373349505
235 236 9.064 9.064 0 373349505
235 237 12.396 12.396 0 373349505
235 238 9.13 9.13 0 373349505
235 239 12.4 12.4 0 373349505
235 240 9.174 9.174 0 373349505
235 241 12.246 12.246 0 373349505
235 242 8.386 8.386 0 373349505
235 243 24.974 24.974 0 373349505
235 244 202.504 202.504 0 373349505
235 245 12.322 12.322 0 373349505
235 246 200.002 200.002 0 373349505
235 247 24.746 24.746 0 373349505
235 248 199.998 199.998 0 373349505
235 249 25.042 25.042 0 373349505
235 250 199.076 199.076 0 373349505
235 251 22.652 22.652 0 373349505
235 252 214.3 214.3 0 373349505
235 253 40.574 40.574 0 373349505
235 254 393.958 393.958 0 373349505
235 255 26.798 26.798 0 373349505
236 192 4.19 4.19 0 373349505
236 193 200.334 200.334 0 373349505
236 194 83.21 83.21 0 373349505
236 195 8.698 8.698 0 373349505
236 196 18.594 18.594 0 373349505
236 197 33.32 33.32 0 373349505
236 198 17.216 17.216 0 373349505
236 199 8.904 8.904 0 373349505
236 200 31.304 31.304 0 373349505
236 201 200.7 200.7 0 373349505
236 202 17.024 17.024 0 373349505
236 203 26.812 26.812 0 373349505
236 204 32.086 32.086 0 373349505
236 205 8.458 8.458 0 373349505
236 206 4.586 4.586 0 373349505
236 207 47.91 47.91 0 373349505
236 208 7.06 7.06 0 373349505
236 209 12.014 12.014 0 373349505
236 210 16.876 16.876 0 373349505
236 211 203.72 203.72 0 373349505
236 212 4.522 4.522 0 373349505
236 213 9.954 9.954 0 373349505
236 214 4.412 4.412 0 373349505
236 215 10.81 10.81 0 373349505
236 216 5.126 5.126 0 373349505
236 217 14.578 14.578 0 373349505
236 218 4.06 4.06 0 373349505
236 219 21.04 21.04 0 373349505
236 220 21.688 21.688 0 373349505
236 221 201.548 201.548 0 373349505
236 222 9.122 9.122 0 373349505
236 223 16.684 16.684 0 373349505
236 224 5.408 5.408 0 373349505
236 225 9.006 9.006 0 373349505
236 226 8.966 8.966 0 373349505
236 227 8.074 8.074 0 373349505
236 228 11.724 11.724 0 373349505
236 229 8.084 8.084 0 373349505
236 230 4.094 4.094 0 373349505
236 231 8.03 8.03 0 373349505
236 232 104.186 104.186 0 373349505
236 233 201.206 201.206 0 373349505
236 234 7.704 7.704 0 373349505
236 235 12.712 12.712 0 373349505
236 237 26.078 26.078 0 373349505
236 238 5.146 5.146 0 373349505
236 239 8.066 8.066 0 373349505
236 240 5.154 5.154 0 373349505
236 241 8.17 8.17 0 373349505
236 242 17.204 17.204 0 373349505
236 243 200.09 200.09 0 373349505
236 244 4.14 4.14 0 373349505
236 245 28.3 28.3 0 373349505
236 246 4.15 4.15 0 373349505
236 247 203.086 203.086 0 373349505
236 248 5.78 5.78 0 373349505
236 249 200.246 200.246 0 373349505
236 250 3.456 3.456 0 373349505
236 251 202.186 202.186 0 373349505
236 252 28.182 28.182 0 373349505
236 253 392.996 392.996 0 373349505
236 254 5.198 5.198 0 373349505
236 255 213.504 213.504 0 373349505
237 192 24.416 24.416 0 373349505
237 193 11.21 11.21 0 373349505
237 194 231.166 231.166 0 373349505
237 195 23.858 23.858 0 373349505
237 196 202.2 202.2 0 373349505
237 197 24.696 24.696 0 373349505
237 198 198.768 198.768 0 373349505
237 199 36.854 36.854 0 373349505
237 200 203.24 203.24 0 373349505
237 201 40.972 40.972 0 373349505
237 202 393.882 393.882 0 373349505
237 203 25.866 25.866 0 373349505
237 204 202.64 202.64 0 373349505
237 205 25.13 25.13 0 373349505
237 206 8.792 8.792 0 373349505
237 207 13.31 13.31 0 373349505
237 208 21.092 21.092 0 373349505
237 209 27.51 27.51 0 373349505
237 210 14.74 14.74 0 373349505
237 211 25.208 25.208 0 373349505
237 212 204.074 204.074 0 373349505
237 213 13.508 13.508 0 373349505
237 214 12.692 12.692 0 373349505
237 215 13.276 13.276 0 373349505
237 216 19.006 19.006 0 373349505
237 217 18.218 18.218 0 373349505
237 218 9.102 9.102 0 373349505
237 219 16.554 16.554 0 373349505
237 220 8.986 8.986 0 373349505
237 221 25.626 25.626 0 373349505
237 222 215.832 215.832 0 373349505
237 223 14 14 0 373349505
237 224 13.034 13.034 0 373349505
237 225 12.628 12.628 0 373349505
237 226 38.998 38.998 0 373349505
237 227 12.64 12.64 0 373349505
237 228 8.604 8.604 0 373349505
237 229 11.08 11.08 0 373349505
237 230 6.226 6.226 0 373349505
237 231 23.886 23.886 0 373349505
237 232 11.814 11.814 0 373349505
237 233 28.676 28.676 0 373349505
237 234 203.736 203.736 0 373349505
237 235 16.316 16.316 0 373349505
237 236 45.662 45.662 0 373349505
237 238 10.436 10.436 0 373349505
237 239 69.73 69.73 0 373349505
237 240 9.82 9.82 0 373349505
237 241 12.414 12.414 0 373349505
237 242 9.056 9.056 0 373349505
237 243 25.116 25.116 0 373349505
237 244 203.344 203.344 0 373349505
237 245 12.32 12.32 0 373349505
237 246 12.112 12.112 0 373349505
237 247 12.334 12.334 0 373349505
237 248 8.828 8.828 0 373349505
237 249 12.36 12.36 0 373349505
237 250 8.758 8.758 0 373349505
237 251 12.354 12.354 0 373349505
237 252 8.948 8.948 0 373349505
237 253 25.002 25.002 0 373349505
237 254 200.62 200.62 0 373349505
237 255 12.686 12.686 0 373349505
238 192 7.224 7.224 0 373349505
238 193 21.612 21.612 0 373349505
238 194 50.01 50.01 0 373349505
238 195 200.636 200.636 0 373349505
238 196 6.966 6.966 0 373349505
238 197 201.722 201.722 0 373349505
238 198 5.204 5.204 0 373349505
238 199 206.706 206.706 0 373349505
238 200 19.422 19.422 0 373349505
238 201 394.238 394.238 0 373349505
238 202 6.192 6.192 0 373349505
238 203 201.3 201.3 0 373349505
238 204 5.104 5.104 0 373349505
238 205 201.112 201.112 0 373349505
238 206 18.248 18.248 0 373349505
238 207 10.102 10.102 0 373349505
238 208 20.86 20.86 0 373349505
238 209 9.19 9.19 0 373349505
238 210 30.756 30.756 0 373349505
238 211 201.576 201.576 0 373349505
238 212 28.284 28.284 0 373349505
238 213 10.606 10.606 0 373349505
238 214 18.274 18.274 0 373349505
238 215 67.854 67.854 0 373349505
238 216 24.54 24.54 0 373349505
238 217 15.852 15.852 0 373349505
238 218 5.264 5.264 0 373349505
238 219 20.018 20.018 0 373349505
238 220 5.362 5.362 0 373349505
238 221 9.686 9.686 0 373349505
238 222 21.568 21.568 0 373349505
238 223 208.506 208.506 0 373349505
238 224 6.91 6.91 0 373349505
238 225 22.536 22.536 0 373349505
238 226 10.7 10.7 0 373349505
238 227 33.464 33.464 0 373349505
238 228 6.804 6.804 0 373349505
238 229 8.654 8.654 0 373349505
238 230 4.228 4.228 0 373349505
238 231 14.538 14.538 0 373349505
238 232 19.774 19.774 0 373349505
238 233 202.632 202.632 0 373349505
238 234 6.182 6.182 0 373349505
238 235 9.146 9.146 0 373349505
238 236 8.198 8.198 0 373349505
238 237 14.04 14.04 0 373349505
238 239 9.694 9.694 0 373349505
238 240 6.312 6.312 0 373349505
238 241 9.332 9.332 0 373349505
238 242 18.356 18.356 0 373349505
238 243 201.212 201.212 0 373349505
238 244 5.31 5.31 0 373349505
238 245 29.436 29.436 0 373349505
238 246 5.232 5.232 0 373349505
238 247 13.024 13.024 0 373349505
238 248 5.348 5.348 0 373349505
238 249 9.206 9.206 0 373349505
238 250 61.488 61.488 0 373349505
238 251 12 12 0 373349505
238 252 5.254 5.254 0 373349505
238 253 9.128 9.128 0 373349505
238 254 17.976 17.976 0 373349505
238 255 200.99 200.99 0 373349505
239 192 200.068 200.068 0 373349505
239 193 11.482 11.482 0 373349505
239 194 72.738 72.738 0 373349505
239 195 12.186 12.186 0 373349505
239 196 9.814 9.814 0 373349505
239 197 58.952 58.952 0 373349505
239 198 8.132 8.132 0 373349505
239 199 12.424 12.424 0 373349505
239 200 7.858 7.858 0 373349505
239 201 25.076 25.076 0 373349505
239 202 200.136 200.136 0 373349505
239 203 12.214 12.214 0 373349505
239 204 8.02 8.02 0 373349505
239 205 58.598 58.598 0 373349505
239 206 200.352 200.352 0 373349505
239 207 24.91 24.91 0 373349505
239 208 213.936 213.936 0 373349505
239 209 22.572 22.572 0 373349505
239 210 214.096 214.096 0 373349505
239 211 40.596 40.596 0 373349505
239 212 398.86 398.86 0 373349505
239 213 75.97 75.97 0 373349505
239 214 205.434 205.434 0 373349505
239 215 25.984 25.984 0 373349505
239 216 211.254 211.254 0 373349505
239 217 30.688 30.688 0 373349505
239 218 8.88 8.88 0 373349505
239 219 16.602 16.602 0 373349505
239 220 8.75 8.75 0 373349505
239 221 77.71 77.71 0 373349505
239 222 52.822 52.822 0 373349505
239 223 26.628 26.628 0 373349505
239 224 204.666 204.666 0 373349505
239 225 12.934 12.934 0 373349505
239 226 24.946 24.946 0 373349505
239 227 12.126 12.126 0 373349505
239 228 28.836 28.836 0 373349505
239 229 58.248 58.248 0 373349505
239 230 8.122 8.122 0 373349505
239 231 12.052 12.052 0 373349505
239 232 9.148 9.148 0 373349505
239 233 25.38 25.38 0 373349505
239 234 201.18 201.18 0 373349505
239 235 12.428 12.428 0 373349505
239 236 8.036 8.036 0 373349505
239 237 67.49 67.49 0 373349505
239 238 13.396 13.396 0 373349505
239 240 8.416 8.416 0 373349505
239 241 9.774 9.774 0 373349505
239 242 22.39 22.39 0 373349505
239 243 27.892 27.892 0 373349505
239 244 206.096 206.096 0 373349505
239 245 62.3 62.3 0 373349505
239 246 9.232 9.232 0 373349505
239 247 12.13 12.13 0 373349505
239 248 11.63 11.63 0 373349505
239 249 12.168 12.168 0 373349505
239 250 8.132 8.132 0 373349505
239 251 12.572 12.572 0 373349505
239 252 29.078 29.078 0 373349505
239 253 179.566 179.566 0 373349505
239 254 8.016 8.016 0 373349505
239 255 24.808 24.808 0 373349505
240 192 15.592 15.592 0 373349505
240 193 8.804 8.804 0 373349505
240 194 118.88 118.88 0 373349505
240 195 9.634 9.634 0 373349505
240 196 8.186 8.186 0 373349505
240 197 10.274 10.274 0 373349505
240 198 5.896 5.896 0 373349505
240 199 9.544 9.544 0 373349505
240 200 18.52 18.52 0 373349505
240 201 201.532 201.532 0 373349505
240 202 5.304 5.304 0 373349505
240 203 9.38 9.38 0 373349505
240 204 5.146 5.146 0 373349505
240 205 9.184 9.184 0 373349505
240 206 6.624 6.624 0 373349505
240 207 201.59 201.59 0 373349505
240 208 7.668 7.668 0 373349505
240 209 200.294 200.294 0 373349505
240 210 22.59 22.59 0 373349505
240 211 394.358 394.358 0 373349505
240 212 7.67 7.67 0 373349505
240 213 203.67 203.67 0 373349505
240 214 5.726 5.726 0 373349505
240 215 203.436 203.436 0 373349505
240 216 6.316 6.316 0 373349505
240 217 207.868 207.868 0 373349505
240 218 19.124 19.124 0 373349505
240 219 20.074 20.074 0 373349505
240 220 24.92 24.92 0 373349505
240 221 9.782 9.782 0 373349505
240 222 34.096 34.096 0 373349505
240 223 233.012 233.012 0 373349505
240 224 19.336 19.336 0 373349505
240 225 10.202 10.202 0 373349505
240 226 22.236 22.236 0 373349505
240 227 27.396 27.396 0 373349505
240 228 23.576 23.576 0 373349505
240 229 9.454 9.454 0 373349505
240 230 5.236 5.236 0 373349505
240 231 9.186 9.186 0 373349505
240 232 18.896 18.896 0 373349505
240 233 201.66 201.66 0 373349505
240 234 7.36 7.36 0 373349505
240 235 9.172 9.172 0 373349505
240 236 5.156 5.156 0 373349505
240 237 12.708 12.708 0 373349505
240 238 6.748 6.748 0 373349505
240 239 13.276 13.276 0 373349505
240 241 9.168 9.168 0 373349505
240 242 23.012 23.012 0 373349505
240 243 202.334 202.334 0 373349505
240 244 6.506 6.506 0 373349505
240 245 30.644 30.644 0 373349505
240 246 6.31 6.31 0 373349505
240 247 9.25 9.25 0 373349505
240 248 5.438 5.438 0 373349505
240 249 9.214 9.214 0 373349505
240 250 5.21 5.21 0 373349505
240 251 12.248 12.248 0 373349505
240 252 15.614 15.614 0 373349505
240 253 26.026 26.026 0 373349505
240 254 17.986 17.986 0 373349505
240 255 242.004 242.004 0 373349505
241 192 201.406 201.406 0 373349505
241 193 13.086 13.086 0 373349505
241 194 40.754 40.754 0 373349505
241 195 12.906 12.906 0 373349505
241 196 14.726 14.726 0 373349505
241 197 50.442 50.442 0 373349505
241 198 41.368 41.368 0 373349505
241 199 12.626 12.626 0 373349505
241 200 10.538 10.538 0 373349505
241 201 25.462 25.462 0 373349505
241 202 200.304 200.304 0 373349505
241 203 12.4 12.4 0 373349505
241 204 8.148 8.148 0 373349505
241 205 12.256 12.256 0 373349505
241 206 8.808 8.808 0 373349505
241 207 13.578 13.578 0 373349505
241 208 21.758 21.758 0 373349505
241 209 12.288 12.288 0 373349505
241 210 8.184 8.184 0 373349505
241 211 24.962 24.962 0 373349505
241 212 204.058 204.058 0 373349505
241 213 13.492 13.492 0 373349505
241 214 12.544 12.544 0 373349505
241 215 13.222 13.222 0 373349505
241 216 16.59 16.59 0 373349505
241 217 18.048 18.048 0 373349505
241 218 201.054 201.054 0 373349505
241 219 28.108 28.108 0 373349505
241 220 198.35 198.35 0 373349505
241 221 36.716 36.716 0 373349505
241 222 216.59 216.59 0 373349505
241 223 41.938 41.938 0 373349505
241 224 398.874 398.874 0 373349505
241 225 26.438 26.438 0 373349505
241 226 204.858 204.858 0 373349505
241 227 25.066 25.066 0 373349505
241 228 200.2 200.2 0 373349505
241 229 25.052 25.052 0 373349505
241 230 8.256 8.256 0 373349505
241 231 12.212 12.212 0 373349505
241 232 9.144 9.144 0 373349505
241 233 40.736 40.736 0 373349505
241 234 207.844 207.844 0 373349505
241 235 12.232 12.232 0 373349505
241 236 8.156 8.156 0 373349505
241 237 12.418 12.418 0 373349505
241 238 9.886 9.886 0 373349505
241 239 14.946 14.946 0 373349505
241 240 13.546 13.546 0 373349505
241 242 9.178 9.178 0 373349505
241 243 25.384 25.384 0 373349505
241 244 204.098 204.098 0 373349505
241 245 12.32 12.32 0 373349505
241 246 8.362 8.362 0 373349505
241 247 11.932 11.932 0 373349505
241 248 8.3 8.3 0 373349505
241 249 12.39 12.39 0 373349505
241 250 8.308 8.308 0 373349505
241 251 11.066 11.066 0 373349505
241 252 30.96 30.96 0 373349505
241 253 24.148 24.148 0 373349505
241 254 11.166 11.166 0 373349505
241 255 27.38 27.38 0 373349505
242 192 4.674 4.674 0 373349505
242 193 8.286 8.286 0 373349505
242 194 72.22 72.22 0 373349505
242 195 200.594 200.594 0 373349505
242 196 16.636 16.636 0 373349505
242 197 9.162 9.162 0 373349505
242 198 5.33 5.33 0 373349505
242 199 50.856 50.856 0 373349505
242 200 18.398 18.398 0 373349505
242 201 201.116 201.116 0 373349505
242 202 4.416 4.416 0 373349505
242 203 8.532 8.532 0 373349505
242 204 4.334 4.334 0 373349505
242 205 8.334 8.334 0 373349505
242 206 5.006 5.006 0 373349505
242 207 9.424 9.424 0 373349505
242 208 77.848 77.848 0 373349505
242 209 8.448 8.448 0 373349505
242 210 4.382 4.382 0 373349505
242 211 9.27 9.27 0 373349505
242 212 17.73 17.73 0 373349505
242 213 205.046 205.046 0 373349505
242 214 4.788 4.788 0 373349505
242 215 10.674 10.674 0 373349505
242 216 5.46 5.46 0 373349505
242 217 15.224 15.224 0 373349505
242 218 4.744 4.744 0 373349505
242 219 210.44 210.44 0 373349505
242 220 3.594 3.594 0 373349505
242 221 206.13 206.13 0 373349505
242 222 21.68 21.68 0 373349505
242 223 413.488 413.488 0 373349505
242 224 6.706 6.706 0 373349505
242 225 201.502 201.502 0 373349505
242 226 9.468 9.468 0 373349505
242 227 200.504 200.504 0 373349505
242 228 4.444 4.444 0 373349505
242 229 200.452 200.452 0 373349505
242 230 17.248 17.248 0 373349505
242 231 8.438 8.438 0 373349505
242 232 30.88 30.88 0 373349505
242 233 200.876 200.876 0 373349505
242 234 18.182 18.182 0 373349505
242 235 8.378 8.378 0 373349505
242 236 17.18 17.18 0 373349505
242 237 9.254 9.254 0 373349505
242 238 18.492 18.492 0 373349505
242 239 26.544 26.544 0 373349505
242 240 27.028 27.028 0 373349505
242 241 12.576 12.576 0 373349505
242 243 9.012 9.012 0 373349505
242 244 17.312 17.312 0 373349505
242 245 221.138 221.138 0 373349505
242 246 4.53 4.53 0 373349505
242 247 8.352 8.352 0 373349505
242 248 6.162 6.162 0 373349505
242 249 8.538 8.538 0 373349505
242 250 4.404 4.404 0 373349505
242 251 11.092 11.092 0 373349505
242 252 3.498 3.498 0 373349505
242 253 37.884 37.884 0 373349505
242 254 18.15 18.15 0 373349505
242 255 201.374 201.374 0 373349505
243 192 200.15 200.15 0 373349505
243 193 11.092 11.092 0 373349505
243 194 48.036 48.036 0 373349505
243 195 25.368 25.368 0 373349505
243 196 201.828 201.828 0 373349505
243 197 12.2 12.2 0 373349505
243 198 8.162 8.162 0 373349505
243 199 10.122 10.122 0 373349505
243 200 22.402 22.402 0 373349505
243 201 28.324 28.324 0 373349505
243 202 236.07 236.07 0 373349505
243 203 14.1 14.1 0 373349505
243 204 9.082 9.082 0 373349505
243 205 12.142 12.142 0 373349505
243 206 8.664 8.664 0 373349505
243 207 13.106 13.106 0 373349505
243 208 23.2 23.2 0 373349505
243 209 12.3 12.3 0 373349505
243 210 8.168 8.168 0 373349505
243 211 12.75 12.75 0 373349505
243 212 11.952 11.952 0 373349505
243 213 26.188 26.188 0 373349505
243 214 204.264 204.264 0 373349505
243 215 94.802 94.802 0 373349505
243 216 17.784 17.784 0 373349505
243 217 17.814 17.814 0 373349505
243 218 33.706 33.706 0 373349505
243 219 16.726 16.726 0 373349505
243 220 29.684 29.684 0 373349505
243 221 12.254 12.254 0 373349505
243 222 21.654 21.654 0 373349505
243 223 26.728 26.728 0 373349505
243 224 217.112 217.112 0 373349505
243 225 12.472 12.472 0 373349505
243 226 12.918 12.918 0 373349505
243 227 12.196 12.196 0 373349505
243 228 8.122 8.122 0 373349505
243 229 12.258 12.258 0 373349505
243 230 198.598 198.598 0 373349505
243 231 22.368 22.368 0 373349505
243 232 215.316 215.316 0 373349505
243 233 41.152 41.152 0 373349505
243 234 395.596 395.596 0 373349505
243 235 26.928 26.928 0 373349505
243 236 201.054 201.054 0 373349505
243 237 25.102 25.102 0 373349505
243 238 201.202 201.202 0 373349505
243 239 24.924 24.924 0 373349505
243 240 201.296 201.296 0 373349505
243 241 28.23 28.23 0 373349505
243 242 12.586 12.586 0 373349505
243 244 13.74 13.74 0 373349505
243 245 40.188 40.188 0 373349505
243 246 206.476 206.476 0 373349505
243 247 12.292 12.292 0 373349505
243 248 8.21 8.21 0 373349505
243 249 12.196 12.196 0 373349505
243 250 8.224 8.224 0 373349505
243 251 12.262 12.262 0 373349505
243 252 8.568 8.568 0 373349505
243 253 12.29 12.29 0 373349505
243 254 8.348 8.348 0 373349505
243 255 24.918 24.918 0 373349505
244 192 4.578 4.578 0 373349505
244 193 10.828 10.828 0 373349505
244 194 50.43 50.43 0 373349505
244 195 10.854 10.854 0 373349505
244 196 6.228 6.228 0 373349505
244 197 15.998 15.998 0 373349505
244 198 4.702 4.702 0 373349505
244 199 10.93 10.93 0 373349505
244 200 21.714 21.714 0 373349505
244 201 205.988 205.988 0 373349505
244 202 5.252 5.252 0 373349505
244 203 15.494 15.494 0 373349505
244 204 14.414 14.414 0 373349505
244 205 13.536 13.536 0 373349505
244 206 4.732 4.732 0 373349505
244 207 56.568 56.568 0 373349505
244 208 6.802 6.802 0 373349505
244 209 13.884 13.884 0 373349505
244 210 4.352 4.352 0 373349505
244 211 12.676 12.676 0 373349505
244 212 17.494 17.494 0 373349505
244 213 205.86 205.86 0 373349505
244 214 4.478 4.478 0 373349505
244 215 13.602 13.602 0 373349505
244 216 5.598 5.598 0 373349505
244 217 18.382 18.382 0 373349505
244 218 4.306 4.306 0 373349505
244 219 48.498 48.498 0 373349505
244 220 4.432 4.432 0 373349505
244 221 13.352 13.352 0 373349505
244 222 20.216 20.216 0 373349505
244 223 210.69 210.69 0 373349505
244 224 6.692 6.692 0 373349505
244 225 13.544 13.544 0 373349505
244 226 9.114 9.114 0 373349505
244 227 13.03 13.03 0 373349505
244 228 5.898 5.898 0 373349505
244 229 14.486 14.486 0 373349505
244 230 11.286 11.286 0 373349505
244 231 205.218 205.218 0 373349505
244 232 88.554 88.554 0 373349505
244 233 396.502 396.502 0 373349505
244 234 6.404 6.404 0 373349505
244 235 202.516 202.516 0 373349505
244 236 4.138 4.138 0 373349505
244 237 203.55 203.55 0 373349505
244 238 5.286 5.286 0 373349505
244 239 203.76 203.76 0 373349505
244 240 5.524 5.524 0 373349505
244 241 204.232 204.232 0 373349505
244 242 20.302 20.302 0 373349505
244 243 17.202 17.202 0 373349505
244 245 226.126 226.126 0 373349505
244 246 17.124 17.124 0 373349505
244 247 13.2 13.2 0 373349505
244 248 17.688 17.688 0 373349505
244 249 25.688 25.688 0 373349505
244 250 16.986 16.986 0 373349505
244 251 35.084 35.084 0 373349505
244 252 23.78 23.78 0 373349505
244 253 12.482 12.482 0 373349505
244 254 16.958 16.958 0 373349505
244 255 220.732 220.732 0 373349505
245 192 222.032 222.032 0 373349505
245 193 27.08 27.08 0 373349505
245 194 62.642 62.642 0 373349505
245 195 12.248 12.248 0 373349505
245 196 30.202 30.202 0 373349505
245 197 12.794 12.794 0 373349505
245 198 30.462 30.462 0 373349505
245 199 12.532 12.532 0 373349505
245 200 29.698 29.698 0 373349505
245 201 25.236 25.236 0 373349505
245 202 218.458 218.458 0 373349505
245 203 12.31 12.31 0 373349505
245 204 27.686 27.686 0 373349505
245 205 12.104 12.104 0 373349505
245 206 64.106 64.106 0 373349505
245 207 12.922 12.922 0 373349505
245 208 44.592 44.592 0 373349505
245 209 11.306 11.306 0 373349505
245 210 29.118 29.118 0 373349505
245 211 23.856 23.856 0 373349505
245 212 34.598 34.598 0 373349505
245 213 29.11 29.11 0 373349505
245 214 226.13 226.13 0 373349505
245 215 14.39 14.39 0 373349505
245 216 38.298 38.298 0 373349505
245 217 17.844 17.844 0 373349505
245 218 28.528 28.528 0 373349505
245 219 16.36 16.36 0 373349505
245 220 32.562 32.562 0 373349505
245 221 12.306 12.306 0 373349505
245 222 44.79 44.79 0 373349505
245 223 26.136 26.136 0 373349505
245 224 225.79 225.79 0 373349505
245 225 12.502 12.502 0 373349505
245 226 34.666 34.666 0 373349505
245 227 12.198 12.198 0 373349505
245 228 27.94 27.94 0 373349505
245 229 12.202 12.202 0 373349505
245 230 27.096 27.096 0 373349505
245 231 12.15 12.15 0 373349505
245 232 29.25 29.25 0 373349505
245 233 25.388 25.388 0 373349505
245 234 221.388 221.388 0 373349505
245 235 12.432 12.432 0 373349505
245 236 28.318 28.318 0 373349505
245 237 12.322 12.322 0 373349505
245 238 29.436 29.436 0 373349505
245 239 64.526 64.526 0 373349505
245 240 29.628 29.628 0 373349505
245 241 10.91 10.91 0 373349505
245 242 221.128 221.128 0 373349505
245 243 37.03 37.03 0 373349505
245 244 232.7 232.7 0 373349505
245 246 414.222 414.222 0 373349505
245 247 26.148 26.148 0 373349505
245 248 246.934 246.934 0 373349505
245 249 25.826 25.826 0 373349505
245 250 234.13 234.13 0 373349505
245 251 25.08 25.08 0 373349505
245 252 222.956 222.956 0 373349505
245 253 24.97 24.97 0 373349505
245 254 26.866 26.866 0 373349505
245 255 24.96 24.96 0 373349505
246 192 18.11 18.11 0 373349505
246 193 11.21 11.21 0 373349505
246 194 61.048 61.048 0 373349505
246 195 21.058 21.058 0 373349505
246 196 19.3 19.3 0 373349505
246 197 8.962 8.962 0 373349505
246 198 17.908 17.908 0 373349505
246 199 26.58 26.58 0 373349505
246 200 23.222 23.222 0 373349505
246 201 8.382 8.382 0 373349505
246 202 17.278 17.278 0 373349505
246 203 200.308 200.308 0 373349505
246 204 4.168 4.168 0 373349505
246 205 8.22 8.22 0 373349505
246 206 4.998 4.998 0 373349505
246 207 9.296 9.296 0 373349505
246 208 6.906 6.906 0 373349505
246 209 8.472 8.472 0 373349505
246 210 3.368 3.368 0 373349505
246 211 13.808 13.808 0 373349505
246 212 28.524 28.524 0 373349505
246 213 202.736 202.736 0 373349505
246 214 5.854 5.854 0 373349505
246 215 51.89 51.89 0 373349505
246 216 5.372 5.372 0 373349505
246 217 14.07 14.07 0 373349505
246 218 4.666 4.666 0 373349505
246 219 31.914 31.914 0 373349505
246 220 4.436 4.436 0 373349505
246 221 8.826 8.826 0 373349505
246 222 20.218 20.218 0 373349505
246 223 207.888 207.888 0 373349505
246 224 5.658 5.658 0 373349505
246 225 9.214 9.214 0 373349505
246 226 7.784 7.784 0 373349505
246 227 8.206 8.206 0 373349505
246 228 4.318 4.318 0 373349505
246 229 8.202 8.202 0 373349505
246 230 4.234 4.234 0 373349505
246 231 8.36 8.36 0 373349505
246 232 5.15 5.15 0 373349505
246 233 8.72 8.72 0 373349505
246 234 18.32 18.32 0 373349505
246 235 200.032 200.032 0 373349505
246 236 4.174 4.174 0 373349505
246 237 11.442 11.442 0 373349505
246 238 5.244 5.244 0 373349505
246 239 8.42 8.42 0 373349505
246 240 7.042 7.042 0 373349505
246 241 7.692 7.692 0 373349505
246 242 3.618 3.618 0 373349505
246 243 206.05 206.05 0 373349505
246 244 20.652 20.652 0 373349505
246 245 416.68 416.68 0 373349505
246 247 200.63 200.63 0 373349505
246 248 4.326 4.326 0 373349505
246 249 224.542 224.542 0 373349505
246 250 62.914 62.914 0 373349505
246 251 203.524 203.524 0 373349505
246 252 4.342 4.342 0 373349505
246 253 200.36 200.36 0 373349505
246 254 29.786 29.786 0 373349505
246 255 200.184 200.184 0 373349505
247 192 394.194 394.194 0 373349505
247 193 26.352 26.352 0 373349505
247 194 233.942 233.942 0 373349505
247 195 25.71 25.71 0 373349505
247 196 214.62 214.62 0 373349505
247 197 24.996 24.996 0 373349505
247 198 200.364 200.364 0 373349505
247 199 25.354 25.354 0 373349505
247 200 202.204 202.204 0 373349505
247 201 25.308 25.308 0 373349505
247 202 8.2 8.2 0 373349505
247 203 25.12 25.12 0 373349505
247 204 199.872 199.872 0 373349505
247 205 27.326 27.326 0 373349505
247 206 15.148 15.148 0 373349505
247 207 13.188 13.188 0 373349505
247 208 20.536 20.536 0 373349505
247 209 12.184 12.184 0 373349505
247 210 40.928 40.928 0 373349505
247 211 12.118 12.118 0 373349505
247 212 11.928 11.928 0 373349505
247 213 26.28 26.28 0 373349505
247 214 228.946 228.946 0 373349505
247 215 13.504 13.504 0 373349505
247 216 20.17 20.17 0 373349505
247 217 17.876 17.876 0 373349505
247 218 8.77 8.77 0 373349505
247 219 17.158 17.158 0 373349505
247 220 19.09 19.09 0 373349505
247 221 10.29 10.29 0 373349505
247 222 35.936 35.936 0 373349505
247 223 29.338 29.338 0 373349505
247 224 207.862 207.862 0 373349505
247 225 14.142 14.142 0 373349505
247 226 12.556 12.556 0 373349505
247 227 12.212 12.212 0 373349505
247 228 8.13 8.13 0 373349505
247 229 12.234 12.234 0 373349505
247 230 29.044 29.044 0 373349505
247 231 12.136 12.136 0 373349505
247 232 9.082 9.082 0 373349505
247 233 14.596 14.596 0 373349505
247 234 9.146 9.146 0 373349505
247 235 25.14 25.14 0 373349505
247 236 202.306 202.306 0 373349505
247 237 12.35 12.35 0 373349505
247 238 11.984 11.984 0 373349505
247 239 12.148 12.148 0 373349505
247 240 9.268 9.268 0 373349505
247 241 12.32 12.32 0 373349505
247 242 8.486 8.486 0 373349505
247 243 12.566 12.566 0 373349505
247 244 13.23 13.23 0 373349505
247 245 28.194 28.194 0 373349505
247 246 204.26 204.26 0 373349505
247 248 8.808 8.808 0 373349505
247 249 12.222 12.222 0 373349505
247 250 8.168 8.168 0 373349505
247 251 14.23 14.23 0 373349505
247 252 6.8 6.8 0 373349505
247 253 100.628 100.628 0 373349505
247 254 213.896 213.896 0 373349505
247 255 40.748 40.748 0 373349505
248 192 5.32 5.32 0 373349505
248 193 217.526 217.526 0 373349505
248 194 104.088 104.088 0 373349505
248 195 200.672 200.672 0 373349505
248 196 7.17 7.17 0 373349505
248 197 200.974 200.974 0 373349505
248 198 11.148 11.148 0 373349505
248 199 200.47 200.47 0 373349505
248 200 4.736 4.736 0 373349505
248 201 200.426 200.426 0 373349505
248 202 30.87 30.87 0 373349505
248 203 200.604 200.604 0 373349505
248 204 16.952 16.952 0 373349505
248 205 8.134 8.134 0 373349505
248 206 17.678 17.678 0 373349505
248 207 9.228 9.228 0 373349505
248 208 19.82 19.82 0 373349505
248 209 8.262 8.262 0 373349505
248 210 17.014 17.014 0 373349505
248 211 26.402 26.402 0 373349505
248 212 35.862 35.862 0 373349505
248 213 202.132 202.132 0 373349505
248 214 4.514 4.514 0 373349505
248 215 34.666 34.666 0 373349505
248 216 5.956 5.956 0 373349505
248 217 13.836 13.836 0 373349505
248 218 4.266 4.266 0 373349505
248 219 19.032 19.032 0 373349505
248 220 13.67 13.67 0 373349505
248 221 7.66 7.66 0 373349505
248 222 31.48 31.48 0 373349505
248 223 250.13 250.13 0 373349505
248 224 6.56 6.56 0 373349505
248 225 10.226 10.226 0 373349505
248 226 8.118 8.118 0 373349505
248 227 8.444 8.444 0 373349505
248 228 4.24 4.24 0 373349505
248 229 8.158 8.158 0 373349505
248 230 4.396 4.396 0 373349505
248 231 8.194 8.194 0 373349505
248 232 4.966 4.966 0 373349505
248 233 11.818 11.818 0 373349505
248 234 18.446 18.446 0 373349505
248 235 200.136 200.136 0 373349505
248 236 5.158 5.158 0 373349505
248 237 9.03 9.03 0 373349505
248 238 5.338 5.338 0 373349505
248 239 10.718 10.718 0 373349505
248 240 5.418 5.418 0 373349505
248 241 8.336 8.336 0 373349505
248 242 5.534 5.534 0 373349505
248 243 8.232 8.232 0 373349505
248 244 17.772 17.772 0 373349505
248 245 234.694 234.694 0 373349505
248 246 7.476 7.476 0 373349505
248 247 12.076 12.076 0 373349505
248 249 8.678 8.678 0 373349505
248 250 4.238 4.238 0 373349505
248 251 11.446 11.446 0 373349505
248 252 5.266 5.266 0 373349505
248 253 7.392 7.392 0 373349505
248 254 21.61 21.61 0 373349505
248 255 392.99 392.99 0 373349505
249 192 200.102 200.102 0 373349505
249 193 11.016 11.016 0 373349505
249 194 28.942 28.942 0 373349505
249 195 12.382 12.382 0 373349505
249 196 10.268 10.268 0 373349505
249 197 62.676 62.676 0 373349505
249 198 8.178 8.178 0 373349505
249 199 11.342 11.342 0 373349505
249 200 6.16 6.16 0 373349505
249 201 24.058 24.058 0 373349505
249 202 203.002 203.002 0 373349505
249 203 40.81 40.81 0 373349505
249 204 393.99 393.99 0 373349505
249 205 26.53 26.53 0 373349505
249 206 200.756 200.756 0 373349505
249 207 25.982 25.982 0 373349505
249 208 213.894 213.894 0 373349505
249 209 25.088 25.088 0 373349505
249 210 200.108 200.108 0 373349505
249 211 24.922 24.922 0 373349505
249 212 204.03 204.03 0 373349505
249 213 38.962 38.962 0 373349505
249 214 237.174 237.174 0 373349505
249 215 13.164 13.164 0 373349505
249 216 18.55 18.55 0 373349505
249 217 32.938 32.938 0 373349505
249 218 15.404 15.404 0 373349505
249 219 16.368 16.368 0 373349505
249 220 8.844 8.844 0 373349505
249 221 12.192 12.192 0 373349505
249 222 21.596 21.596 0 373349505
249 223 26.296 26.296 0 373349505
249 224 205.186 205.186 0 373349505
249 225 12.466 12.466 0 373349505
249 226 11.788 11.788 0 373349505
249 227 12.336 12.336 0 373349505
249 228 8.17 8.17 0 373349505
249 229 12.132 12.132 0 373349505
249 230 8.204 8.204 0 373349505
249 231 12.502 12.502 0 373349505
249 232 6.492 6.492 0 373349505
249 233 24.058 24.058 0 373349505
249 234 12.152 12.152 0 373349505
249 235 27.294 27.294 0 373349505
249 236 202.108 202.108 0 373349505
249 237 13.316 13.316 0 373349505
249 238 9.218 9.218 0 373349505
249 239 12.168 12.168 0 373349505
249 240 9.208 9.208 0 373349505
249 241 12.512 12.512 0 373349505
249 242 8.524 8.524 0 373349505
249 243 12.216 12.216 0 373349505
249 244 37.876 37.876 0 373349505
249 245 25.826 25.826 0 373349505
249 246 212.414 212.414 0 373349505
249 247 15.18 15.18 0 373349505
249 248 12.572 12.572 0 373349505
249 250 8.788 8.788 0 373349505
249 251 12.254 12.254 0 373349505
249 252 8.392 8.392 0 373349505
249 253 12.102 12.102 0 373349505
249 254 8.096 8.096 0 373349505
249 255 24.906 24.906 0 373349505
250 192 16.948 16.948 0 373349505
250 193 199.564 199.564 0 373349505
250 194 56.472 56.472 0 373349505
250 195 8.404 8.404 0 373349505
250 196 6.306 6.306 0 373349505
250 197 8.806 8.806 0 373349505
250 198 73.586 73.586 0 373349505
250 199 20.298 20.298 0 373349505
250 200 3.97 3.97 0 373349505
250 201 13.646 13.646 0 373349505
250 202 18.022 18.022 0 373349505
250 203 393.154 393.154 0 373349505
250 204 5.144 5.144 0 373349505
250 205 200.126 200.126 0 373349505
250 206 102.352 102.352 0 373349505
250 207 203.684 203.684 0 373349505
250 208 66.552 66.552 0 373349505
250 209 200.216 200.216 0 373349505
250 210 4.442 4.442 0 373349505
250 211 200.312 200.312 0 373349505
250 212 17.43 17.43 0 373349505
250 213 393.652 393.652 0 373349505
250 214 124.578 124.578 0 373349505
250 215 23.116 23.116 0 373349505
250 216 18.054 18.054 0 373349505
250 217 14.228 14.228 0 373349505
250 218 17.048 17.048 0 373349505
250 219 19.042 19.042 0 373349505
250 220 17.138 17.138 0 373349505
250 221 8.636 8.636 0 373349505
250 222 110.792 110.792 0 373349505
250 223 34.114 34.114 0 373349505
250 224 36.614 36.614 0 373349505
250 225 200.922 200.922 0 373349505
250 226 7.228 7.228 0 373349505
250 227 8.186 8.186 0 373349505
250 228 14.002 14.002 0 373349505
250 229 8.194 8.194 0 373349505
250 230 43.256 43.256 0 373349505
250 231 52.624 52.624 0 373349505
250 232 5.572 5.572 0 373349505
250 233 13.85 13.85 0 373349505
250 234 18.89 18.89 0 373349505
250 235 201.334 201.334 0 373349505
250 236 4.048 4.048 0 373349505
250 237 8.982 8.982 0 373349505
250 238 56.152 56.152 0 373349505
250 239 8.134 8.134 0 373349505
250 240 5.212 5.212 0 373349505
250 241 8.344 8.344 0 373349505
250 242 4.43 4.43 0 373349505
250 243 8.232 8.232 0 373349505
250 244 16.996 16.996 0 373349505
250 245 246.274 246.274 0 373349505
250 246 57.532 57.532 0 373349505
250 247 10.716 10.716 0 373349505
250 248 4.762 4.762 0 373349505
250 249 12.252 12.252 0 373349505
250 251 11.828 11.828 0 373349505
250 252 4.19 4.19 0 373349505
250 253 8.124 8.124 0 373349505
250 254 54.72 54.72 0 373349505
250 255 8.138 8.138 0 373349505
251 192 11.496 11.496 0 373349505
251 193 23.856 23.856 0 373349505
251 194 240.984 240.984 0 373349505
251 195 12.506 12.506 0 373349505
251 196 13.258 13.258 0 373349505
251 197 11.924 11.924 0 373349505
251 198 31.936 31.936 0 373349505
251 199 12.904 12.904 0 373349505
251 200 24.598 24.598 0 373349505
251 201 12.582 12.582 0 373349505
251 202 11.406 11.406 0 373349505
251 203 25.228 25.228 0 373349505
251 204 203.3 203.3 0 373349505
251 205 12.142 12.142 0 373349505
251 206 12.004 12.004 0 373349505
251 207 13.204 13.204 0 373349505
251 208 24.052 24.052 0 373349505
251 209 12.2 12.2 0 373349505
251 210 34.97 34.97 0 373349505
251 211 10.056 10.056 0 373349505
251 212 29.142 29.142 0 373349505
251 213 29.178 29.178 0 373349505
251 214 401.824 401.824 0 373349505
251 215 136.96 136.96 0 373349505
251 216 227.608 227.608 0 373349505
251 217 30.73 30.73 0 373349505
251 218 239.45 239.45 0 373349505
251 219 29.214 29.214 0 373349505
251 220 206.058 206.058 0 373349505
251 221 25.106 25.106 0 373349505
251 222 237.724 237.724 0 373349505
251 223 26.122 26.122 0 373349505
251 224 208.106 208.106 0 373349505
251 225 38.248 38.248 0 373349505
251 226 207.296 207.296 0 373349505
251 227 12.172 12.172 0 373349505
251 228 11.506 11.506 0 373349505
251 229 27.46 27.46 0 373349505
251 230 17.854 17.854 0 373349505
251 231 12.4 12.4 0 373349505
251 232 12.272 12.272 0 373349505
251 233 12.582 12.582 0 373349505
251 234 12.368 12.368 0 373349505
251 235 25.188 25.188 0 373349505
251 236 203.21 203.21 0 373349505
251 237 12.324 12.324 0 373349505
251 238 11.984 11.984 0 373349505
251 239 12.666 12.666 0 373349505
251 240 12.236 12.236 0 373349505
251 241 12.268 12.268 0 373349505
251 242 9.636 9.636 0 373349505
251 243 10.192 10.192 0 373349505
251 244 30.974 30.974 0 373349505
251 245 28.056 28.056 0 373349505
251 246 206.316 206.316 0 373349505
251 247 16.226 16.226 0 373349505
251 248 13.07 13.07 0 373349505
251 249 14.346 14.346 0 373349505
251 250 15.406 15.406 0 373349505
251 252 12.22 12.22 0 373349505
251 253 12.24 12.24 0 373349505
251 254 11.312 11.312 0 373349505
251 255 12.086 12.086 0 373349505
252 192 19.19 19.19 0 373349505
252 193 200.072 200.072 0 373349505
252 194 39.448 39.448 0 373349505
252 195 9.112 9.112 0 373349505
252 196 6.382 6.382 0 373349505
252 197 9.202 9.202 0 373349505
252 198 4.746 4.746 0 373349505
252 199 8.81 8.81 0 373349505
252 200 5.51 5.51 0 373349505
252 201 27.5 27.5 0 373349505
252 202 17.13 17.13 0 373349505
252 203 201.606 201.606 0 373349505
252 204 4.162 4.162 0 373349505
252 205 8.336 8.336 0 373349505
252 206 5.186 5.186 0 373349505
252 207 9.622 9.622 0 373349505
252 208 7.532 7.532 0 373349505
252 209 8.502 8.502 0 373349505
252 210 3.736 3.736 0 373349505
252 211 31.78 31.78 0 373349505
252 212 22.038 22.038 0 373349505
252 213 202.854 202.854 0 373349505
252 214 6.558 6.558 0 373349505
252 215 203.426 203.426 0 373349505
252 216 5.318 5.318 0 373349505
252 217 206.032 206.032 0 373349505
252 218 4.32 4.32 0 373349505
252 219 211.232 211.232 0 373349505
252 220 4.432 4.432 0 373349505
252 221 201.282 201.282 0 373349505
252 222 7.384 7.384 0 373349505
252 223 208.17 208.17 0 373349505
252 224 18.286 18.286 0 373349505
252 225 393.392 393.392 0 373349505
252 226 21.024 21.024 0 373349505
252 227 8.386 8.386 0 373349505
252 228 17.004 17.004 0 373349505
252 229 8.4 8.4 0 373349505
252 230 17.056 17.056 0 373349505
252 231 10.774 10.774 0 373349505
252 232 94.554 94.554 0 373349505
252 233 8.776 8.776 0 373349505
252 234 30.794 30.794 0 373349505
252 235 218.438 218.438 0 373349505
252 236 32.418 32.418 0 373349505
252 237 9.178 9.178 0 373349505
252 238 5.254 5.254 0 373349505
252 239 49.824 49.824 0 373349505
252 240 12.458 12.458 0 373349505
252 241 20.926 20.926 0 373349505
252 242 3.736 3.736 0 373349505
252 243 7.58 7.58 0 373349505
252 244 23.514 23.514 0 373349505
252 245 223.962 223.962 0 373349505
252 246 5.324 5.324 0 373349505
252 247 10.102 10.102 0 373349505
252 248 5.37 5.37 0 373349505
252 249 8.39 8.39 0 373349505
252 250 6.916 6.916 0 373349505
252 251 15.586 15.586 0 373349505
252 253 8.726 8.726 0 373349505
252 254 5.214 5.214 0 373349505
252 255 8.376 8.376 0 373349505
253 192 11.314 11.314 0 373349505
253 193 26.418 26.418 0 373349505
253 194 224.158 224.158 0 373349505
253 195 14.116 14.116 0 373349505
253 196 10.104 10.104 0 373349505
253 197 12.174 12.174 0 373349505
253 198 8 8 0 373349505
253 199 100.26 100.26 0 373349505
253 200 10.094 10.094 0 373349505
253 201 12.87 12.87 0 373349505
253 202 20.242 20.242 0 373349505
253 203 25.534 25.534 0 373349505
253 204 202.426 202.426 0 373349505
253 205 12.172 12.172 0 373349505
253 206 33.372 33.372 0 373349505
253 207 122.748 122.748 0 373349505
253 208 22.022 22.022 0 373349505
253 209 12.082 12.082 0 373349505
253 210 8.014 8.014 0 373349505
253 211 11.986 11.986 0 373349505
253 212 11.868 11.868 0 373349505
253 213 26.072 26.072 0 373349505
253 214 204.298 204.298 0 373349505
253 215 106.762 106.762 0 373349505
253 216 19.286 19.286 0 373349505
253 217 17.744 17.744 0 373349505
253 218 8.936 8.936 0 373349505
253 219 16.3 16.3 0 373349505
253 220 7.15 7.15 0 373349505
253 221 11.874 11.874 0 373349505
253 222 19.434 19.434 0 373349505
253 223 116.736 116.736 0 373349505
253 224 16.12 16.12 0 373349505
253 225 27.44 27.44 0 373349505
253 226 396.93 396.93 0 373349505
253 227 25.84 25.84 0 373349505
253 228 202.72 202.72 0 373349505
253 229 24.95 24.95 0 373349505
253 230 201.452 201.452 0 373349505
253 231 118.426 118.426 0 373349505
253 232 200.914 200.914 0 373349505
253 233 25.306 25.306 0 373349505
253 234 201.098 201.098 0 373349505
253 235 37.6 37.6 0 373349505
253 236 391.988 391.988 0 373349505
253 237 25.004 25.004 0 373349505
253 238 9.11 9.11 0 373349505
253 239 178.722 178.722 0 373349505
253 240 42.298 42.298 0 373349505
253 241 27.934 27.934 0 373349505
253 242 26.88 26.88 0 373349505
253 243 12.374 12.374 0 373349505
253 244 12.49 12.49 0 373349505
253 245 25.004 25.004 0 373349505
253 246 200.258 200.258 0 373349505
253 247 97.474 97.474 0 373349505
253 248 8.292 8.292 0 373349505
253 249 12.088 12.088 0 373349505
253 250 8.16 8.16 0 373349505
253 251 14.852 14.852 0 373349505
253 252 11.304 11.304 0 373349505
253 254 6.656 6.656 0 373349505
253 255 136.918 136.918 0 373349505
254 192 18.01 18.01 0 373349505
254 193 200.838 200.838 0 373349505
254 194 50.112 50.112 0 373349505
254 195 8.292 8.292 0 373349505
254 196 6.388 6.388 0 373349505
254 197 21.51 21.51 0 373349505
254 198 4.83 4.83 0 373349505
254 199 8.306 8.306 0 373349505
254 200 4.982 4.982 0 373349505
254 201 11.994 11.994 0 373349505
254 202 16.928 16.928 0 373349505
254 203 200.458 200.458 0 373349505
254 204 4.028 4.028 0 373349505
254 205 8.072 8.072 0 373349505
254 206 4.74 4.74 0 373349505
254 207 33.52 33.52 0 373349505
254 208 16.398 16.398 0 373349505
254 209 8.154 8.154 0 373349505
254 210 4.29 4.29 0 373349505
254 211 62.296 62.296 0 373349505
254 212 4.532 4.532 0 373349505
254 213 9.528 9.528 0 373349505
254 214 17.2 17.2 0 373349505
254 215 205.214 205.214 0 373349505
254 216 5.222 5.222 0 373349505
254 217 13.788 13.788 0 373349505
254 218 4.174 4.174 0 373349505
254 219 19.038 19.038 0 373349505
254 220 3.764 3.764 0 373349505
254 221 8.6 8.6 0 373349505
254 222 6.318 6.318 0 373349505
254 223 20.824 20.824 0 373349505
254 224 19.202 19.202 0 373349505
254 225 202.084 202.084 0 373349505
254 226 9.038 9.038 0 373349505
254 227 199.884 199.884 0 373349505
254 228 4.068 4.068 0 373349505
254 229 200.084 200.084 0 373349505
254 230 4.142 4.142 0 373349505
254 231 200.032 200.032 0 373349505
254 232 4.868 4.868 0 373349505
254 233 200.634 200.634 0 373349505
254 234 17.87 17.87 0 373349505
254 235 392.018 392.018 0 373349505
254 236 4.388 4.388 0 373349505
254 237 200.83 200.83 0 373349505
254 238 17.99 17.99 0 373349505
254 239 8.044 8.044 0 373349505
254 240 17.984 17.984 0 373349505
254 241 8.202 8.202 0 373349505
254 242 17.206 17.206 0 373349505
254 243 8.574 8.574 0 373349505
254 244 16.96 16.96 0 373349505
254 245 26.892 26.892 0 373349505
254 246 29.764 29.764 0 373349505
254 247 218.546 218.546 0 373349505
254 248 22.57 22.57 0 373349505
254 249 8.088 8.088 0 373349505
254 250 59.348 59.348 0 373349505
254 251 11.378 11.378 0 373349505
254 252 7.962 7.962 0 373349505
254 253 12.158 12.158 0 373349505
254 255 13.668 13.668 0 373349505
255 192 9.364 9.364 0 373349505
255 193 23.74 23.74 0 373349505
255 194 239.87 239.87 0 373349505
255 195 12.73 12.73 0 373349505
255 196 9.906 9.906 0 373349505
255 197 12.076 12.076 0 373349505
255 198 20.254 20.254 0 373349505
255 199 12.562 12.562 0 373349505
255 200 9.46 9.46 0 373349505
255 201 10.302 10.302 0 373349505
255 202 22.108 22.108 0 373349505
255 203 28.014 28.014 0 373349505
255 204 202.694 202.694 0 373349505
255 205 14.004 14.004 0 373349505
255 206 9.898 9.898 0 373349505
255 207 12.964 12.964 0 373349505
255 208 21.412 21.412 0 373349505
255 209 12.116 12.116 0 373349505
255 210 8.03 8.03 0 373349505
255 211 12.466 12.466 0 373349505
255 212 26.646 26.646 0 373349505
255 213 13.402 13.402 0 373349505
255 214 12.362 12.362 0 373349505
255 215 26.032 26.032 0 373349505
255 216 209.696 209.696 0 373349505
255 217 18.144 18.144 0 373349505
255 218 10.896 10.896 0 373349505
255 219 16.316 16.316 0 373349505
255 220 8.95 8.95 0 373349505
255 221 12.142 12.142 0 373349505
255 222 21.528 21.528 0 373349505
255 223 13.302 13.302 0 373349505
255 224 13.018 13.018 0 373349505
255 225 25.488 25.488 0 373349505
255 226 203.98 203.98 0 373349505
255 227 12.322 12.322 0 373349505
255 228 8.052 8.052 0 373349505
255 229 12.07 12.07 0 373349505
255 230 8.138 8.138 0 373349505
255 231 12.008 12.008 0 373349505
255 232 27.804 27.804 0 373349505
255 233 11.014 11.014 0 373349505
255 234 23.22 23.22 0 373349505
255 235 27.792 27.792 0 373349505
255 236 226.974 226.974 0 373349505
255 237 14.216 14.216 0 373349505
255 238 201.934 201.934 0 373349505
255 239 24.812 24.812 0 373349505
255 240 221.606 221.606 0 373349505
255 241 25.098 25.098 0 373349505
255 242 200.376 200.376 0 373349505
255 243 24.922 24.922 0 373349505
255 244 236.96 236.96 0 373349505
255 245 24.988 24.988 0 373349505
255 246 200.156 200.156 0 373349505
255 247 38.164 38.164 0 373349505
255 248 391.994 391.994 0 373349505
255 249 24.912 24.912 0 373349505
255 250 8.082 8.082 0 373349505
255 251 12.11 12.11 0 373349505
255 252 10.516 10.516 0 373349505
255 253 146.336 146.336 0 373349505
255 254 18.306 18.306 0 373349505
