83 84 200.364 200.364 0 373349505
83 138 109.47 109.47 0 373349505
83 194 29.088 29.088 0 373349505
83 74 25.1 25.1 0 373349505
83 132 9.032 9.032 0 373349505
83 8 4.99 4.99 0 373349505
83 70 8.99 8.99 0 373349505
83 64 12.332 12.332 0 373349505
83 4 7.564 7.564 0 373349505
83 9 21.668 21.668 0 373349505
83 20 203.362 203.362 0 373349505
83 192 5.236 5.236 0 373349505
83 193 9.714 9.714 0 373349505
83 210 4.512 4.512 0 373349505
83 68 8.792 8.792 0 373349505
83 65 7.228 7.228 0 373349505
83 140 12.678 12.678 0 373349505
83 69 5.006 5.006 0 373349505
83 136 10.15 10.15 0 373349505
83 145 4.856 4.856 0 373349505
83 18 10.826 10.826 0 373349505
83 196 18.064 18.064 0 373349505
83 10 207.638 207.638 0 373349505
83 67 15.978 15.978 0 373349505
83 66 28.814 28.814 0 373349505
83 204 5.002 5.002 0 373349505
83 12 62.942 62.942 0 373349505
83 76 6.488 6.488 0 373349505
83 77 15.762 15.762 0 373349505
83 131 7.68 7.68 0 373349505
83 139 17.238 17.238 0 373349505
83 212 25.278 25.278 0 373349505
83 141 205.278 205.278 0 373349505
83 134 6.22 6.22 0 373349505
83 0 8.258 8.258 0 373349505
83 198 4.308 4.308 0 373349505
83 5 8.298 8.298 0 373349505
83 72 4.334 4.334 0 373349505
83 133 8.32 8.32 0 373349505
83 1 3.86 3.86 0 373349505
83 128 7.7 7.7 0 373349505
83 197 22.642 22.642 0 373349505
83 3 201.262 201.262 0 373349505
83 73 5.198 5.198 0 373349505
83 201 37.586 37.586 0 373349505
83 129 7.734 7.734 0 373349505
83 137 200.12 200.12 0 373349505
83 11 15.89 15.89 0 373349505
83 205 200.86 200.86 0 373349505
83 19 4.682 4.682 0 373349505
83 146 200.372 200.372 0 373349505
83 2 4.644 4.644 0 373349505
83 147 221.852 221.852 0 373349505
83 211 18.11 18.11 0 373349505
83 82 394.322 394.322 0 373349505
83 202 4.344 4.344 0 373349505
83 209 200.294 200.294 0 373349505
83 148 16.984 16.984 0 373349505
83 195 11.532 11.532 0 373349505
83 75 20.402 20.402 0 373349505
83 203 9.738 9.738 0 373349505
83 13 19.374 19.374 0 373349505
83 130 13.604 13.604 0 373349505
84 83 203.948 203.948 0 373349505
84 138 411.504 411.504 0 373349505
84 194 24.818 24.818 0 373349505
84 74 201.838 201.838 0 373349505
84 132 63.294 63.294 0 373349505
84 8 7.678 7.678 0 373349505
84 70 11.626 11.626 0 373349505
84 64 7.762 7.762 0 373349505
84 4 26.172 26.172 0 373349505
84 9 14.182 14.182 0 373349505
84 20 24.678 24.678 0 373349505
84 192 199.89 199.89 0 373349505
84 193 11.504 11.504 0 373349505
84 210 8.232 8.232 0 373349505
84 68 11.956 11.956 0 373349505
84 65 20.23 20.23 0 373349505
84 140 11.76 11.76 0 373349505
84 69 7.906 7.906 0 373349505
84 136 10.606 10.606 0 373349505
84 145 11.338 11.338 0 373349505
84 18 24.318 24.318 0 373349505
84 196 15.122 15.122 0 373349505
84 10 27.486 27.486 0 373349505
84 67 211.006 211.006 0 373349505
84 66 18.18 18.18 0 373349505
84 204 8.736 8.736 0 373349505
84 12 15.67 15.67 0 373349505
84 76 9 9 0 373349505
84 77 11.63 11.63 0 373349505
84 131 21.388 21.388 0 373349505
84 139 12.828 12.828 0 373349505
84 212 13.448 13.448 0 373349505
84 141 24.668 24.668 0 373349505
84 134 202.922 202.922 0 373349505
84 0 11.802 11.802 0 373349505
84 198 7.982 7.982 0 373349505
84 5 11.62 11.62 0 373349505
84 72 8.086 8.086 0 373349505
84 133 11.52 11.52 0 373349505
84 1 8.196 8.196 0 373349505
84 128 11.916 11.916 0 373349505
84 197 8.898 8.898 0 373349505
84 3 24.386 24.386 0 373349505
84 73 200.664 200.664 0 373349505
84 201 11.884 11.884 0 373349505
84 129 33.774 33.774 0 373349505
84 137 11.898 11.898 0 373349505
84 11 8.976 8.976 0 373349505
84 205 11.704 11.704 0 373349505
84 19 7.05 7.05 0 373349505
84 146 11.276 11.276 0 373349505
84 2 8.56 8.56 0 373349505
84 147 23.726 23.726 0 373349505
84 211 13.424 13.424 0 373349505
84 82 27.62 27.62 0 373349505
84 202 234.318 234.318 0 373349505
84 209 12.576 12.576 0 373349505
84 148 199.738 199.738 0 373349505
84 195 24.396 24.396 0 373349505
84 75 200.226 200.226 0 373349505
84 203 24.786 24.786 0 373349505
84 13 201.444 201.444 0 373349505
84 130 25.054 25.054 0 373349505
138 83 115.116 115.116 0 373349505
138 84 431.33 431.33 0 373349505
138 194 236.012 236.012 0 373349505
138 74 103.796 103.796 0 373349505
138 132 253.472 253.472 0 373349505
138 8 73.836 73.836 0 373349505
138 70 63.514 63.514 0 373349505
138 64 130.178 130.178 0 373349505
138 4 61.486 61.486 0 373349505
138 9 73.642 73.642 0 373349505
138 20 88.862 88.862 0 373349505
138 192 71.32 71.32 0 373349505
138 193 236.884 236.884 0 373349505
138 210 93.8 93.8 0 373349505
138 68 118.846 118.846 0 373349505
138 65 188.994 188.994 0 373349505
138 140 65.49 65.49 0 373349505
138 69 42.57 42.57 0 373349505
138 136 45.294 45.294 0 373349505
138 145 57.346 57.346 0 373349505
138 18 61.136 61.136 0 373349505
138 196 106.2 106.2 0 373349505
138 10 258.61 258.61 0 373349505
138 67 179.788 179.788 0 373349505
138 66 86.93 86.93 0 373349505
138 204 78.098 78.098 0 373349505
138 12 79.47 79.47 0 373349505
138 76 100.754 100.754 0 373349505
138 77 60.134 60.134 0 373349505
138 131 98.066 98.066 0 373349505
138 139 56.77 56.77 0 373349505
138 212 187.478 187.478 0 373349505
138 141 251.852 251.852 0 373349505
138 134 45.596 45.596 0 373349505
138 0 97.258 97.258 0 373349505
138 198 41.418 41.418 0 373349505
138 5 46.834 46.834 0 373349505
138 72 74.884 74.884 0 373349505
138 133 52.714 52.714 0 373349505
138 1 116.586 116.586 0 373349505
138 128 42.904 42.904 0 373349505
138 197 55.164 55.164 0 373349505
138 3 61.128 61.128 0 373349505
138 73 110.86 110.86 0 373349505
138 201 248.746 248.746 0 373349505
138 129 66.534 66.534 0 373349505
138 137 85.062 85.062 0 373349505
138 11 130.614 130.614 0 373349505
138 205 57.052 57.052 0 373349505
138 19 111.386 111.386 0 373349505
138 146 69.19 69.19 0 373349505
138 2 66.456 66.456 0 373349505
138 147 79.08 79.08 0 373349505
138 211 78.928 78.928 0 373349505
138 82 252.966 252.966 0 373349505
138 202 116.09 116.09 0 373349505
138 209 45.156 45.156 0 373349505
138 148 75.444 75.444 0 373349505
138 195 257.81 257.81 0 373349505
138 75 55.978 55.978 0 373349505
138 203 240.302 240.302 0 373349505
138 13 65.57 65.57 0 373349505
138 130 265.012 265.012 0 373349505
194 83 24.9 24.9 0 373349505
194 84 30.384 30.384 0 373349505
194 138 220.568 220.568 0 373349505
194 74 11.686 11.686 0 373349505
194 132 12.362 12.362 0 373349505
194 8 7.886 7.886 0 373349505
194 70 12.346 12.346 0 373349505
194 64 220.634 220.634 0 373349505
194 4 25.17 25.17 0 373349505
194 9 233.084 233.084 0 373349505
194 20 25.472 25.472 0 373349505
194 192 200.416 200.416 0 373349505
194 193 38.176 38.176 0 373349505
194 210 392.682 392.682 0 373349505
194 68 25.97 25.97 0 373349505
194 65 215.126 215.126 0 373349505
194 140 25.846 25.846 0 373349505
194 69 8.548 8.548 0 373349505
194 136 12.73 12.73 0 373349505
194 145 12.208 12.208 0 373349505
194 18 28.15 28.15 0 373349505
194 196 18.826 18.826 0 373349505
194 10 109.272 109.272 0 373349505
194 67 212.042 212.042 0 373349505
194 66 18.414 18.414 0 373349505
194 204 9.5 9.5 0 373349505
194 12 16.82 16.82 0 373349505
194 76 8.162 8.162 0 373349505
194 77 13.094 13.094 0 373349505
194 131 21.376 21.376 0 373349505
194 139 11.416 11.416 0 373349505
194 212 51.862 51.862 0 373349505
194 141 28.564 28.564 0 373349505
194 134 205.874 205.874 0 373349505
194 0 13.974 13.974 0 373349505
194 198 9.108 9.108 0 373349505
194 5 12.232 12.232 0 373349505
194 72 8.47 8.47 0 373349505
194 133 12.29 12.29 0 373349505
194 1 11.904 11.904 0 373349505
194 128 12.664 12.664 0 373349505
194 197 9.328 9.328 0 373349505
194 3 12.184 12.184 0 373349505
194 73 8.948 8.948 0 373349505
194 201 25.288 25.288 0 373349505
194 129 201.154 201.154 0 373349505
194 137 12.2 12.2 0 373349505
194 11 9.742 9.742 0 373349505
194 205 12.762 12.762 0 373349505
194 19 200.614 200.614 0 373349505
194 146 25.522 25.522 0 373349505
194 2 10.924 10.924 0 373349505
194 147 12.284 12.284 0 373349505
194 211 33.26 33.26 0 373349505
194 82 25.306 25.306 0 373349505
194 202 200.668 200.668 0 373349505
194 209 12.394 12.394 0 373349505
194 148 8.45 8.45 0 373349505
194 195 12.556 12.556 0 373349505
194 75 9.092 9.092 0 373349505
194 203 12.196 12.196 0 373349505
194 13 7.014 7.014 0 373349505
194 130 10.692 10.692 0 373349505
74 83 24.84 24.84 0 373349505
74 84 205.28 205.28 0 373349505
74 138 88.28 88.28 0 373349505
74 194 15.528 15.528 0 373349505
74 132 10.912 10.912 0 373349505
74 8 7.326 7.326 0 373349505
74 70 10.814 10.814 0 373349505
74 64 7.424 7.424 0 373349505
74 4 204.374 204.374 0 373349505
74 9 5.756 5.756 0 373349505
74 20 202.74 202.74 0 373349505
74 192 19.036 19.036 0 373349505
74 193 394.768 394.768 0 373349505
74 210 6.518 6.518 0 373349505
74 68 203.922 203.922 0 373349505
74 65 9.988 9.988 0 373349505
74 140 202.438 202.438 0 373349505
74 69 18.804 18.804 0 373349505
74 136 10.134 10.134 0 373349505
74 145 19.384 19.384 0 373349505
74 18 11.742 11.742 0 373349505
74 196 32.438 32.438 0 373349505
74 10 204.416 204.416 0 373349505
74 67 20.614 20.614 0 373349505
74 66 16.824 16.824 0 373349505
74 204 20.036 20.036 0 373349505
74 12 40.362 40.362 0 373349505
74 76 34.87 34.87 0 373349505
74 77 11.93 11.93 0 373349505
74 131 9.292 9.292 0 373349505
74 139 56.156 56.156 0 373349505
74 212 25.846 25.846 0 373349505
74 141 203.908 203.908 0 373349505
74 134 11.452 11.452 0 373349505
74 0 12.488 12.488 0 373349505
74 198 6.836 6.836 0 373349505
74 5 11.932 11.932 0 373349505
74 72 6.71 6.71 0 373349505
74 133 10.784 10.784 0 373349505
74 1 61.586 61.586 0 373349505
74 128 13.74 13.74 0 373349505
74 197 13.59 13.59 0 373349505
74 3 23.714 23.714 0 373349505
74 73 18.782 18.782 0 373349505
74 201 202.426 202.426 0 373349505
74 129 7.1 7.1 0 373349505
74 137 9.988 9.988 0 373349505
74 11 8.038 8.038 0 373349505
74 205 13.63 13.63 0 373349505
74 19 13.542 13.542 0 373349505
74 146 202.084 202.084 0 373349505
74 2 6.612 6.612 0 373349505
74 147 30.5 30.5 0 373349505
74 211 19.604 19.604 0 373349505
74 82 227.056 227.056 0 373349505
74 202 8.318 8.318 0 373349505
74 209 10.764 10.764 0 373349505
74 148 6.67 6.67 0 373349505
74 195 13.542 13.542 0 373349505
74 75 6.932 6.932 0 373349505
74 203 10.472 10.472 0 373349505
74 13 6.666 6.666 0 373349505
74 130 9.362 9.362 0 373349505
132 83 8.77 8.77 0 373349505
132 84 59.55 59.55 0 373349505
132 138 236.41 236.41 0 373349505
132 194 15.456 15.456 0 373349505
132 74 14.754 14.754 0 373349505
132 8 9.272 9.272 0 373349505
132 70 12.716 12.716 0 373349505
132 64 8.974 8.974 0 373349505
132 4 61.802 61.802 0 373349505
132 9 5.91 5.91 0 373349505
132 20 24.14 24.14 0 373349505
132 192 13.666 13.666 0 373349505
132 193 27.66 27.66 0 373349505
132 210 235.366 235.366 0 373349505
132 68 13.904 13.904 0 373349505
132 65 21.346 21.346 0 373349505
132 140 49.858 49.858 0 373349505
132 69 200.222 200.222 0 373349505
132 136 25.086 25.086 0 373349505
132 145 204.142 204.142 0 373349505
132 18 28.564 28.564 0 373349505
132 196 204.978 204.978 0 373349505
132 10 39.058 39.058 0 373349505
132 67 400.882 400.882 0 373349505
132 66 94.668 94.668 0 373349505
132 204 201.134 201.134 0 373349505
132 12 29.554 29.554 0 373349505
132 76 201.156 201.156 0 373349505
132 77 25.198 25.198 0 373349505
132 131 21.756 21.756 0 373349505
132 139 13.952 13.952 0 373349505
132 212 14.058 14.058 0 373349505
132 141 92.582 92.582 0 373349505
132 134 209.314 209.314 0 373349505
132 0 12.444 12.444 0 373349505
132 198 8.226 8.226 0 373349505
132 5 12.314 12.314 0 373349505
132 72 8.704 8.704 0 373349505
132 133 12.732 12.732 0 373349505
132 1 7.47 7.47 0 373349505
132 128 61.384 61.384 0 373349505
132 197 6.892 6.892 0 373349505
132 3 24.522 24.522 0 373349505
132 73 23.916 23.916 0 373349505
132 201 28.29 28.29 0 373349505
132 129 202.658 202.658 0 373349505
132 137 66.126 66.126 0 373349505
132 11 9.668 9.668 0 373349505
132 205 45.958 45.958 0 373349505
132 19 8.746 8.746 0 373349505
132 146 12.72 12.72 0 373349505
132 2 14.868 14.868 0 373349505
132 147 13.876 13.876 0 373349505
132 211 8.754 8.754 0 373349505
132 82 25.798 25.798 0 373349505
132 202 200.708 200.708 0 373349505
132 209 58.966 58.966 0 373349505
132 148 8.71 8.71 0 373349505
132 195 12.738 12.738 0 373349505
132 75 9.024 9.024 0 373349505
132 203 12.618 12.618 0 373349505
132 13 33.37 33.37 0 373349505
132 130 12.822 12.822 0 373349505
8 83 5.358 5.358 0 373349505
8 84 8.416 8.416 0 373349505
8 138 59.958 59.958 0 373349505
8 194 10.714 10.714 0 373349505
8 74 7.102 7.102 0 373349505
8 132 12.072 12.072 0 373349505
8 70 9.25 9.25 0 373349505
8 64 5.638 5.638 0 373349505
8 4 7.452 7.452 0 373349505
8 9 3.19 3.19 0 373349505
8 20 13.866 13.866 0 373349505
8 192 18.868 18.868 0 373349505
8 193 213.874 213.874 0 373349505
8 210 6.212 6.212 0 373349505
8 68 9.192 9.192 0 373349505
8 65 7.566 7.566 0 373349505
8 140 9.062 9.062 0 373349505
8 69 4.936 4.936 0 373349505
8 136 217.048 217.048 0 373349505
8 145 5.422 5.422 0 373349505
8 18 202.598 202.598 0 373349505
8 196 18.982 18.982 0 373349505
8 10 395.346 395.346 0 373349505
8 67 7.108 7.108 0 373349505
8 66 207.466 207.466 0 373349505
8 204 5.214 5.214 0 373349505
8 12 211.622 211.622 0 373349505
8 76 6.066 6.066 0 373349505
8 77 202.354 202.354 0 373349505
8 131 21.566 21.566 0 373349505
8 139 16.948 16.948 0 373349505
8 212 19.42 19.42 0 373349505
8 141 9.262 9.262 0 373349505
8 134 32.736 32.736 0 373349505
8 0 201.494 201.494 0 373349505
8 198 19.338 19.338 0 373349505
8 5 8.202 8.202 0 373349505
8 72 18.234 18.234 0 373349505
8 133 27.524 27.524 0 373349505
8 1 23.41 23.41 0 373349505
8 128 8.994 8.994 0 373349505
8 197 4.818 4.818 0 373349505
8 3 14.122 14.122 0 373349505
8 73 18.37 18.37 0 373349505
8 201 201.736 201.736 0 373349505
8 129 6.51 6.51 0 373349505
8 137 8.556 8.556 0 373349505
8 11 6.302 6.302 0 373349505
8 205 25.568 25.568 0 373349505
8 19 5.794 5.794 0 373349505
8 146 8.75 8.75 0 373349505
8 2 4.892 4.892 0 373349505
8 147 31.504 31.504 0 373349505
8 211 18.148 18.148 0 373349505
8 82 200.526 200.526 0 373349505
8 202 14.458 14.458 0 373349505
8 209 8.482 8.482 0 373349505
8 148 79.002 79.002 0 373349505
8 195 52.45 52.45 0 373349505
8 75 4.942 4.942 0 373349505
8 203 8.196 8.196 0 373349505
8 13 5.38 5.38 0 373349505
8 130 32.78 32.78 0 373349505
70 83 9.108 9.108 0 373349505
70 84 11.856 11.856 0 373349505
70 138 48.514 48.514 0 373349505
70 194 14.366 14.366 0 373349505
70 74 10.566 10.566 0 373349505
70 132 12.278 12.278 0 373349505
70 8 12.216 12.216 0 373349505
70 64 9.34 9.34 0 373349505
70 4 12.456 12.456 0 373349505
70 9 8.236 8.236 0 373349505
70 20 12.464 12.464 0 373349505
70 192 8.142 8.142 0 373349505
70 193 25.468 25.468 0 373349505
70 210 212.766 212.766 0 373349505
70 68 12.69 12.69 0 373349505
70 65 20.542 20.542 0 373349505
70 140 12.274 12.274 0 373349505
70 69 40.982 40.982 0 373349505
70 136 12.292 12.292 0 373349505
70 145 10.544 10.544 0 373349505
70 18 11.566 11.566 0 373349505
70 196 26.654 26.654 0 373349505
70 10 29.148 29.148 0 373349505
70 67 214.66 214.66 0 373349505
70 66 19.564 19.564 0 373349505
70 204 10.812 10.812 0 373349505
70 12 16.534 16.534 0 373349505
70 76 8.8 8.8 0 373349505
70 77 12.3 12.3 0 373349505
70 131 213.492 213.492 0 373349505
70 139 26.29 26.29 0 373349505
70 212 207.398 207.398 0 373349505
70 141 25.462 25.462 0 373349505
70 134 203.158 203.158 0 373349505
70 0 38.088 38.088 0 373349505
70 198 392.194 392.194 0 373349505
70 5 24.98 24.98 0 373349505
70 72 200.318 200.318 0 373349505
70 133 25.622 25.622 0 373349505
70 1 200.612 200.612 0 373349505
70 128 25.446 25.446 0 373349505
70 197 29.512 29.512 0 373349505
70 3 12.282 12.282 0 373349505
70 73 9.102 9.102 0 373349505
70 201 40.592 40.592 0 373349505
70 129 208.04 208.04 0 373349505
70 137 12.576 12.576 0 373349505
70 11 9.686 9.686 0 373349505
70 205 12.756 12.756 0 373349505
70 19 30.072 30.072 0 373349505
70 146 12.294 12.294 0 373349505
70 2 10.814 10.814 0 373349505
70 147 10.144 10.144 0 373349505
70 211 22.578 22.578 0 373349505
70 82 28.428 28.428 0 373349505
70 202 203.518 203.518 0 373349505
70 209 14.452 14.452 0 373349505
70 148 33.982 33.982 0 373349505
70 195 12.85 12.85 0 373349505
70 75 8.848 8.848 0 373349505
70 203 105.588 105.588 0 373349505
70 13 8.336 8.336 0 373349505
70 130 12.682 12.682 0 373349505
64 83 16.386 16.386 0 373349505
64 84 8.462 8.462 0 373349505
64 138 119.71 119.71 0 373349505
64 194 241.352 241.352 0 373349505
64 74 7.262 7.262 0 373349505
64 132 9.604 9.604 0 373349505
64 8 5.82 5.82 0 373349505
64 70 13.032 13.032 0 373349505
64 4 9.268 9.268 0 373349505
64 9 11.728 11.728 0 373349505
64 20 9.582 9.582 0 373349505
64 192 18.126 18.126 0 373349505
64 193 201.096 201.096 0 373349505
64 210 5.68 5.68 0 373349505
64 68 9.128 9.128 0 373349505
64 65 8.122 8.122 0 373349505
64 140 8.948 8.948 0 373349505
64 69 5.298 5.298 0 373349505
64 136 8.944 8.944 0 373349505
64 145 5.792 5.792 0 373349505
64 18 11.79 11.79 0 373349505
64 196 22.892 22.892 0 373349505
64 10 203.756 203.756 0 373349505
64 67 7.644 7.644 0 373349505
64 66 16.066 16.066 0 373349505
64 204 5.71 5.71 0 373349505
64 12 21.046 21.046 0 373349505
64 76 5.524 5.524 0 373349505
64 77 9.722 9.722 0 373349505
64 131 8.24 8.24 0 373349505
64 139 208.224 208.224 0 373349505
64 212 7.032 7.032 0 373349505
64 141 203.68 203.68 0 373349505
64 134 20.752 20.752 0 373349505
64 0 392.184 392.184 0 373349505
64 198 4.444 4.444 0 373349505
64 5 200 200 0 373349505
64 72 5.612 5.612 0 373349505
64 133 213.7 213.7 0 373349505
64 1 4.986 4.986 0 373349505
64 128 200.476 200.476 0 373349505
64 197 18.822 18.822 0 373349505
64 3 9.088 9.088 0 373349505
64 73 32.246 32.246 0 373349505
64 201 200.766 200.766 0 373349505
64 129 18.712 18.712 0 373349505
64 137 8 8 0 373349505
64 11 18.694 18.694 0 373349505
64 205 9.736 9.736 0 373349505
64 19 18.968 18.968 0 373349505
64 146 26.654 26.654 0 373349505
64 2 22.148 22.148 0 373349505
64 147 28.88 28.88 0 373349505
64 211 22.402 22.402 0 373349505
64 82 202.574 202.574 0 373349505
64 202 5.972 5.972 0 373349505
64 209 9.496 9.496 0 373349505
64 148 5.03 5.03 0 373349505
64 195 37.278 37.278 0 373349505
64 75 6.14 6.14 0 373349505
64 203 9.474 9.474 0 373349505
64 13 5.544 5.544 0 373349505
64 130 12.018 12.018 0 373349505
4 83 6.25 6.25 0 373349505
4 84 23.598 23.598 0 373349505
4 138 43.394 43.394 0 373349505
4 194 27.478 27.478 0 373349505
4 74 206.326 206.326 0 373349505
4 132 68.438 68.438 0 373349505
4 8 8.076 8.076 0 373349505
4 70 14.714 14.714 0 373349505
4 64 12.282 12.282 0 373349505
4 9 8.902 8.902 0 373349505
4 20 12.642 12.642 0 373349505
4 192 8.126 8.126 0 373349505
4 193 24.964 24.964 0 373349505
4 210 200.548 200.548 0 373349505
4 68 12.796 12.796 0 373349505
4 65 22.238 22.238 0 373349505
4 140 12.226 12.226 0 373349505
4 69 8.122 8.122 0 373349505
4 136 12.1 12.1 0 373349505
4 145 12.364 12.364 0 373349505
4 18 13.68 13.68 0 373349505
4 196 45.766 45.766 0 373349505
4 10 26.456 26.456 0 373349505
4 67 210.594 210.594 0 373349505
4 66 17.882 17.882 0 373349505
4 204 9.094 9.094 0 373349505
4 12 16.516 16.516 0 373349505
4 76 8.928 8.928 0 373349505
4 77 12.44 12.44 0 373349505
4 131 21.556 21.556 0 373349505
4 139 13.06 13.06 0 373349505
4 212 11.416 11.416 0 373349505
4 141 23.422 23.422 0 373349505
4 134 14.706 14.706 0 373349505
4 0 27.992 27.992 0 373349505
4 198 201.538 201.538 0 373349505
4 5 13.172 13.172 0 373349505
4 72 8.192 8.192 0 373349505
4 133 12.672 12.672 0 373349505
4 1 21.034 21.034 0 373349505
4 128 12.652 12.652 0 373349505
4 197 201.134 201.134 0 373349505
4 3 25.012 25.012 0 373349505
4 73 200.948 200.948 0 373349505
4 201 38.026 38.026 0 373349505
4 129 393.246 393.246 0 373349505
4 137 25.14 25.14 0 373349505
4 11 201.688 201.688 0 373349505
4 205 25.596 25.596 0 373349505
4 19 201.044 201.044 0 373349505
4 146 25.726 25.726 0 373349505
4 2 205.116 205.116 0 373349505
4 147 25.364 25.364 0 373349505
4 211 8.526 8.526 0 373349505
4 82 25.396 25.396 0 373349505
4 202 200.598 200.598 0 373349505
4 209 27.926 27.926 0 373349505
4 148 15.09 15.09 0 373349505
4 195 12.824 12.824 0 373349505
4 75 39.802 39.802 0 373349505
4 203 12.454 12.454 0 373349505
4 13 10.306 10.306 0 373349505
4 130 12.53 12.53 0 373349505
9 83 21.87 21.87 0 373349505
9 84 13.854 13.854 0 373349505
9 138 56.632 56.632 0 373349505
9 194 217.838 217.838 0 373349505
9 74 6.584 6.584 0 373349505
9 132 8.914 8.914 0 373349505
9 8 4.188 4.188 0 373349505
9 70 8.244 8.244 0 373349505
9 64 16.472 16.472 0 373349505
9 4 12.408 12.408 0 373349505
9 20 50.73 50.73 0 373349505
9 192 16.944 16.944 0 373349505
9 193 200.158 200.158 0 373349505
9 210 4.488 4.488 0 373349505
9 68 8.98 8.98 0 373349505
9 65 87.278 87.278 0 373349505
9 140 8.262 8.262 0 373349505
9 69 4.14 4.14 0 373349505
9 136 8.356 8.356 0 373349505
9 145 4.496 4.496 0 373349505
9 18 26.316 26.316 0 373349505
9 196 4.484 4.484 0 373349505
9 10 10.384 10.384 0 373349505
9 67 18.022 18.022 0 373349505
9 66 207.06 207.06 0 373349505
9 204 4.28 4.28 0 373349505
9 12 18.998 18.998 0 373349505
9 76 4.3 4.3 0 373349505
9 77 8.644 8.644 0 373349505
9 131 7.322 7.322 0 373349505
9 139 15.618 15.618 0 373349505
9 212 4.612 4.612 0 373349505
9 141 13.238 13.238 0 373349505
9 134 21.814 21.814 0 373349505
9 0 201.184 201.184 0 373349505
9 198 5.144 5.144 0 373349505
9 5 8.166 8.166 0 373349505
9 72 4.166 4.166 0 373349505
9 133 8.136 8.136 0 373349505
9 1 4.982 4.982 0 373349505
9 128 8.55 8.55 0 373349505
9 197 5.194 5.194 0 373349505
9 3 199.964 199.964 0 373349505
9 73 17.068 17.068 0 373349505
9 201 392.342 392.342 0 373349505
9 129 5.212 5.212 0 373349505
9 137 200.15 200.15 0 373349505
9 11 5.346 5.346 0 373349505
9 205 200.32 200.32 0 373349505
9 19 4.424 4.424 0 373349505
9 146 217.076 217.076 0 373349505
9 2 4.28 4.28 0 373349505
9 147 218.474 218.474 0 373349505
9 211 17.186 17.186 0 373349505
9 82 8.226 8.226 0 373349505
9 202 31.6 31.6 0 373349505
9 209 200.096 200.096 0 373349505
9 148 17.064 17.064 0 373349505
9 195 11.418 11.418 0 373349505
9 75 17.174 17.174 0 373349505
9 203 32.282 32.282 0 373349505
9 13 16.582 16.582 0 373349505
9 130 26.058 26.058 0 373349505
20 83 202.338 202.338 0 373349505
20 84 24.814 24.814 0 373349505
20 138 71.25 71.25 0 373349505
20 194 25.494 25.494 0 373349505
20 74 202.454 202.454 0 373349505
20 132 27.292 27.292 0 373349505
20 8 14.844 14.844 0 373349505
20 70 12.462 12.462 0 373349505
20 64 9 9 0 373349505
20 4 14.566 14.566 0 373349505
20 9 31.918 31.918 0 373349505
20 192 23.072 23.072 0 373349505
20 193 28.168 28.168 0 373349505
20 210 203.65 203.65 0 373349505
20 68 14.806 14.806 0 373349505
20 65 25.348 25.348 0 373349505
20 140 12.418 12.418 0 373349505
20 69 8.234 8.234 0 373349505
20 136 12.196 12.196 0 373349505
20 145 12.002 12.002 0 373349505
20 18 13.528 13.528 0 373349505
20 196 12.702 12.702 0 373349505
20 10 76.938 76.938 0 373349505
20 67 18.836 18.836 0 373349505
20 66 30.754 30.754 0 373349505
20 204 233.71 233.71 0 373349505
20 12 16.514 16.514 0 373349505
20 76 8.904 8.904 0 373349505
20 77 12.344 12.344 0 373349505
20 131 21.698 21.698 0 373349505
20 139 13.668 13.668 0 373349505
20 212 13.72 13.72 0 373349505
20 141 12.672 12.672 0 373349505
20 134 11.74 11.74 0 373349505
20 0 25.106 25.106 0 373349505
20 198 200.238 200.238 0 373349505
20 5 12.414 12.414 0 373349505
20 72 8.324 8.324 0 373349505
20 133 12.248 12.248 0 373349505
20 1 33.586 33.586 0 373349505
20 128 12.714 12.714 0 373349505
20 197 8.094 8.094 0 373349505
20 3 9.836 9.836 0 373349505
20 73 22.894 22.894 0 373349505
20 201 28.228 28.228 0 373349505
20 129 204.216 204.216 0 373349505
20 137 14.118 14.118 0 373349505
20 11 10.34 10.34 0 373349505
20 205 12.412 12.412 0 373349505
20 19 8.514 8.514 0 373349505
20 146 12.576 12.576 0 373349505
20 2 14.494 14.494 0 373349505
20 147 12.314 12.314 0 373349505
20 211 200.228 200.228 0 373349505
20 82 25.106 25.106 0 373349505
20 202 200.5 200.5 0 373349505
20 209 37.892 37.892 0 373349505
20 148 392.174 392.174 0 373349505
20 195 25.302 25.302 0 373349505
20 75 202.042 202.042 0 373349505
20 203 25.752 25.752 0 373349505
20 13 200.338 200.338 0 373349505
20 130 25.022 25.022 0 373349505
192 83 4.23 4.23 0 373349505
192 84 200.454 200.454 0 373349505
192 138 55.016 55.016 0 373349505
192 194 200.278 200.278 0 373349505
192 74 18.792 18.792 0 373349505
192 132 10.282 10.282 0 373349505
192 8 17.84 17.84 0 373349505
192 70 8.172 8.172 0 373349505
192 64 17.736 17.736 0 373349505
192 4 8.124 8.124 0 373349505
192 9 18.476 18.476 0 373349505
192 20 29.85 29.85 0 373349505
192 193 201.526 201.526 0 373349505
192 210 5.632 5.632 0 373349505
192 68 9.56 9.56 0 373349505
192 65 17.03 17.03 0 373349505
192 140 8.124 8.124 0 373349505
192 69 4.042 4.042 0 373349505
192 136 50.236 50.236 0 373349505
192 145 4.418 4.418 0 373349505
192 18 9.518 9.518 0 373349505
192 196 4.408 4.408 0 373349505
192 10 10.332 10.332 0 373349505
192 67 18.52 18.52 0 373349505
192 66 205.702 205.702 0 373349505
192 204 4.8 4.8 0 373349505
192 12 18.894 18.894 0 373349505
192 76 4.288 4.288 0 373349505
192 77 9 9 0 373349505
192 131 7.284 7.284 0 373349505
192 139 15.63 15.63 0 373349505
192 212 5.602 5.602 0 373349505
192 141 8.364 8.364 0 373349505
192 134 21.4 21.4 0 373349505
192 0 212.586 212.586 0 373349505
192 198 5.814 5.814 0 373349505
192 5 8.218 8.218 0 373349505
192 72 4.084 4.084 0 373349505
192 133 9.54 9.54 0 373349505
192 1 56.442 56.442 0 373349505
192 128 32.58 32.58 0 373349505
192 197 4.44 4.44 0 373349505
192 3 7.056 7.056 0 373349505
192 73 28.07 28.07 0 373349505
192 201 202.652 202.652 0 373349505
192 129 6.094 6.094 0 373349505
192 137 8.032 8.032 0 373349505
192 11 5.142 5.142 0 373349505
192 205 8.154 8.154 0 373349505
192 19 4.34 4.34 0 373349505
192 146 8.13 8.13 0 373349505
192 2 11.118 11.118 0 373349505
192 147 27.692 27.692 0 373349505
192 211 4.144 4.144 0 373349505
192 82 199.898 199.898 0 373349505
192 202 16.936 16.936 0 373349505
192 209 392.068 392.068 0 373349505
192 148 4.188 4.188 0 373349505
192 195 203.312 203.312 0 373349505
192 75 4.19 4.19 0 373349505
192 203 203.346 203.346 0 373349505
192 13 4.038 4.038 0 373349505
192 130 200.254 200.254 0 373349505
193 83 8.714 8.714 0 373349505
193 84 12.218 12.218 0 373349505
193 138 220.662 220.662 0 373349505
193 194 38.092 38.092 0 373349505
193 74 394.284 394.284 0 373349505
193 132 24.774 24.774 0 373349505
193 8 224.904 224.904 0 373349505
193 70 25.338 25.338 0 373349505
193 64 200.608 200.608 0 373349505
193 4 24.956 24.956 0 373349505
193 9 201.964 201.964 0 373349505
193 20 25.434 25.434 0 373349505
193 192 204.238 204.238 0 373349505
193 210 201.07 201.07 0 373349505
193 68 12.702 12.702 0 373349505
193 65 20.712 20.712 0 373349505
193 140 27.402 27.402 0 373349505
193 69 14.47 14.47 0 373349505
193 136 12.004 12.004 0 373349505
193 145 11.158 11.158 0 373349505
193 18 13.03 13.03 0 373349505
193 196 10.28 10.28 0 373349505
193 10 24.522 24.522 0 373349505
193 67 24.726 24.726 0 373349505
193 66 33.612 33.612 0 373349505
193 204 202.162 202.162 0 373349505
193 12 17.194 17.194 0 373349505
193 76 8.64 8.64 0 373349505
193 77 12.14 12.14 0 373349505
193 131 54.372 54.372 0 373349505
193 139 13.24 13.24 0 373349505
193 212 13.558 13.558 0 373349505
193 141 12.404 12.404 0 373349505
193 134 12.132 12.132 0 373349505
193 0 25.364 25.364 0 373349505
193 198 212.252 212.252 0 373349505
193 5 12.118 12.118 0 373349505
193 72 8.144 8.144 0 373349505
193 133 12.352 12.352 0 373349505
193 1 8.51 8.51 0 373349505
193 128 12.408 12.408 0 373349505
193 197 9.118 9.118 0 373349505
193 3 12.076 12.076 0 373349505
193 73 8.67 8.67 0 373349505
193 201 25.088 25.088 0 373349505
193 129 201.098 201.098 0 373349505
193 137 62.122 62.122 0 373349505
193 11 9.18 9.18 0 373349505
193 205 12.252 12.252 0 373349505
193 19 8.334 8.334 0 373349505
193 146 12.026 12.026 0 373349505
193 2 13.326 13.326 0 373349505
193 147 10.67 10.67 0 373349505
193 211 5.646 5.646 0 373349505
193 82 23.706 23.706 0 373349505
193 202 11.082 11.082 0 373349505
193 209 27.618 27.618 0 373349505
193 148 201.956 201.956 0 373349505
193 195 13.118 13.118 0 373349505
193 75 8.33 8.33 0 373349505
193 203 12.264 12.264 0 373349505
193 13 8.066 8.066 0 373349505
193 130 12.046 12.046 0 373349505
210 83 4.526 4.526 0 373349505
210 84 9.034 9.034 0 373349505
210 138 74.38 74.38 0 373349505
210 194 392.574 392.574 0 373349505
210 74 6.486 6.486 0 373349505
210 132 217.816 217.816 0 373349505
210 8 5.278 5.278 0 373349505
210 70 225.144 225.144 0 373349505
210 64 5.548 5.548 0 373349505
210 4 200.602 200.602 0 373349505
210 9 4.588 4.588 0 373349505
210 20 201.262 201.262 0 373349505
210 192 6.814 6.814 0 373349505
210 193 204.614 204.614 0 373349505
210 68 201.274 201.274 0 373349505
210 65 20.15 20.15 0 373349505
210 140 8.85 8.85 0 373349505
210 69 17.374 17.374 0 373349505
210 136 8.866 8.866 0 373349505
210 145 17.276 17.276 0 373349505
210 18 9.92 9.92 0 373349505
210 196 16.89 16.89 0 373349505
210 10 50.592 50.592 0 373349505
210 67 47.658 47.658 0 373349505
210 66 207.158 207.158 0 373349505
210 204 5.862 5.862 0 373349505
210 12 61.058 61.058 0 373349505
210 76 4.716 4.716 0 373349505
210 77 9.196 9.196 0 373349505
210 131 7.886 7.886 0 373349505
210 139 16.342 16.342 0 373349505
210 212 6.108 6.108 0 373349505
210 141 9.844 9.844 0 373349505
210 134 21.89 21.89 0 373349505
210 0 204.068 204.068 0 373349505
210 198 5.434 5.434 0 373349505
210 5 8.646 8.646 0 373349505
210 72 4.776 4.776 0 373349505
210 133 8.628 8.628 0 373349505
210 1 5.232 5.232 0 373349505
210 128 8.942 8.942 0 373349505
210 197 5.986 5.986 0 373349505
210 3 8.578 8.578 0 373349505
210 73 4.822 4.822 0 373349505
210 201 8.996 8.996 0 373349505
210 129 18.326 18.326 0 373349505
210 137 200.516 200.516 0 373349505
210 11 7.482 7.482 0 373349505
210 205 9.07 9.07 0 373349505
210 19 5.344 5.344 0 373349505
210 146 8.816 8.816 0 373349505
210 2 4.98 4.98 0 373349505
210 147 47.398 47.398 0 373349505
210 211 4.28 4.28 0 373349505
210 82 14.3 14.3 0 373349505
210 202 18.97 18.97 0 373349505
210 209 202.028 202.028 0 373349505
210 148 111.866 111.866 0 373349505
210 195 12.326 12.326 0 373349505
210 75 5.358 5.358 0 373349505
210 203 21.476 21.476 0 373349505
210 13 4.982 4.982 0 373349505
210 130 9.194 9.194 0 373349505
68 83 6.464 6.464 0 373349505
68 84 10.262 10.262 0 373349505
68 138 88.886 88.886 0 373349505
68 194 28.916 28.916 0 373349505
68 74 207.698 207.698 0 373349505
68 132 13.142 13.142 0 373349505
68 8 9.15 9.15 0 373349505
68 70 12.786 12.786 0 373349505
68 64 9.008 9.008 0 373349505
68 4 12.914 12.914 0 373349505
68 9 9.398 9.398 0 373349505
68 20 13.698 13.698 0 373349505
68 192 8.668 8.668 0 373349505
68 193 14.732 14.732 0 373349505
68 210 205.134 205.134 0 373349505
68 65 406.38 406.38 0 373349505
68 140 25.67 25.67 0 373349505
68 69 200.698 200.698 0 373349505
68 136 25.512 25.512 0 373349505
68 145 204.622 204.622 0 373349505
68 18 27.084 27.084 0 373349505
68 196 205.27 205.27 0 373349505
68 10 26.73 26.73 0 373349505
68 67 211.646 211.646 0 373349505
68 66 44.144 44.144 0 373349505
68 204 201.908 201.908 0 373349505
68 12 17.42 17.42 0 373349505
68 76 9.932 9.932 0 373349505
68 77 28.578 28.578 0 373349505
68 131 28.98 28.98 0 373349505
68 139 13.842 13.842 0 373349505
68 212 13.61 13.61 0 373349505
68 141 10.786 10.786 0 373349505
68 134 27.284 27.284 0 373349505
68 0 29.048 29.048 0 373349505
68 198 261.438 261.438 0 373349505
68 5 15.534 15.534 0 373349505
68 72 10.15 10.15 0 373349505
68 133 13.356 13.356 0 373349505
68 1 9.972 9.972 0 373349505
68 128 14.332 14.332 0 373349505
68 197 10.212 10.212 0 373349505
68 3 13.314 13.314 0 373349505
68 73 29.352 29.352 0 373349505
68 201 13.84 13.84 0 373349505
68 129 10.606 10.606 0 373349505
68 137 26.284 26.284 0 373349505
68 11 202.572 202.572 0 373349505
68 205 14.284 14.284 0 373349505
68 19 9.976 9.976 0 373349505
68 146 13.618 13.618 0 373349505
68 2 36.31 36.31 0 373349505
68 147 13.29 13.29 0 373349505
68 211 9.746 9.746 0 373349505
68 82 13.702 13.702 0 373349505
68 202 9.774 9.774 0 373349505
68 209 26.508 26.508 0 373349505
68 148 205.108 205.108 0 373349505
68 195 13.814 13.814 0 373349505
68 75 10.314 10.314 0 373349505
68 203 133.378 133.378 0 373349505
68 13 21.906 21.906 0 373349505
68 130 13.234 13.234 0 373349505
65 83 7.196 7.196 0 373349505
65 84 20.7 20.7 0 373349505
65 138 174.152 174.152 0 373349505
65 194 215.292 215.292 0 373349505
65 74 9.858 9.858 0 373349505
65 132 22.214 22.214 0 373349505
65 8 7.278 7.278 0 373349505
65 70 20.492 20.492 0 373349505
65 64 6.962 6.962 0 373349505
65 4 22.238 22.238 0 373349505
65 9 82.07 82.07 0 373349505
65 20 23.556 23.556 0 373349505
65 192 13.798 13.798 0 373349505
65 193 20.698 20.698 0 373349505
65 210 21.904 21.904 0 373349505
65 68 409.636 409.636 0 373349505
65 140 215.314 215.314 0 373349505
65 69 114.156 114.156 0 373349505
65 136 213.104 213.104 0 373349505
65 145 13.644 13.644 0 373349505
65 18 213.958 213.958 0 373349505
65 196 7.186 7.186 0 373349505
65 10 215.992 215.992 0 373349505
65 67 20.91 20.91 0 373349505
65 66 410.48 410.48 0 373349505
65 204 125.758 125.758 0 373349505
65 12 31.93 31.93 0 373349505
65 76 20.178 20.178 0 373349505
65 77 21.558 21.558 0 373349505
65 131 23.118 23.118 0 373349505
65 139 28.542 28.542 0 373349505
65 212 31.76 31.76 0 373349505
65 141 17.842 17.842 0 373349505
65 134 100.194 100.194 0 373349505
65 0 273.584 273.584 0 373349505
65 198 25.794 25.794 0 373349505
65 5 44.314 44.314 0 373349505
65 72 6.372 6.372 0 373349505
65 133 20.354 20.354 0 373349505
65 1 7.552 7.552 0 373349505
65 128 19.632 19.632 0 373349505
65 197 44.906 44.906 0 373349505
65 3 21.022 21.022 0 373349505
65 73 7.05 7.05 0 373349505
65 201 21.04 21.04 0 373349505
65 129 20.794 20.794 0 373349505
65 137 214.198 214.198 0 373349505
65 11 7.768 7.768 0 373349505
65 205 21.766 21.766 0 373349505
65 19 72.06 72.06 0 373349505
65 146 22.292 22.292 0 373349505
65 2 6.78 6.78 0 373349505
65 147 44.788 44.788 0 373349505
65 211 6.892 6.892 0 373349505
65 82 20.672 20.672 0 373349505
65 202 19.768 19.768 0 373349505
65 209 213.006 213.006 0 373349505
65 148 61.802 61.802 0 373349505
65 195 24.212 24.212 0 373349505
65 75 8.266 8.266 0 373349505
65 203 21.97 21.97 0 373349505
65 13 13.156 13.156 0 373349505
65 130 21.358 21.358 0 373349505
140 83 11.724 11.724 0 373349505
140 84 11.892 11.892 0 373349505
140 138 63.648 63.648 0 373349505
140 194 25.568 25.568 0 373349505
140 74 202.192 202.192 0 373349505
140 132 54.46 54.46 0 373349505
140 8 8.576 8.576 0 373349505
140 70 12.268 12.268 0 373349505
140 64 8.556 8.556 0 373349505
140 4 12.216 12.216 0 373349505
140 9 7.398 7.398 0 373349505
140 20 12.118 12.118 0 373349505
140 192 5.752 5.752 0 373349505
140 193 23.75 23.75 0 373349505
140 210 11.618 11.618 0 373349505
140 68 30.55 30.55 0 373349505
140 65 221.484 221.484 0 373349505
140 69 8.814 8.814 0 373349505
140 136 12.4 12.4 0 373349505
140 145 11.906 11.906 0 373349505
140 18 13.42 13.42 0 373349505
140 196 12.388 12.388 0 373349505
140 10 13.18 13.18 0 373349505
140 67 20.04 20.04 0 373349505
140 66 30.658 30.658 0 373349505
140 204 393.174 393.174 0 373349505
140 12 29.22 29.22 0 373349505
140 76 200.758 200.758 0 373349505
140 77 25.034 25.034 0 373349505
140 131 213.606 213.606 0 373349505
140 139 26.102 26.102 0 373349505
140 212 230.622 230.622 0 373349505
140 141 25.734 25.734 0 373349505
140 134 203.288 203.288 0 373349505
140 0 38.006 38.006 0 373349505
140 198 392.39 392.39 0 373349505
140 5 24.956 24.956 0 373349505
140 72 8.204 8.204 0 373349505
140 133 12.376 12.376 0 373349505
140 1 8.578 8.578 0 373349505
140 128 27.638 27.638 0 373349505
140 197 15.584 15.584 0 373349505
140 3 10.734 10.734 0 373349505
140 73 11.092 11.092 0 373349505
140 201 23.844 23.844 0 373349505
140 129 12.154 12.154 0 373349505
140 137 27.272 27.272 0 373349505
140 11 203.25 203.25 0 373349505
140 205 13.268 13.268 0 373349505
140 19 8.446 8.446 0 373349505
140 146 12.262 12.262 0 373349505
140 2 13.882 13.882 0 373349505
140 147 12.192 12.192 0 373349505
140 211 8.614 8.614 0 373349505
140 82 12.184 12.184 0 373349505
140 202 8.246 8.246 0 373349505
140 209 25.024 25.024 0 373349505
140 148 200.206 200.206 0 373349505
140 195 12.216 12.216 0 373349505
140 75 8.534 8.534 0 373349505
140 203 12.074 12.074 0 373349505
140 13 8.152 8.152 0 373349505
140 130 12.102 12.102 0 373349505
69 83 5.396 5.396 0 373349505
69 84 8.444 8.444 0 373349505
69 138 25.918 25.918 0 373349505
69 194 8.374 8.374 0 373349505
69 74 18.624 18.624 0 373349505
69 132 200.954 200.954 0 373349505
69 8 4.632 4.632 0 373349505
69 70 24.762 24.762 0 373349505
69 64 4.838 4.838 0 373349505
69 4 8.11 8.11 0 373349505
69 9 3.71 3.71 0 373349505
69 20 8.156 8.156 0 373349505
69 192 3.068 3.068 0 373349505
69 193 13.284 13.284 0 373349505
69 210 18.242 18.242 0 373349505
69 68 203.428 203.428 0 373349505
69 65 120.544 120.544 0 373349505
69 140 12.294 12.294 0 373349505
69 136 8.998 8.998 0 373349505
69 145 4.466 4.466 0 373349505
69 18 9.628 9.628 0 373349505
69 196 4.694 4.694 0 373349505
69 10 10.336 10.336 0 373349505
69 67 17.978 17.978 0 373349505
69 66 222.386 222.386 0 373349505
69 204 4.232 4.232 0 373349505
69 12 210.964 210.964 0 373349505
69 76 4.328 4.328 0 373349505
69 77 201.728 201.728 0 373349505
69 131 7.41 7.41 0 373349505
69 139 210.166 210.166 0 373349505
69 212 7.138 7.138 0 373349505
69 141 241.296 241.296 0 373349505
69 134 8.368 8.368 0 373349505
69 0 200.136 200.136 0 373349505
69 198 16.878 16.878 0 373349505
69 5 391.9 391.9 0 373349505
69 72 16.89 16.89 0 373349505
69 133 8.076 8.076 0 373349505
69 1 29.024 29.024 0 373349505
69 128 8.536 8.536 0 373349505
69 197 17.89 17.89 0 373349505
69 3 48.988 48.988 0 373349505
69 73 15.9 15.9 0 373349505
69 201 13.544 13.544 0 373349505
69 129 31.75 31.75 0 373349505
69 137 219.23 219.23 0 373349505
69 11 23.564 23.564 0 373349505
69 205 8.186 8.186 0 373349505
69 19 4.394 4.394 0 373349505
69 146 8.182 8.182 0 373349505
69 2 4.35 4.35 0 373349505
69 147 31.51 31.51 0 373349505
69 211 4.244 4.244 0 373349505
69 82 24.722 24.722 0 373349505
69 202 17.006 17.006 0 373349505
69 209 200.106 200.106 0 373349505
69 148 4.252 4.252 0 373349505
69 195 23.784 23.784 0 373349505
69 75 4.27 4.27 0 373349505
69 203 8.026 8.026 0 373349505
69 13 4.43 4.43 0 373349505
69 130 8.056 8.056 0 373349505
136 83 10.13 10.13 0 373349505
136 84 12.312 12.312 0 373349505
136 138 28.93 28.93 0 373349505
136 194 12.486 12.486 0 373349505
136 74 9.994 9.994 0 373349505
136 132 24.664 24.664 0 373349505
136 8 232.992 232.992 0 373349505
136 70 12.26 12.26 0 373349505
136 64 8.516 8.516 0 373349505
136 4 12.104 12.104 0 373349505
136 9 8.354 8.354 0 373349505
136 20 12.2 12.2 0 373349505
136 192 29.35 29.35 0 373349505
136 193 12.012 12.012 0 373349505
136 210 8.714 8.714 0 373349505
136 68 25.504 25.504 0 373349505
136 65 213.54 213.54 0 373349505
136 140 14.144 14.144 0 373349505
136 69 12.482 12.482 0 373349505
136 145 33.352 33.352 0 373349505
136 18 13.188 13.188 0 373349505
136 196 11.224 11.224 0 373349505
136 10 129.938 129.938 0 373349505
136 67 35.382 35.382 0 373349505
136 66 33.696 33.696 0 373349505
136 204 203.392 203.392 0 373349505
136 12 18.252 18.252 0 373349505
136 76 12.336 12.336 0 373349505
136 77 13.024 13.024 0 373349505
136 131 21.712 21.712 0 373349505
136 139 13.374 13.374 0 373349505
136 212 13.694 13.694 0 373349505
136 141 12.394 12.394 0 373349505
136 134 11.95 11.95 0 373349505
136 0 12.072 12.072 0 373349505
136 198 8.242 8.242 0 373349505
136 5 24.906 24.906 0 373349505
136 72 391.9 391.9 0 373349505
136 133 24.944 24.944 0 373349505
136 1 200.906 200.906 0 373349505
136 128 25.228 25.228 0 373349505
136 197 201.314 201.314 0 373349505
136 3 25.034 25.034 0 373349505
136 73 202.918 202.918 0 373349505
136 201 25.094 25.094 0 373349505
136 129 201.458 201.458 0 373349505
136 137 37.634 37.634 0 373349505
136 11 393.364 393.364 0 373349505
136 205 24.966 24.966 0 373349505
136 19 9.48 9.48 0 373349505
136 146 13.07 13.07 0 373349505
136 2 12.664 12.664 0 373349505
136 147 27.422 27.422 0 373349505
136 211 13.444 13.444 0 373349505
136 82 9.56 9.56 0 373349505
136 202 22.252 22.252 0 373349505
136 209 27.882 27.882 0 373349505
136 148 202.632 202.632 0 373349505
136 195 14.514 14.514 0 373349505
136 75 21.59 21.59 0 373349505
136 203 11.982 11.982 0 373349505
136 13 53.73 53.73 0 373349505
136 130 12.328 12.328 0 373349505
145 83 4.798 4.798 0 373349505
145 84 13.672 13.672 0 373349505
145 138 41.512 41.512 0 373349505
145 194 12.228 12.228 0 373349505
145 74 19.162 19.162 0 373349505
145 132 204.702 204.702 0 373349505
145 8 5.138 5.138 0 373349505
145 70 12.04 12.04 0 373349505
145 64 5.726 5.726 0 373349505
145 4 12.594 12.594 0 373349505
145 9 4.516 4.516 0 373349505
145 20 12.05 12.05 0 373349505
145 192 4.43 4.43 0 373349505
145 193 12.07 12.07 0 373349505
145 210 17.618 17.618 0 373349505
145 68 204.46 204.46 0 373349505
145 65 17.098 17.098 0 373349505
145 140 11.952 11.952 0 373349505
145 69 6.576 6.576 0 373349505
145 136 57.668 57.668 0 373349505
145 18 13.936 13.936 0 373349505
145 196 4.252 4.252 0 373349505
145 10 14.334 14.334 0 373349505
145 67 22.976 22.976 0 373349505
145 66 210.158 210.158 0 373349505
145 204 5.638 5.638 0 373349505
145 12 23.536 23.536 0 373349505
145 76 5.332 5.332 0 373349505
145 77 26.034 26.034 0 373349505
145 131 7.728 7.728 0 373349505
145 139 19.444 19.444 0 373349505
145 212 5.91 5.91 0 373349505
145 141 12.348 12.348 0 373349505
145 134 8.452 8.452 0 373349505
145 0 12.146 12.146 0 373349505
145 198 17.34 17.34 0 373349505
145 5 203.908 203.908 0 373349505
145 72 4.542 4.542 0 373349505
145 133 203.71 203.71 0 373349505
145 1 59.128 59.128 0 373349505
145 128 204.72 204.72 0 373349505
145 197 5.538 5.538 0 373349505
145 3 203.85 203.85 0 373349505
145 73 4.52 4.52 0 373349505
145 201 204.088 204.088 0 373349505
145 129 25.02 25.02 0 373349505
145 137 395.926 395.926 0 373349505
145 11 7.356 7.356 0 373349505
145 205 204.132 204.132 0 373349505
145 19 17.77 17.77 0 373349505
145 146 11.98 11.98 0 373349505
145 2 17.458 17.458 0 373349505
145 147 31.604 31.604 0 373349505
145 211 23.46 23.46 0 373349505
145 82 10.994 10.994 0 373349505
145 202 34.852 34.852 0 373349505
145 209 204.996 204.996 0 373349505
145 148 18.384 18.384 0 373349505
145 195 34.274 34.274 0 373349505
145 75 23.03 23.03 0 373349505
145 203 11.914 11.914 0 373349505
145 13 4.554 4.554 0 373349505
145 130 37.954 37.954 0 373349505
18 83 10.276 10.276 0 373349505
18 84 26.324 26.324 0 373349505
18 138 45.056 45.056 0 373349505
18 194 24.422 24.422 0 373349505
18 74 14.478 14.478 0 373349505
18 132 30.44 30.44 0 373349505
18 8 203.416 203.416 0 373349505
18 70 14.5 14.5 0 373349505
18 64 12.654 12.654 0 373349505
18 4 13.72 13.72 0 373349505
18 9 42.528 42.528 0 373349505
18 20 13.524 13.524 0 373349505
18 192 9.516 9.516 0 373349505
18 193 13.318 13.318 0 373349505
18 210 9.93 9.93 0 373349505
18 68 26.864 26.864 0 373349505
18 65 214.028 214.028 0 373349505
18 140 13.416 13.416 0 373349505
18 69 9.594 9.594 0 373349505
18 136 15.48 15.48 0 373349505
18 145 17.58 17.58 0 373349505
18 196 14.356 14.356 0 373349505
18 10 14.724 14.724 0 373349505
18 67 19.046 19.046 0 373349505
18 66 31.794 31.794 0 373349505
18 204 202.644 202.644 0 373349505
18 12 17.514 17.514 0 373349505
18 76 34.892 34.892 0 373349505
18 77 14.278 14.278 0 373349505
18 131 35.39 35.39 0 373349505
18 139 14.344 14.344 0 373349505
18 212 15.038 15.038 0 373349505
18 141 12.316 12.316 0 373349505
18 134 11.836 11.836 0 373349505
18 0 24.892 24.892 0 373349505
18 198 12.668 12.668 0 373349505
18 5 28.498 28.498 0 373349505
18 72 203.58 203.58 0 373349505
18 133 14.58 14.58 0 373349505
18 1 9.978 9.978 0 373349505
18 128 13.67 13.67 0 373349505
18 197 10.59 10.59 0 373349505
18 3 13.318 13.318 0 373349505
18 73 10.166 10.166 0 373349505
18 201 13.49 13.49 0 373349505
18 129 10.588 10.588 0 373349505
18 137 78.414 78.414 0 373349505
18 11 202.666 202.666 0 373349505
18 205 13.498 13.498 0 373349505
18 19 206.342 206.342 0 373349505
18 146 26.204 26.204 0 373349505
18 2 205.876 205.876 0 373349505
18 147 26.198 26.198 0 373349505
18 211 201.704 201.704 0 373349505
18 82 26.346 26.346 0 373349505
18 202 201.9 201.9 0 373349505
18 209 38.95 38.95 0 373349505
18 148 393.642 393.642 0 373349505
18 195 26.204 26.204 0 373349505
18 75 201.85 201.85 0 373349505
18 203 25.89 25.89 0 373349505
18 13 9.514 9.514 0 373349505
18 130 13.35 13.35 0 373349505
196 83 17.744 17.744 0 373349505
196 84 11.974 11.974 0 373349505
196 138 87.052 87.052 0 373349505
196 194 17.596 17.596 0 373349505
196 74 33.148 33.148 0 373349505
196 132 206.514 206.514 0 373349505
196 8 19.37 19.37 0 373349505
196 70 30.806 30.806 0 373349505
196 64 23.804 23.804 0 373349505
196 4 29.526 29.526 0 373349505
196 9 4.488 4.488 0 373349505
196 20 12.808 12.808 0 373349505
196 192 4.436 4.436 0 373349505
196 193 13.172 13.172 0 373349505
196 210 17.68 17.68 0 373349505
196 68 205.076 205.076 0 373349505
196 65 7.214 7.214 0 373349505
196 140 12.404 12.404 0 373349505
196 69 4.71 4.71 0 373349505
196 136 12.47 12.47 0 373349505
196 145 6.946 6.946 0 373349505
196 18 18.006 18.006 0 373349505
196 10 15.004 15.004 0 373349505
196 67 15.392 15.392 0 373349505
196 66 18.004 18.004 0 373349505
196 204 17.338 17.338 0 373349505
196 12 273.412 273.412 0 373349505
196 76 4.614 4.614 0 373349505
196 77 37.08 37.08 0 373349505
196 131 7.636 7.636 0 373349505
196 139 19.824 19.824 0 373349505
196 212 5.79 5.79 0 373349505
196 141 12.022 12.022 0 373349505
196 134 7.636 7.636 0 373349505
196 0 34.286 34.286 0 373349505
196 198 18.2 18.2 0 373349505
196 5 205.168 205.168 0 373349505
196 72 5.458 5.458 0 373349505
196 133 12.082 12.082 0 373349505
196 1 5.476 5.476 0 373349505
196 128 12.982 12.982 0 373349505
196 197 5.762 5.762 0 373349505
196 3 12.662 12.662 0 373349505
196 73 4.438 4.438 0 373349505
196 201 12.686 12.686 0 373349505
196 129 18.278 18.278 0 373349505
196 137 204.48 204.48 0 373349505
196 11 5.736 5.736 0 373349505
196 205 12.546 12.546 0 373349505
196 19 4.848 4.848 0 373349505
196 146 204.28 204.28 0 373349505
196 2 4.478 4.478 0 373349505
196 147 224.174 224.174 0 373349505
196 211 4.714 4.714 0 373349505
196 82 216.76 216.76 0 373349505
196 202 4.506 4.506 0 373349505
196 209 220.948 220.948 0 373349505
196 148 128.918 128.918 0 373349505
196 195 399.31 399.31 0 373349505
196 75 6.272 6.272 0 373349505
196 203 204.296 204.296 0 373349505
196 13 17.204 17.204 0 373349505
196 130 12.348 12.348 0 373349505
10 83 206.508 206.508 0 373349505
10 84 24.686 24.686 0 373349505
10 138 238.834 238.834 0 373349505
10 194 104.336 104.336 0 373349505
10 74 204.206 204.206 0 373349505
10 132 38.578 38.578 0 373349505
10 8 394.854 394.854 0 373349505
10 70 26.174 26.174 0 373349505
10 64 202.598 202.598 0 373349505
10 4 26.422 26.422 0 373349505
10 9 10.39 10.39 0 373349505
10 20 71.566 71.566 0 373349505
10 192 9.48 9.48 0 373349505
10 193 25.68 25.68 0 373349505
10 210 63.802 63.802 0 373349505
10 68 29.51 29.51 0 373349505
10 65 219.27 219.27 0 373349505
10 140 15.102 15.102 0 373349505
10 69 11.284 11.284 0 373349505
10 136 127.838 127.838 0 373349505
10 145 17.98 17.98 0 373349505
10 18 14.91 14.91 0 373349505
10 196 18.69 18.69 0 373349505
10 67 20.47 20.47 0 373349505
10 66 18.946 18.946 0 373349505
10 204 11.166 11.166 0 373349505
10 12 145.264 145.264 0 373349505
10 76 203.026 203.026 0 373349505
10 77 13.178 13.178 0 373349505
10 131 23.802 23.802 0 373349505
10 139 14.448 14.448 0 373349505
10 212 15.816 15.816 0 373349505
10 141 13.442 13.442 0 373349505
10 134 15.022 15.022 0 373349505
10 0 128.592 128.592 0 373349505
10 198 10.376 10.376 0 373349505
10 5 27.944 27.944 0 373349505
10 72 202.422 202.422 0 373349505
10 133 13.246 13.246 0 373349505
10 1 10.924 10.924 0 373349505
10 128 13.48 13.48 0 373349505
10 197 11.398 11.398 0 373349505
10 3 103.924 103.924 0 373349505
10 73 9.668 9.668 0 373349505
10 201 10.698 10.698 0 373349505
10 129 44.534 44.534 0 373349505
10 137 29.028 29.028 0 373349505
10 11 205.662 205.662 0 373349505
10 205 15.136 15.136 0 373349505
10 19 11.666 11.666 0 373349505
10 146 89.17 89.17 0 373349505
10 2 13.506 13.506 0 373349505
10 147 13.406 13.406 0 373349505
10 211 31.162 31.162 0 373349505
10 82 13.618 13.618 0 373349505
10 202 22.512 22.512 0 373349505
10 209 13.166 13.166 0 373349505
10 148 35.314 35.314 0 373349505
10 195 130.006 130.006 0 373349505
10 75 202.444 202.444 0 373349505
10 203 111.372 111.372 0 373349505
10 13 204.238 204.238 0 373349505
10 130 25.906 25.906 0 373349505
67 83 12.528 12.528 0 373349505
67 84 208.878 208.878 0 373349505
67 138 196.656 196.656 0 373349505
67 194 212.08 212.08 0 373349505
67 74 20.454 20.454 0 373349505
67 132 401.374 401.374 0 373349505
67 8 6.744 6.744 0 373349505
67 70 211.27 211.27 0 373349505
67 64 6.418 6.418 0 373349505
67 4 210.656 210.656 0 373349505
67 9 18.026 18.026 0 373349505
67 20 19.164 19.164 0 373349505
67 192 18.138 18.138 0 373349505
67 193 19.968 19.968 0 373349505
67 210 42.382 42.382 0 373349505
67 68 212.482 212.482 0 373349505
67 65 22 22 0 373349505
67 140 21.456 21.456 0 373349505
67 69 18.002 18.002 0 373349505
67 136 38.718 38.718 0 373349505
67 145 24.028 24.028 0 373349505
67 18 19.514 19.514 0 373349505
67 196 14.794 14.794 0 373349505
67 10 23.996 23.996 0 373349505
67 66 37.702 37.702 0 373349505
67 204 18.202 18.202 0 373349505
67 12 222.152 222.152 0 373349505
67 76 5.378 5.378 0 373349505
67 77 20.966 20.966 0 373349505
67 131 8.398 8.398 0 373349505
67 139 28.028 28.028 0 373349505
67 212 16.39 16.39 0 373349505
67 141 20.326 20.326 0 373349505
67 134 9.314 9.314 0 373349505
67 0 62.212 62.212 0 373349505
67 198 18.066 18.066 0 373349505
67 5 211.22 211.22 0 373349505
67 72 5.28 5.28 0 373349505
67 133 19.04 19.04 0 373349505
67 1 8.126 8.126 0 373349505
67 128 20.83 20.83 0 373349505
67 197 6.22 6.22 0 373349505
67 3 18.818 18.818 0 373349505
67 73 4.462 4.462 0 373349505
67 201 18.04 18.04 0 373349505
67 129 23.6 23.6 0 373349505
67 137 211.272 211.272 0 373349505
67 11 7.354 7.354 0 373349505
67 205 16.616 16.616 0 373349505
67 19 5.49 5.49 0 373349505
67 146 17.812 17.812 0 373349505
67 2 5.626 5.626 0 373349505
67 147 38.318 38.318 0 373349505
67 211 5.372 5.372 0 373349505
67 82 20.164 20.164 0 373349505
67 202 6.052 6.052 0 373349505
67 209 18.574 18.574 0 373349505
67 148 18.042 18.042 0 373349505
67 195 238.842 238.842 0 373349505
67 75 5.358 5.358 0 373349505
67 203 19.34 19.34 0 373349505
67 13 5.292 5.292 0 373349505
67 130 209.686 209.686 0 373349505
66 83 27.902 27.902 0 373349505
66 84 22.158 22.158 0 373349505
66 138 65.238 65.238 0 373349505
66 194 23.332 23.332 0 373349505
66 74 21.528 21.528 0 373349505
66 132 104.45 104.45 0 373349505
66 8 212 212 0 373349505
66 70 22.932 22.932 0 373349505
66 64 19.774 19.774 0 373349505
66 4 22.854 22.854 0 373349505
66 9 211.81 211.81 0 373349505
66 20 35.72 35.72 0 373349505
66 192 210.68 210.68 0 373349505
66 193 35.576 35.576 0 373349505
66 210 211.056 211.056 0 373349505
66 68 48.974 48.974 0 373349505
66 65 415.45 415.45 0 373349505
66 140 35.618 35.618 0 373349505
66 69 243.576 243.576 0 373349505
66 136 35.644 35.644 0 373349505
66 145 214.13 214.13 0 373349505
66 18 36.818 36.818 0 373349505
66 196 22.922 22.922 0 373349505
66 10 25.41 25.41 0 373349505
66 67 55.964 55.964 0 373349505
66 204 41.686 41.686 0 373349505
66 12 42.36 42.36 0 373349505
66 76 215.61 215.61 0 373349505
66 77 24.394 24.394 0 373349505
66 131 32.174 32.174 0 373349505
66 139 24.336 24.336 0 373349505
66 212 24.146 24.146 0 373349505
66 141 23.484 23.484 0 373349505
66 134 23.91 23.91 0 373349505
66 0 23.236 23.236 0 373349505
66 198 20.168 20.168 0 373349505
66 5 35.898 35.898 0 373349505
66 72 211.764 211.764 0 373349505
66 133 23.466 23.466 0 373349505
66 1 20.302 20.302 0 373349505
66 128 23.596 23.596 0 373349505
66 197 20.76 20.76 0 373349505
66 3 23.336 23.336 0 373349505
66 73 20.372 20.372 0 373349505
66 201 23.178 23.178 0 373349505
66 129 20.802 20.802 0 373349505
66 137 35.616 35.616 0 373349505
66 11 212.84 212.84 0 373349505
66 205 23.07 23.07 0 373349505
66 19 20.152 20.152 0 373349505
66 146 22.758 22.758 0 373349505
66 2 23.346 23.346 0 373349505
66 147 22.806 22.806 0 373349505
66 211 18.926 18.926 0 373349505
66 82 20.668 20.668 0 373349505
66 202 16.714 16.714 0 373349505
66 209 34.268 34.268 0 373349505
66 148 21.964 21.964 0 373349505
66 195 38.588 38.588 0 373349505
66 75 212.6 212.6 0 373349505
66 203 23.618 23.618 0 373349505
66 13 18.43 18.43 0 373349505
66 130 21.922 21.922 0 373349505
204 83 5.03 5.03 0 373349505
204 84 8.746 8.746 0 373349505
204 138 61.112 61.112 0 373349505
204 194 9.494 9.494 0 373349505
204 74 19.306 19.306 0 373349505
204 132 201.664 201.664 0 373349505
204 8 4.832 4.832 0 373349505
204 70 9.046 9.046 0 373349505
204 64 5.154 5.154 0 373349505
204 4 9.096 9.096 0 373349505
204 9 4.278 4.278 0 373349505
204 20 217.478 217.478 0 373349505
204 192 4.786 4.786 0 373349505
204 193 200.918 200.918 0 373349505
204 210 4.692 4.692 0 373349505
204 68 201.626 201.626 0 373349505
204 65 130.414 130.414 0 373349505
204 140 393.178 393.178 0 373349505
204 69 4.23 4.23 0 373349505
204 136 201.11 201.11 0 373349505
204 145 4.676 4.676 0 373349505
204 18 202.81 202.81 0 373349505
204 196 17.328 17.328 0 373349505
204 10 10.5 10.5 0 373349505
204 67 20.032 20.032 0 373349505
204 66 48.102 48.102 0 373349505
204 12 213.508 213.508 0 373349505
204 76 18.24 18.24 0 373349505
204 77 26.13 26.13 0 373349505
204 131 20.312 20.312 0 373349505
204 139 34.51 34.51 0 373349505
204 212 23.828 23.828 0 373349505
204 141 9.254 9.254 0 373349505
204 134 8.782 8.782 0 373349505
204 0 9.008 9.008 0 373349505
204 198 17.024 17.024 0 373349505
204 5 217.578 217.578 0 373349505
204 72 4.24 4.24 0 373349505
204 133 8.918 8.918 0 373349505
204 1 15.164 15.164 0 373349505
204 128 9.4 9.4 0 373349505
204 197 5.272 5.272 0 373349505
204 3 50.37 50.37 0 373349505
204 73 4.178 4.178 0 373349505
204 201 9.096 9.096 0 373349505
204 129 5.266 5.266 0 373349505
204 137 8.89 8.89 0 373349505
204 11 19.798 19.798 0 373349505
204 205 201.404 201.404 0 373349505
204 19 4.744 4.744 0 373349505
204 146 21.49 21.49 0 373349505
204 2 4.3 4.3 0 373349505
204 147 28.534 28.534 0 373349505
204 211 4.706 4.706 0 373349505
204 82 8.164 8.164 0 373349505
204 202 3.328 3.328 0 373349505
204 209 14.222 14.222 0 373349505
204 148 18.028 18.028 0 373349505
204 195 225.104 225.104 0 373349505
204 75 5.308 5.308 0 373349505
204 203 8.964 8.964 0 373349505
204 13 4.194 4.194 0 373349505
204 130 11.926 11.926 0 373349505
12 83 41.872 41.872 0 373349505
12 84 14.286 14.286 0 373349505
12 138 61.192 61.192 0 373349505
12 194 14.142 14.142 0 373349505
12 74 35.268 35.268 0 373349505
12 132 32.862 32.862 0 373349505
12 8 213.64 213.64 0 373349505
12 70 18.192 18.192 0 373349505
12 64 22.218 22.218 0 373349505
12 4 16.564 16.564 0 373349505
12 9 19.01 19.01 0 373349505
12 20 16.53 16.53 0 373349505
12 192 18.898 18.898 0 373349505
12 193 16.266 16.266 0 373349505
12 210 40.148 40.148 0 373349505
12 68 17.104 17.104 0 373349505
12 65 31.954 31.954 0 373349505
12 140 29.228 29.228 0 373349505
12 69 210.892 210.892 0 373349505
12 136 16.33 16.33 0 373349505
12 145 22.562 22.562 0 373349505
12 18 17.54 17.54 0 373349505
12 196 268.718 268.718 0 373349505
12 10 150.352 150.352 0 373349505
12 67 222.078 222.078 0 373349505
12 66 37.842 37.842 0 373349505
12 204 216.264 216.264 0 373349505
12 76 404.246 404.246 0 373349505
12 77 29.322 29.322 0 373349505
12 131 224.44 224.44 0 373349505
12 139 30.37 30.37 0 373349505
12 212 216.378 216.378 0 373349505
12 141 29.59 29.59 0 373349505
12 134 21.632 21.632 0 373349505
12 0 13.828 13.828 0 373349505
12 198 33.11 33.11 0 373349505
12 5 47.464 47.464 0 373349505
12 72 219.738 219.738 0 373349505
12 133 18.336 18.336 0 373349505
12 1 20.974 20.974 0 373349505
12 128 16.504 16.504 0 373349505
12 197 19.994 19.994 0 373349505
12 3 16.116 16.116 0 373349505
12 73 23.132 23.132 0 373349505
12 201 16.544 16.544 0 373349505
12 129 19.988 19.988 0 373349505
12 137 16.598 16.598 0 373349505
12 11 20.034 20.034 0 373349505
12 205 29.352 29.352 0 373349505
12 19 211.034 211.034 0 373349505
12 146 16.864 16.864 0 373349505
12 2 36.332 36.332 0 373349505
12 147 16.348 16.348 0 373349505
12 211 44.006 44.006 0 373349505
12 82 17.006 17.006 0 373349505
12 202 18.994 18.994 0 373349505
12 209 16.346 16.346 0 373349505
12 148 19.016 19.016 0 373349505
12 195 29.218 29.218 0 373349505
12 75 211.21 211.21 0 373349505
12 203 16.308 16.308 0 373349505
12 13 19.054 19.054 0 373349505
12 130 16.314 16.314 0 373349505
76 83 7.078 7.078 0 373349505
76 84 8.404 8.404 0 373349505
76 138 72.64 72.64 0 373349505
76 194 8.518 8.518 0 373349505
76 74 30.644 30.644 0 373349505
76 132 202.83 202.83 0 373349505
76 8 6.346 6.346 0 373349505
76 70 9.794 9.794 0 373349505
76 64 5.18 5.18 0 373349505
76 4 8.918 8.918 0 373349505
76 9 4.3 4.3 0 373349505
76 20 8.906 8.906 0 373349505
76 192 4.288 4.288 0 373349505
76 193 8.63 8.63 0 373349505
76 210 4.62 4.62 0 373349505
76 68 9.78 9.78 0 373349505
76 65 19.666 19.666 0 373349505
76 140 200.762 200.762 0 373349505
76 69 4.334 4.334 0 373349505
76 136 12.224 12.224 0 373349505
76 145 5.358 5.358 0 373349505
76 18 22.662 22.662 0 373349505
76 196 4.614 4.614 0 373349505
76 10 202.986 202.986 0 373349505
76 67 5.36 5.36 0 373349505
76 66 210.632 210.632 0 373349505
76 204 17.644 17.644 0 373349505
76 12 407.65 407.65 0 373349505
76 77 201.736 201.736 0 373349505
76 131 7.618 7.618 0 373349505
76 139 208.124 208.124 0 373349505
76 212 6.582 6.582 0 373349505
76 141 201.178 201.178 0 373349505
76 134 20.858 20.858 0 373349505
76 0 8.068 8.068 0 373349505
76 198 34.542 34.542 0 373349505
76 5 201.818 201.818 0 373349505
76 72 18.174 18.174 0 373349505
76 133 9.766 9.766 0 373349505
76 1 83.086 83.086 0 373349505
76 128 9.248 9.248 0 373349505
76 197 18.126 18.126 0 373349505
76 3 26.956 26.956 0 373349505
76 73 22.676 22.676 0 373349505
76 201 8.962 8.962 0 373349505
76 129 5.362 5.362 0 373349505
76 137 8.774 8.774 0 373349505
76 11 28.184 28.184 0 373349505
76 205 200.904 200.904 0 373349505
76 19 4.586 4.586 0 373349505
76 146 50.51 50.51 0 373349505
76 2 4.436 4.436 0 373349505
76 147 31.736 31.736 0 373349505
76 211 4.416 4.416 0 373349505
76 82 33.08 33.08 0 373349505
76 202 11.084 11.084 0 373349505
76 209 8.822 8.822 0 373349505
76 148 17.126 17.126 0 373349505
76 195 205.21 205.21 0 373349505
76 75 4.422 4.422 0 373349505
76 203 8.786 8.786 0 373349505
76 13 4.336 4.336 0 373349505
76 130 8.904 8.904 0 373349505
77 83 13.778 13.778 0 373349505
77 84 11.072 11.072 0 373349505
77 138 42.684 42.684 0 373349505
77 194 12.818 12.818 0 373349505
77 74 11.306 11.306 0 373349505
77 132 24.682 24.682 0 373349505
77 8 201.558 201.558 0 373349505
77 70 12.292 12.292 0 373349505
77 64 9.238 9.238 0 373349505
77 4 12.434 12.434 0 373349505
77 9 8.658 8.658 0 373349505
77 20 12.192 12.192 0 373349505
77 192 8.808 8.808 0 373349505
77 193 11.19 11.19 0 373349505
77 210 6.684 6.684 0 373349505
77 68 24.538 24.538 0 373349505
77 65 24.57 24.57 0 373349505
77 140 27.566 27.566 0 373349505
77 69 204.166 204.166 0 373349505
77 136 14.428 14.428 0 373349505
77 145 39.108 39.108 0 373349505
77 18 14.454 14.454 0 373349505
77 196 24.956 24.956 0 373349505
77 10 13.192 13.192 0 373349505
77 67 20.948 20.948 0 373349505
77 66 18.42 18.42 0 373349505
77 204 42.774 42.774 0 373349505
77 12 31.732 31.732 0 373349505
77 76 205.392 205.392 0 373349505
77 131 22.88 22.88 0 373349505
77 139 13.416 13.416 0 373349505
77 212 14.102 14.102 0 373349505
77 141 12.552 12.552 0 373349505
77 134 205.072 205.072 0 373349505
77 0 25.236 25.236 0 373349505
77 198 200.648 200.648 0 373349505
77 5 37.84 37.84 0 373349505
77 72 392.87 392.87 0 373349505
77 133 25.13 25.13 0 373349505
77 1 201.248 201.248 0 373349505
77 128 25.358 25.358 0 373349505
77 197 201.624 201.624 0 373349505
77 3 24.922 24.922 0 373349505
77 73 200.578 200.578 0 373349505
77 201 23.802 23.802 0 373349505
77 129 7.62 7.62 0 373349505
77 137 78.722 78.722 0 373349505
77 11 12.824 12.824 0 373349505
77 205 43.258 43.258 0 373349505
77 19 208.832 208.832 0 373349505
77 146 13.27 13.27 0 373349505
77 2 13.388 13.388 0 373349505
77 147 12.27 12.27 0 373349505
77 211 8.772 8.772 0 373349505
77 82 12.416 12.416 0 373349505
77 202 8.638 8.638 0 373349505
77 209 12.18 12.18 0 373349505
77 148 8.644 8.644 0 373349505
77 195 25.088 25.088 0 373349505
77 75 201.096 201.096 0 373349505
77 203 12.126 12.126 0 373349505
77 13 8.726 8.726 0 373349505
77 130 12.118 12.118 0 373349505
131 83 7.546 7.546 0 373349505
131 84 21.222 21.222 0 373349505
131 138 80.464 80.464 0 373349505
131 194 21.768 21.768 0 373349505
131 74 9.23 9.23 0 373349505
131 132 22.214 22.214 0 373349505
131 8 21.11 21.11 0 373349505
131 70 213.476 213.476 0 373349505
131 64 7.97 7.97 0 373349505
131 4 21.688 21.688 0 373349505
131 9 7.39 7.39 0 373349505
131 20 21.652 21.652 0 373349505
131 192 7.282 7.282 0 373349505
131 193 37.678 37.678 0 373349505
131 210 6.75 6.75 0 373349505
131 68 27.476 27.476 0 373349505
131 65 24.134 24.134 0 373349505
131 140 214.604 214.604 0 373349505
131 69 8.428 8.428 0 373349505
131 136 21.728 21.728 0 373349505
131 145 7.736 7.736 0 373349505
131 18 47.692 47.692 0 373349505
131 196 7.646 7.646 0 373349505
131 10 23.896 23.896 0 373349505
131 67 8.366 8.366 0 373349505
131 66 27.214 27.214 0 373349505
131 204 20.494 20.494 0 373349505
131 12 224.48 224.48 0 373349505
131 76 10.342 10.342 0 373349505
131 77 26.796 26.796 0 373349505
131 139 45.802 45.802 0 373349505
131 212 8.738 8.738 0 373349505
131 141 21.984 21.984 0 373349505
131 134 11.16 11.16 0 373349505
131 0 213.408 213.408 0 373349505
131 198 7.398 7.398 0 373349505
131 5 213.572 213.572 0 373349505
131 72 20.176 20.176 0 373349505
131 133 421.976 421.976 0 373349505
131 1 7.82 7.82 0 373349505
131 128 214.024 214.024 0 373349505
131 197 7.948 7.948 0 373349505
131 3 213.78 213.78 0 373349505
131 73 8.828 8.828 0 373349505
131 201 216.12 216.12 0 373349505
131 129 20.704 20.704 0 373349505
131 137 39.18 39.18 0 373349505
131 11 35.12 35.12 0 373349505
131 205 214.736 214.736 0 373349505
131 19 21.794 21.794 0 373349505
131 146 21.68 21.68 0 373349505
131 2 20.22 20.22 0 373349505
131 147 44.8 44.8 0 373349505
131 211 20.212 20.212 0 373349505
131 82 40.294 40.294 0 373349505
131 202 35.698 35.698 0 373349505
131 209 21.596 21.596 0 373349505
131 148 116.282 116.282 0 373349505
131 195 258.628 258.628 0 373349505
131 75 7.386 7.386 0 373349505
131 203 21.526 21.526 0 373349505
131 13 7.296 7.296 0 373349505
131 130 21.552 21.552 0 373349505
139 83 17.996 17.996 0 373349505
139 84 12.76 12.76 0 373349505
139 138 39.628 39.628 0 373349505
139 194 13.436 13.436 0 373349505
139 74 37.258 37.258 0 373349505
139 132 13.358 13.358 0 373349505
139 8 16.272 16.272 0 373349505
139 70 26.28 26.28 0 373349505
139 64 207.718 207.718 0 373349505
139 4 13.384 13.384 0 373349505
139 9 15.734 15.734 0 373349505
139 20 13.62 13.62 0 373349505
139 192 15.626 15.626 0 373349505
139 193 13.25 13.25 0 373349505
139 210 16.16 16.16 0 373349505
139 68 13.888 13.888 0 373349505
139 65 28.708 28.708 0 373349505
139 140 26.108 26.108 0 373349505
139 69 211.052 211.052 0 373349505
139 136 13.318 13.318 0 373349505
139 145 19.41 19.41 0 373349505
139 18 14.478 14.478 0 373349505
139 196 19.866 19.866 0 373349505
139 10 14.354 14.354 0 373349505
139 67 26.68 26.68 0 373349505
139 66 16.792 16.792 0 373349505
139 204 30.394 30.394 0 373349505
139 12 33.45 33.45 0 373349505
139 76 212.552 212.552 0 373349505
139 77 15.866 15.866 0 373349505
139 131 66.908 66.908 0 373349505
139 212 20.766 20.766 0 373349505
139 141 13.746 13.746 0 373349505
139 134 20.618 20.618 0 373349505
139 0 13.354 13.354 0 373349505
139 198 15.724 15.724 0 373349505
139 5 13.348 13.348 0 373349505
139 72 15.88 15.88 0 373349505
139 133 26.084 26.084 0 373349505
139 1 208.306 208.306 0 373349505
139 128 13.838 13.838 0 373349505
139 197 16.72 16.72 0 373349505
139 3 13.248 13.248 0 373349505
139 73 15.74 15.74 0 373349505
139 201 14.236 14.236 0 373349505
139 129 208.56 208.56 0 373349505
139 137 26.958 26.958 0 373349505
139 11 220.872 220.872 0 373349505
139 205 39.034 39.034 0 373349505
139 19 424.756 424.756 0 373349505
139 146 26.664 26.664 0 373349505
139 2 210.726 210.726 0 373349505
139 147 26.128 26.128 0 373349505
139 211 207.832 207.832 0 373349505
139 82 24.95 24.95 0 373349505
139 202 228.048 228.048 0 373349505
139 209 23.854 23.854 0 373349505
139 148 29.894 29.894 0 373349505
139 195 29.126 29.126 0 373349505
139 75 211.152 211.152 0 373349505
139 203 127.004 127.004 0 373349505
139 13 23.47 23.47 0 373349505
139 130 13.416 13.416 0 373349505
212 83 28.538 28.538 0 373349505
212 84 13.446 13.446 0 373349505
212 138 167.842 167.842 0 373349505
212 194 75.818 75.818 0 373349505
212 74 26.704 26.704 0 373349505
212 132 14.484 14.484 0 373349505
212 8 19.104 19.104 0 373349505
212 70 206.8 206.8 0 373349505
212 64 6.654 6.654 0 373349505
212 4 13.794 13.794 0 373349505
212 9 5.768 5.768 0 373349505
212 20 13.708 13.708 0 373349505
212 192 5.768 5.768 0 373349505
212 193 13.538 13.538 0 373349505
212 210 6.13 6.13 0 373349505
212 68 14.28 14.28 0 373349505
212 65 29.258 29.258 0 373349505
212 140 218.474 218.474 0 373349505
212 69 7.522 7.522 0 373349505
212 136 13.61 13.61 0 373349505
212 145 6.016 6.016 0 373349505
212 18 15.002 15.002 0 373349505
212 196 5.918 5.918 0 373349505
212 10 15.686 15.686 0 373349505
212 67 12.63 12.63 0 373349505
212 66 18.094 18.094 0 373349505
212 204 22.988 22.988 0 373349505
212 12 217.328 217.328 0 373349505
212 76 9.872 9.872 0 373349505
212 77 14.98 14.98 0 373349505
212 131 9.546 9.546 0 373349505
212 139 24.436 24.436 0 373349505
212 141 14.248 14.248 0 373349505
212 134 11.628 11.628 0 373349505
212 0 13.568 13.568 0 373349505
212 198 5.688 5.688 0 373349505
212 5 13.572 13.572 0 373349505
212 72 18.532 18.532 0 373349505
212 133 204.992 204.992 0 373349505
212 1 7.218 7.218 0 373349505
212 128 13.422 13.422 0 373349505
212 197 6.61 6.61 0 373349505
212 3 12.992 12.992 0 373349505
212 73 5.55 5.55 0 373349505
212 201 13.164 13.164 0 373349505
212 129 6.96 6.96 0 373349505
212 137 204.798 204.798 0 373349505
212 11 19.472 19.472 0 373349505
212 205 397.11 397.11 0 373349505
212 19 5.872 5.872 0 373349505
212 146 229.424 229.424 0 373349505
212 2 7.554 7.554 0 373349505
212 147 225.964 225.964 0 373349505
212 211 5.718 5.718 0 373349505
212 82 204.578 204.578 0 373349505
212 202 5.546 5.546 0 373349505
212 209 204.268 204.268 0 373349505
212 148 35.774 35.774 0 373349505
212 195 209.228 209.228 0 373349505
212 75 19.416 19.416 0 373349505
212 203 14.112 14.112 0 373349505
212 13 18.336 18.336 0 373349505
212 130 13.22 13.22 0 373349505
141 83 204.868 204.868 0 373349505
141 84 24.346 24.346 0 373349505
141 138 234.224 234.224 0 373349505
141 194 23.742 23.742 0 373349505
141 74 200.992 200.992 0 373349505
141 132 94.87 94.87 0 373349505
141 8 11.73 11.73 0 373349505
141 70 28.456 28.456 0 373349505
141 64 205.292 205.292 0 373349505
141 4 28.214 28.214 0 373349505
141 9 14.702 14.702 0 373349505
141 20 12.918 12.918 0 373349505
141 192 8.626 8.626 0 373349505
141 193 12.656 12.656 0 373349505
141 210 9.592 9.592 0 373349505
141 68 13.438 13.438 0 373349505
141 65 20.164 20.164 0 373349505
141 140 26.106 26.106 0 373349505
141 69 245.65 245.65 0 373349505
141 136 12.664 12.664 0 373349505
141 145 12.636 12.636 0 373349505
141 18 13.96 13.96 0 373349505
141 196 12.974 12.974 0 373349505
141 10 13.704 13.704 0 373349505
141 67 20.608 20.608 0 373349505
141 66 18.796 18.796 0 373349505
141 204 9.526 9.526 0 373349505
141 12 29.944 29.944 0 373349505
141 76 201.482 201.482 0 373349505
141 77 12.81 12.81 0 373349505
141 131 22.542 22.542 0 373349505
141 139 14.232 14.232 0 373349505
141 212 18.02 18.02 0 373349505
141 134 13.86 13.86 0 373349505
141 0 11.092 11.092 0 373349505
141 198 6.632 6.632 0 373349505
141 5 24.342 24.342 0 373349505
141 72 11.752 11.752 0 373349505
141 133 28.904 28.904 0 373349505
141 1 205.89 205.89 0 373349505
141 128 14.574 14.574 0 373349505
141 197 9.728 9.728 0 373349505
141 3 12.68 12.68 0 373349505
141 73 9.064 9.064 0 373349505
141 201 12.888 12.888 0 373349505
141 129 35.004 35.004 0 373349505
141 137 13.064 13.064 0 373349505
141 11 10.242 10.242 0 373349505
141 205 25.734 25.734 0 373349505
141 19 201.598 201.598 0 373349505
141 146 12.74 12.74 0 373349505
141 2 13.588 13.588 0 373349505
141 147 12.768 12.768 0 373349505
141 211 9.27 9.27 0 373349505
141 82 12.78 12.78 0 373349505
141 202 9.288 9.288 0 373349505
141 209 12.716 12.716 0 373349505
141 148 200.972 200.972 0 373349505
141 195 38.576 38.576 0 373349505
141 75 393.436 393.436 0 373349505
141 203 25.436 25.436 0 373349505
141 13 201.126 201.126 0 373349505
141 130 25.724 25.724 0 373349505
134 83 7.272 7.272 0 373349505
134 84 204.674 204.674 0 373349505
134 138 30.644 30.644 0 373349505
134 194 204.01 204.01 0 373349505
134 74 10.836 10.836 0 373349505
134 132 210.514 210.514 0 373349505
134 8 34.244 34.244 0 373349505
134 70 205.932 205.932 0 373349505
134 64 23.726 23.726 0 373349505
134 4 14.058 14.058 0 373349505
134 9 23.438 23.438 0 373349505
134 20 14.104 14.104 0 373349505
134 192 24.386 24.386 0 373349505
134 193 14.918 14.918 0 373349505
134 210 24.536 24.536 0 373349505
134 68 33.816 33.816 0 373349505
134 65 113.29 113.29 0 373349505
134 140 205.308 205.308 0 373349505
134 69 11.374 11.374 0 373349505
134 136 14.43 14.43 0 373349505
134 145 11.15 11.15 0 373349505
134 18 17.678 17.678 0 373349505
134 196 11.436 11.436 0 373349505
134 10 18.208 18.208 0 373349505
134 67 12.11 12.11 0 373349505
134 66 22.224 22.224 0 373349505
134 204 11.894 11.894 0 373349505
134 12 25.81 25.81 0 373349505
134 76 24.548 24.548 0 373349505
134 77 208.246 208.246 0 373349505
134 131 13.676 13.676 0 373349505
134 139 24.438 24.438 0 373349505
134 212 18.194 18.194 0 373349505
134 141 20.256 20.256 0 373349505
134 0 15.548 15.548 0 373349505
134 198 21.544 21.544 0 373349505
134 5 22.044 22.044 0 373349505
134 72 26.404 26.404 0 373349505
134 133 251.742 251.742 0 373349505
134 1 12.998 12.998 0 373349505
134 128 33.344 33.344 0 373349505
134 197 14.532 14.532 0 373349505
134 3 17.654 17.654 0 373349505
134 73 12.068 12.068 0 373349505
134 201 30.744 30.744 0 373349505
134 129 14.59 14.59 0 373349505
134 137 40.32 40.32 0 373349505
134 11 25.138 25.138 0 373349505
134 205 208.076 208.076 0 373349505
134 19 13.014 13.014 0 373349505
134 146 16.27 16.27 0 373349505
134 2 12.598 12.598 0 373349505
134 147 37.8 37.8 0 373349505
134 211 10.182 10.182 0 373349505
134 82 14.262 14.262 0 373349505
134 202 10.798 10.798 0 373349505
134 209 14.272 14.272 0 373349505
134 148 9.312 9.312 0 373349505
134 195 210.176 210.176 0 373349505
134 75 23.782 23.782 0 373349505
134 203 397.042 397.042 0 373349505
134 13 10.728 10.728 0 373349505
134 130 206.58 206.58 0 373349505
0 83 8.258 8.258 0 373349505
0 84 11.164 11.164 0 373349505
0 138 58.144 58.144 0 373349505
0 194 12.346 12.346 0 373349505
0 74 10.62 10.62 0 373349505
0 132 11.896 11.896 0 373349505
0 8 200.702 200.702 0 373349505
0 70 38.078 38.078 0 373349505
0 64 391.914 391.914 0 373349505
0 4 25.022 25.022 0 373349505
0 9 200.178 200.178 0 373349505
0 20 25.098 25.098 0 373349505
0 192 224.848 224.848 0 373349505
0 193 25.224 25.224 0 373349505
0 210 203.706 203.706 0 373349505
0 68 23.29 23.29 0 373349505
0 65 247.712 247.712 0 373349505
0 140 40.902 40.902 0 373349505
0 69 202.56 202.56 0 373349505
0 136 13.978 13.978 0 373349505
0 145 13.04 13.04 0 373349505
0 18 28.544 28.544 0 373349505
0 196 51.706 51.706 0 373349505
0 10 133.06 133.06 0 373349505
0 67 42.262 42.262 0 373349505
0 66 18.28 18.28 0 373349505
0 204 9.002 9.002 0 373349505
0 12 16.334 16.334 0 373349505
0 76 8.96 8.96 0 373349505
0 77 25.132 25.132 0 373349505
0 131 213.39 213.39 0 373349505
0 139 13.526 13.526 0 373349505
0 212 13.562 13.562 0 373349505
0 141 15.47 15.47 0 373349505
0 134 16.638 16.638 0 373349505
0 198 8.786 8.786 0 373349505
0 5 12.266 12.266 0 373349505
0 72 8.16 8.16 0 373349505
0 133 25.072 25.072 0 373349505
0 1 201.06 201.06 0 373349505
0 128 12.714 12.714 0 373349505
0 197 9.29 9.29 0 373349505
0 3 12.294 12.294 0 373349505
0 73 8.062 8.062 0 373349505
0 201 11.556 11.556 0 373349505
0 129 20.94 20.94 0 373349505
0 137 9.664 9.664 0 373349505
0 11 23.264 23.264 0 373349505
0 205 28.032 28.032 0 373349505
0 19 203.492 203.492 0 373349505
0 146 13.538 13.538 0 373349505
0 2 14.004 14.004 0 373349505
0 147 12.188 12.188 0 373349505
0 211 8.196 8.196 0 373349505
0 82 12.206 12.206 0 373349505
0 202 8.346 8.346 0 373349505
0 209 12.234 12.234 0 373349505
0 148 8.172 8.172 0 373349505
0 195 12.178 12.178 0 373349505
0 75 8.376 8.376 0 373349505
0 203 24.848 24.848 0 373349505
0 13 199.87 199.87 0 373349505
0 130 12.19 12.19 0 373349505
198 83 4.262 4.262 0 373349505
198 84 7.81 7.81 0 373349505
198 138 25.1 25.1 0 373349505
198 194 8.12 8.12 0 373349505
198 74 6.228 6.228 0 373349505
198 132 8.668 8.668 0 373349505
198 8 18.318 18.318 0 373349505
198 70 392.216 392.216 0 373349505
198 64 4.256 4.256 0 373349505
198 4 200.138 200.138 0 373349505
198 9 4.148 4.148 0 373349505
198 20 200.242 200.242 0 373349505
198 192 5.11 5.11 0 373349505
198 193 224.39 224.39 0 373349505
198 210 4.508 4.508 0 373349505
198 68 228.854 228.854 0 373349505
198 65 23.848 23.848 0 373349505
198 140 393.372 393.372 0 373349505
198 69 17.868 17.868 0 373349505
198 136 9.26 9.26 0 373349505
198 145 17.352 17.352 0 373349505
198 18 9.672 9.672 0 373349505
198 196 17.204 17.204 0 373349505
198 10 10.372 10.372 0 373349505
198 67 18.058 18.058 0 373349505
198 66 15.41 15.41 0 373349505
198 204 17.02 17.02 0 373349505
198 12 37.386 37.386 0 373349505
198 76 35.512 35.512 0 373349505
198 77 200.62 200.62 0 373349505
198 131 7.376 7.376 0 373349505
198 139 15.908 15.908 0 373349505
198 212 5.494 5.494 0 373349505
198 141 8.436 8.436 0 373349505
198 134 18.678 18.678 0 373349505
198 0 12.272 12.272 0 373349505
198 5 8.59 8.59 0 373349505
198 72 17.012 17.012 0 373349505
198 133 200.07 200.07 0 373349505
198 1 73.226 73.226 0 373349505
198 128 8.58 8.58 0 373349505
198 197 5.496 5.496 0 373349505
198 3 8.08 8.08 0 373349505
198 73 15.648 15.648 0 373349505
198 201 8.424 8.424 0 373349505
198 129 6.054 6.054 0 373349505
198 137 48.664 48.664 0 373349505
198 11 22.616 22.616 0 373349505
198 205 201.19 201.19 0 373349505
198 19 5.482 5.482 0 373349505
198 146 9.136 9.136 0 373349505
198 2 5.206 5.206 0 373349505
198 147 27.946 27.946 0 373349505
198 211 4.294 4.294 0 373349505
198 82 8.142 8.142 0 373349505
198 202 4.262 4.262 0 373349505
198 209 8.154 8.154 0 373349505
198 148 10.73 10.73 0 373349505
198 195 11.634 11.634 0 373349505
198 75 17.01 17.01 0 373349505
198 203 203.716 203.716 0 373349505
198 13 4.062 4.062 0 373349505
198 130 8.062 8.062 0 373349505
5 83 8.29 8.29 0 373349505
5 84 11.604 11.604 0 373349505
5 138 30.142 30.142 0 373349505
5 194 12.21 12.21 0 373349505
5 74 12.322 12.322 0 373349505
5 132 11.88 11.88 0 373349505
5 8 7.94 7.94 0 373349505
5 70 24.976 24.976 0 373349505
5 64 199.844 199.844 0 373349505
5 4 12.206 12.206 0 373349505
5 9 8.152 8.152 0 373349505
5 20 12.474 12.474 0 373349505
5 192 8.178 8.178 0 373349505
5 193 12.14 12.14 0 373349505
5 210 8.52 8.52 0 373349505
5 68 13.404 13.404 0 373349505
5 65 31.212 31.212 0 373349505
5 140 24.958 24.958 0 373349505
5 69 391.892 391.892 0 373349505
5 136 24.904 24.904 0 373349505
5 145 203.88 203.88 0 373349505
5 18 26.14 26.14 0 373349505
5 196 204.17 204.17 0 373349505
5 10 27.93 27.93 0 373349505
5 67 211.218 211.218 0 373349505
5 66 28.954 28.954 0 373349505
5 204 231.748 231.748 0 373349505
5 12 40.82 40.82 0 373349505
5 76 203.808 203.808 0 373349505
5 77 40.718 40.718 0 373349505
5 131 215.806 215.806 0 373349505
5 139 14.154 14.154 0 373349505
5 212 13.614 13.614 0 373349505
5 141 27.742 27.742 0 373349505
5 134 19.988 19.988 0 373349505
5 0 14.614 14.614 0 373349505
5 198 12.446 12.446 0 373349505
5 72 8.762 8.762 0 373349505
5 133 24.956 24.956 0 373349505
5 1 201.032 201.032 0 373349505
5 128 12.66 12.66 0 373349505
5 197 33.884 33.884 0 373349505
5 3 12.428 12.428 0 373349505
5 73 8.098 8.098 0 373349505
5 201 12.29 12.29 0 373349505
5 129 9.214 9.214 0 373349505
5 137 62.34 62.34 0 373349505
5 11 9.486 9.486 0 373349505
5 205 25.054 25.054 0 373349505
5 19 200.452 200.452 0 373349505
5 146 12.364 12.364 0 373349505
5 2 14.44 14.44 0 373349505
5 147 12.196 12.196 0 373349505
5 211 8.196 8.196 0 373349505
5 82 11.874 11.874 0 373349505
5 202 7.81 7.81 0 373349505
5 209 11.15 11.15 0 373349505
5 148 5.78 5.78 0 373349505
5 195 23.802 23.802 0 373349505
5 75 11.366 11.366 0 373349505
5 203 27.914 27.914 0 373349505
5 13 201.918 201.918 0 373349505
5 130 13.066 13.066 0 373349505
72 83 4.318 4.318 0 373349505
72 84 8.098 8.098 0 373349505
72 138 58.564 58.564 0 373349505
72 194 8.424 8.424 0 373349505
72 74 6.37 6.37 0 373349505
72 132 9.054 9.054 0 373349505
72 8 17.732 17.732 0 373349505
72 70 200.42 200.42 0 373349505
72 64 5.382 5.382 0 373349505
72 4 8.186 8.186 0 373349505
72 9 4.16 4.16 0 373349505
72 20 8.314 8.314 0 373349505
72 192 4.11 4.11 0 373349505
72 193 8.118 8.118 0 373349505
72 210 4.576 4.576 0 373349505
72 68 9.012 9.012 0 373349505
72 65 6.358 6.358 0 373349505
72 140 8.208 8.208 0 373349505
72 69 16.89 16.89 0 373349505
72 136 391.922 391.922 0 373349505
72 145 4.548 4.548 0 373349505
72 18 201.604 201.604 0 373349505
72 196 4.466 4.466 0 373349505
72 10 202.424 202.424 0 373349505
72 67 5.23 5.23 0 373349505
72 66 206.068 206.068 0 373349505
72 204 3.258 3.258 0 373349505
72 12 216.25 216.25 0 373349505
72 76 18.21 18.21 0 373349505
72 77 394.052 394.052 0 373349505
72 131 21.164 21.164 0 373349505
72 139 16.156 16.156 0 373349505
72 212 18.366 18.366 0 373349505
72 141 8.504 8.504 0 373349505
72 134 21.95 21.95 0 373349505
72 0 10.45 10.45 0 373349505
72 198 17.602 17.602 0 373349505
72 5 12.234 12.234 0 373349505
72 133 219.148 219.148 0 373349505
72 1 23.448 23.448 0 373349505
72 128 21.022 21.022 0 373349505
72 197 5.228 5.228 0 373349505
72 3 32.826 32.826 0 373349505
72 73 4.098 4.098 0 373349505
72 201 8.988 8.988 0 373349505
72 129 5.208 5.208 0 373349505
72 137 8.134 8.134 0 373349505
72 11 5.246 5.246 0 373349505
72 205 8.262 8.262 0 373349505
72 19 17.254 17.254 0 373349505
72 146 200 200 0 373349505
72 2 15.958 15.958 0 373349505
72 147 27.144 27.144 0 373349505
72 211 4.224 4.224 0 373349505
72 82 49.77 49.77 0 373349505
72 202 4.202 4.202 0 373349505
72 209 7.718 7.718 0 373349505
72 148 46.706 46.706 0 373349505
72 195 16.688 16.688 0 373349505
72 75 18.05 18.05 0 373349505
72 203 202.918 202.918 0 373349505
72 13 5.126 5.126 0 373349505
72 130 8.168 8.168 0 373349505
133 83 8.13 8.13 0 373349505
133 84 10.938 10.938 0 373349505
133 138 36.034 36.034 0 373349505
133 194 10.464 10.464 0 373349505
133 74 10.268 10.268 0 373349505
133 132 10.686 10.686 0 373349505
133 8 22.976 22.976 0 373349505
133 70 28.412 28.412 0 373349505
133 64 226.66 226.66 0 373349505
133 4 14.484 14.484 0 373349505
133 9 8.622 8.622 0 373349505
133 20 12.246 12.246 0 373349505
133 192 10.52 10.52 0 373349505
133 193 12.312 12.312 0 373349505
133 210 8.488 8.488 0 373349505
133 68 12.932 12.932 0 373349505
133 65 20.154 20.154 0 373349505
133 140 12.252 12.252 0 373349505
133 69 8.078 8.078 0 373349505
133 136 24.92 24.92 0 373349505
133 145 203.718 203.718 0 373349505
133 18 13.528 13.528 0 373349505
133 196 12.084 12.084 0 373349505
133 10 13.282 13.282 0 373349505
133 67 19.054 19.054 0 373349505
133 66 18.356 18.356 0 373349505
133 204 8.906 8.906 0 373349505
133 12 16.554 16.554 0 373349505
133 76 8.778 8.778 0 373349505
133 77 25.064 25.064 0 373349505
133 131 438.2 438.2 0 373349505
133 139 26.146 26.146 0 373349505
133 212 204.912 204.912 0 373349505
133 141 25.95 25.95 0 373349505
133 134 226.212 226.212 0 373349505
133 0 23.956 23.956 0 373349505
133 198 200.054 200.054 0 373349505
133 5 25.09 25.09 0 373349505
133 72 218.55 218.55 0 373349505
133 1 396.444 396.444 0 373349505
133 128 27.366 27.366 0 373349505
133 197 22.352 22.352 0 373349505
133 3 12.158 12.158 0 373349505
133 73 8.022 8.022 0 373349505
133 201 27.514 27.514 0 373349505
133 129 15.606 15.606 0 373349505
133 137 12.044 12.044 0 373349505
133 11 9.184 9.184 0 373349505
133 205 12.212 12.212 0 373349505
133 19 8.45 8.45 0 373349505
133 146 24.89 24.89 0 373349505
133 2 206.192 206.192 0 373349505
133 147 12.152 12.152 0 373349505
133 211 8.304 8.304 0 373349505
133 82 12.132 12.132 0 373349505
133 202 8.192 8.192 0 373349505
133 209 13.342 13.342 0 373349505
133 148 31.536 31.536 0 373349505
133 195 12.48 12.48 0 373349505
133 75 11.64 11.64 0 373349505
133 203 123.574 123.574 0 373349505
133 13 200.012 200.012 0 373349505
133 130 12.006 12.006 0 373349505
1 83 4.552 4.552 0 373349505
1 84 8.036 8.036 0 373349505
1 138 111.092 111.092 0 373349505
1 194 10.266 10.266 0 373349505
1 74 56.312 56.312 0 373349505
1 132 8.516 8.516 0 373349505
1 8 22.804 22.804 0 373349505
1 70 201.704 201.704 0 373349505
1 64 5.832 5.832 0 373349505
1 4 34.402 34.402 0 373349505
1 9 5.1 5.1 0 373349505
1 20 21.356 21.356 0 373349505
1 192 52.59 52.59 0 373349505
1 193 8.61 8.61 0 373349505
1 210 5.062 5.062 0 373349505
1 68 9.614 9.614 0 373349505
1 65 7.722 7.722 0 373349505
1 140 8.718 8.718 0 373349505
1 69 25.244 25.244 0 373349505
1 136 201.136 201.136 0 373349505
1 145 54.942 54.942 0 373349505
1 18 10.096 10.096 0 373349505
1 196 5.734 5.734 0 373349505
1 10 11.134 11.134 0 373349505
1 67 7.586 7.586 0 373349505
1 66 15.484 15.484 0 373349505
1 204 12.146 12.146 0 373349505
1 12 19.916 19.916 0 373349505
1 76 78.136 78.136 0 373349505
1 77 201.404 201.404 0 373349505
1 131 8.058 8.058 0 373349505
1 139 208.62 208.62 0 373349505
1 212 8.066 8.066 0 373349505
1 141 205.264 205.264 0 373349505
1 134 10.184 10.184 0 373349505
1 0 200.768 200.768 0 373349505
1 198 69.486 69.486 0 373349505
1 5 200.48 200.48 0 373349505
1 72 25.89 25.89 0 373349505
1 133 398.328 398.328 0 373349505
1 128 203.174 203.174 0 373349505
1 197 19.25 19.25 0 373349505
1 3 25.694 25.694 0 373349505
1 73 99.29 99.29 0 373349505
1 201 10.128 10.128 0 373349505
1 129 19.174 19.174 0 373349505
1 137 9.632 9.632 0 373349505
1 11 19.308 19.308 0 373349505
1 205 9.538 9.538 0 373349505
1 19 31.29 31.29 0 373349505
1 146 220.076 220.076 0 373349505
1 2 85.58 85.58 0 373349505
1 147 29.664 29.664 0 373349505
1 211 5.416 5.416 0 373349505
1 82 9.542 9.542 0 373349505
1 202 5.318 5.318 0 373349505
1 209 9.572 9.572 0 373349505
1 148 6.138 6.138 0 373349505
1 195 12.502 12.502 0 373349505
1 75 93.076 93.076 0 373349505
1 203 201.332 201.332 0 373349505
1 13 5.23 5.23 0 373349505
1 130 50.936 50.936 0 373349505
128 83 8.668 8.668 0 373349505
128 84 11.386 11.386 0 373349505
128 138 27.99 27.99 0 373349505
128 194 12.744 12.744 0 373349505
128 74 12.764 12.764 0 373349505
128 132 70.39 70.39 0 373349505
128 8 8.8 8.8 0 373349505
128 70 25.538 25.538 0 373349505
128 64 200.43 200.43 0 373349505
128 4 12.728 12.728 0 373349505
128 9 8.604 8.604 0 373349505
128 20 13.212 13.212 0 373349505
128 192 20.614 20.614 0 373349505
128 193 12.474 12.474 0 373349505
128 210 8.88 8.88 0 373349505
128 68 12.39 12.39 0 373349505
128 65 17.706 17.706 0 373349505
128 140 24.198 24.198 0 373349505
128 69 11.62 11.62 0 373349505
128 136 28.216 28.216 0 373349505
128 145 206.648 206.648 0 373349505
128 18 14.712 14.712 0 373349505
128 196 13.05 13.05 0 373349505
128 10 13.554 13.554 0 373349505
128 67 21.868 21.868 0 373349505
128 66 18.764 18.764 0 373349505
128 204 9.524 9.524 0 373349505
128 12 16.606 16.606 0 373349505
128 76 9.402 9.402 0 373349505
128 77 25.444 25.444 0 373349505
128 131 214.116 214.116 0 373349505
128 139 13.98 13.98 0 373349505
128 212 13.39 13.39 0 373349505
128 141 13.684 13.684 0 373349505
128 134 46.77 46.77 0 373349505
128 0 12.758 12.758 0 373349505
128 198 8.71 8.71 0 373349505
128 5 12.744 12.744 0 373349505
128 72 33.308 33.308 0 373349505
128 133 28.974 28.974 0 373349505
128 1 206.202 206.202 0 373349505
128 197 202.256 202.256 0 373349505
128 3 25.614 25.614 0 373349505
128 73 200.62 200.62 0 373349505
128 201 25.686 25.686 0 373349505
128 129 201.428 201.428 0 373349505
128 137 24.278 24.278 0 373349505
128 11 199.212 199.212 0 373349505
128 205 37.18 37.18 0 373349505
128 19 203.948 203.948 0 373349505
128 146 41.184 41.184 0 373349505
128 2 397.538 397.538 0 373349505
128 147 26.47 26.47 0 373349505
128 211 8.818 8.818 0 373349505
128 82 14.694 14.694 0 373349505
128 202 13.178 13.178 0 373349505
128 209 27.812 27.812 0 373349505
128 148 15.09 15.09 0 373349505
128 195 12.716 12.716 0 373349505
128 75 8.862 8.862 0 373349505
128 203 25.456 25.456 0 373349505
128 13 200.774 200.774 0 373349505
128 130 13.1 13.1 0 373349505
197 83 23.584 23.584 0 373349505
197 84 8.718 8.718 0 373349505
197 138 38.674 38.674 0 373349505
197 194 9.308 9.308 0 373349505
197 74 16.212 16.212 0 373349505
197 132 9.786 9.786 0 373349505
197 8 5.678 5.678 0 373349505
197 70 49.686 49.686 0 373349505
197 64 18.634 18.634 0 373349505
197 4 201.144 201.144 0 373349505
197 9 5.194 5.194 0 373349505
197 20 9.32 9.32 0 373349505
197 192 5.052 5.052 0 373349505
197 193 9.138 9.138 0 373349505
197 210 5.658 5.658 0 373349505
197 68 9.358 9.358 0 373349505
197 65 49.032 49.032 0 373349505
197 140 14.41 14.41 0 373349505
197 69 18.882 18.882 0 373349505
197 136 202.314 202.314 0 373349505
197 145 6.538 6.538 0 373349505
197 18 10.6 10.6 0 373349505
197 196 5.762 5.762 0 373349505
197 10 11.386 11.386 0 373349505
197 67 6.192 6.192 0 373349505
197 66 15.8 15.8 0 373349505
197 204 5.27 5.27 0 373349505
197 12 20.024 20.024 0 373349505
197 76 18.122 18.122 0 373349505
197 77 201.616 201.616 0 373349505
197 131 7.948 7.948 0 373349505
197 139 16.728 16.728 0 373349505
197 212 6.504 6.504 0 373349505
197 141 9.46 9.46 0 373349505
197 134 10.676 10.676 0 373349505
197 0 9.36 9.36 0 373349505
197 198 5.36 5.36 0 373349505
197 5 21.632 21.632 0 373349505
197 72 5.268 5.268 0 373349505
197 133 33.888 33.888 0 373349505
197 1 21.79 21.79 0 373349505
197 128 205.616 205.616 0 373349505
197 3 201.46 201.46 0 373349505
197 73 5.132 5.132 0 373349505
197 201 202.018 202.018 0 373349505
197 129 6.048 6.048 0 373349505
197 137 200.58 200.58 0 373349505
197 11 7.162 7.162 0 373349505
197 205 206.684 206.684 0 373349505
197 19 19.184 19.184 0 373349505
197 146 394.23 394.23 0 373349505
197 2 6.396 6.396 0 373349505
197 147 221.392 221.392 0 373349505
197 211 18.26 18.26 0 373349505
197 82 9.154 9.154 0 373349505
197 202 18.496 18.496 0 373349505
197 209 9.17 9.17 0 373349505
197 148 17.896 17.896 0 373349505
197 195 12.374 12.374 0 373349505
197 75 30.818 30.818 0 373349505
197 203 201.114 201.114 0 373349505
197 13 17.866 17.866 0 373349505
197 130 27.486 27.486 0 373349505
3 83 201.034 201.034 0 373349505
3 84 24.356 24.356 0 373349505
3 138 44.218 44.218 0 373349505
3 194 12.176 12.176 0 373349505
3 74 37.042 37.042 0 373349505
3 132 27.586 27.586 0 373349505
3 8 14.912 14.912 0 373349505
3 70 12.252 12.252 0 373349505
3 64 8.726 8.726 0 373349505
3 4 24.98 24.98 0 373349505
3 9 199.936 199.936 0 373349505
3 20 12.46 12.46 0 373349505
3 192 8.034 8.034 0 373349505
3 193 12.094 12.094 0 373349505
3 210 8.472 8.472 0 373349505
3 68 12.908 12.908 0 373349505
3 65 21.032 21.032 0 373349505
3 140 12.146 12.146 0 373349505
3 69 28.858 28.858 0 373349505
3 136 24.958 24.958 0 373349505
3 145 203.816 203.816 0 373349505
3 18 13.322 13.322 0 373349505
3 196 12.598 12.598 0 373349505
3 10 108.992 108.992 0 373349505
3 67 18.798 18.798 0 373349505
3 66 17.084 17.084 0 373349505
3 204 29.326 29.326 0 373349505
3 12 13.648 13.648 0 373349505
3 76 22.792 22.792 0 373349505
3 77 27.896 27.896 0 373349505
3 131 216.104 216.104 0 373349505
3 139 14.902 14.902 0 373349505
3 212 13.816 13.816 0 373349505
3 141 12.438 12.438 0 373349505
3 134 13.706 13.706 0 373349505
3 0 12.19 12.19 0 373349505
3 198 8.092 8.092 0 373349505
3 5 12.566 12.566 0 373349505
3 72 20.45 20.45 0 373349505
3 133 12.244 12.244 0 373349505
3 1 44.262 44.262 0 373349505
3 128 25.914 25.914 0 373349505
3 197 204.856 204.856 0 373349505
3 73 9.064 9.064 0 373349505
3 201 12.396 12.396 0 373349505
3 129 9.13 9.13 0 373349505
3 137 12.4 12.4 0 373349505
3 11 9.174 9.174 0 373349505
3 205 12.246 12.246 0 373349505
3 19 8.386 8.386 0 373349505
3 146 24.974 24.974 0 373349505
3 2 202.504 202.504 0 373349505
3 147 12.322 12.322 0 373349505
3 211 200.002 200.002 0 373349505
3 82 24.746 24.746 0 373349505
3 202 199.998 199.998 0 373349505
3 209 25.042 25.042 0 373349505
3 148 199.076 199.076 0 373349505
3 195 22.652 22.652 0 373349505
3 75 214.3 214.3 0 373349505
3 203 40.574 40.574 0 373349505
3 13 393.958 393.958 0 373349505
3 130 26.798 26.798 0 373349505
73 83 4.19 4.19 0 373349505
73 84 200.334 200.334 0 373349505
73 138 83.21 83.21 0 373349505
73 194 8.698 8.698 0 373349505
73 74 18.594 18.594 0 373349505
73 132 33.32 33.32 0 373349505
73 8 17.216 17.216 0 373349505
73 70 8.904 8.904 0 373349505
73 64 31.304 31.304 0 373349505
73 4 200.7 200.7 0 373349505
73 9 17.024 17.024 0 373349505
73 20 26.812 26.812 0 373349505
73 192 32.086 32.086 0 373349505
73 193 8.458 8.458 0 373349505
73 210 4.586 4.586 0 373349505
73 68 47.91 47.91 0 373349505
73 65 7.06 7.06 0 373349505
73 140 12.014 12.014 0 373349505
73 69 16.876 16.876 0 373349505
73 136 203.72 203.72 0 373349505
73 145 4.522 4.522 0 373349505
73 18 9.954 9.954 0 373349505
73 196 4.412 4.412 0 373349505
73 10 10.81 10.81 0 373349505
73 67 5.126 5.126 0 373349505
73 66 14.578 14.578 0 373349505
73 204 4.06 4.06 0 373349505
73 12 21.04 21.04 0 373349505
73 76 21.688 21.688 0 373349505
73 77 201.548 201.548 0 373349505
73 131 9.122 9.122 0 373349505
73 139 16.684 16.684 0 373349505
73 212 5.408 5.408 0 373349505
73 141 9.006 9.006 0 373349505
73 134 8.966 8.966 0 373349505
73 0 8.074 8.074 0 373349505
73 198 11.724 11.724 0 373349505
73 5 8.084 8.084 0 373349505
73 72 4.094 4.094 0 373349505
73 133 8.03 8.03 0 373349505
73 1 104.186 104.186 0 373349505
73 128 201.206 201.206 0 373349505
73 197 7.704 7.704 0 373349505
73 3 12.712 12.712 0 373349505
73 201 26.078 26.078 0 373349505
73 129 5.146 5.146 0 373349505
73 137 8.066 8.066 0 373349505
73 11 5.154 5.154 0 373349505
73 205 8.17 8.17 0 373349505
73 19 17.204 17.204 0 373349505
73 146 200.09 200.09 0 373349505
73 2 4.14 4.14 0 373349505
73 147 28.3 28.3 0 373349505
73 211 4.15 4.15 0 373349505
73 82 203.086 203.086 0 373349505
73 202 5.78 5.78 0 373349505
73 209 200.246 200.246 0 373349505
73 148 3.456 3.456 0 373349505
73 195 202.186 202.186 0 373349505
73 75 28.182 28.182 0 373349505
73 203 392.996 392.996 0 373349505
73 13 5.198 5.198 0 373349505
73 130 213.504 213.504 0 373349505
201 83 24.416 24.416 0 373349505
201 84 11.21 11.21 0 373349505
201 138 231.166 231.166 0 373349505
201 194 23.858 23.858 0 373349505
201 74 202.2 202.2 0 373349505
201 132 24.696 24.696 0 373349505
201 8 198.768 198.768 0 373349505
201 70 36.854 36.854 0 373349505
201 64 203.24 203.24 0 373349505
201 4 40.972 40.972 0 373349505
201 9 393.882 393.882 0 373349505
201 20 25.866 25.866 0 373349505
201 192 202.64 202.64 0 373349505
201 193 25.13 25.13 0 373349505
201 210 8.792 8.792 0 373349505
201 68 13.31 13.31 0 373349505
201 65 21.092 21.092 0 373349505
201 140 27.51 27.51 0 373349505
201 69 14.74 14.74 0 373349505
201 136 25.208 25.208 0 373349505
201 145 204.074 204.074 0 373349505
201 18 13.508 13.508 0 373349505
201 196 12.692 12.692 0 373349505
201 10 13.276 13.276 0 373349505
201 67 19.006 19.006 0 373349505
201 66 18.218 18.218 0 373349505
201 204 9.102 9.102 0 373349505
201 12 16.554 16.554 0 373349505
201 76 8.986 8.986 0 373349505
201 77 25.626 25.626 0 373349505
201 131 215.832 215.832 0 373349505
201 139 14 14 0 373349505
201 212 13.034 13.034 0 373349505
201 141 12.628 12.628 0 373349505
201 134 38.998 38.998 0 373349505
201 0 12.64 12.64 0 373349505
201 198 8.604 8.604 0 373349505
201 5 11.08 11.08 0 373349505
201 72 6.226 6.226 0 373349505
201 133 23.886 23.886 0 373349505
201 1 11.814 11.814 0 373349505
201 128 28.676 28.676 0 373349505
201 197 203.736 203.736 0 373349505
201 3 16.316 16.316 0 373349505
201 73 45.662 45.662 0 373349505
201 129 10.436 10.436 0 373349505
201 137 69.73 69.73 0 373349505
201 11 9.82 9.82 0 373349505
201 205 12.414 12.414 0 373349505
201 19 9.056 9.056 0 373349505
201 146 25.116 25.116 0 373349505
201 2 203.344 203.344 0 373349505
201 147 12.32 12.32 0 373349505
201 211 12.112 12.112 0 373349505
201 82 12.334 12.334 0 373349505
201 202 8.828 8.828 0 373349505
201 209 12.36 12.36 0 373349505
201 148 8.758 8.758 0 373349505
201 195 12.354 12.354 0 373349505
201 75 8.948 8.948 0 373349505
201 203 25.002 25.002 0 373349505
201 13 200.62 200.62 0 373349505
201 130 12.686 12.686 0 373349505
129 83 7.224 7.224 0 373349505
129 84 21.612 21.612 0 373349505
129 138 50.01 50.01 0 373349505
129 194 200.636 200.636 0 373349505
129 74 6.966 6.966 0 373349505
129 132 201.722 201.722 0 373349505
129 8 5.204 5.204 0 373349505
129 70 206.706 206.706 0 373349505
129 64 19.422 19.422 0 373349505
129 4 394.238 394.238 0 373349505
129 9 6.192 6.192 0 373349505
129 20 201.3 201.3 0 373349505
129 192 5.104 5.104 0 373349505
129 193 201.112 201.112 0 373349505
129 210 18.248 18.248 0 373349505
129 68 10.102 10.102 0 373349505
129 65 20.86 20.86 0 373349505
129 140 9.19 9.19 0 373349505
129 69 30.756 30.756 0 373349505
129 136 201.576 201.576 0 373349505
129 145 28.284 28.284 0 373349505
129 18 10.606 10.606 0 373349505
129 196 18.274 18.274 0 373349505
129 10 67.854 67.854 0 373349505
129 67 24.54 24.54 0 373349505
129 66 15.852 15.852 0 373349505
129 204 5.264 5.264 0 373349505
129 12 20.018 20.018 0 373349505
129 76 5.362 5.362 0 373349505
129 77 9.686 9.686 0 373349505
129 131 21.568 21.568 0 373349505
129 139 208.506 208.506 0 373349505
129 212 6.91 6.91 0 373349505
129 141 22.536 22.536 0 373349505
129 134 10.7 10.7 0 373349505
129 0 33.464 33.464 0 373349505
129 198 6.804 6.804 0 373349505
129 5 8.654 8.654 0 373349505
129 72 4.228 4.228 0 373349505
129 133 14.538 14.538 0 373349505
129 1 19.774 19.774 0 373349505
129 128 202.632 202.632 0 373349505
129 197 6.182 6.182 0 373349505
129 3 9.146 9.146 0 373349505
129 73 8.198 8.198 0 373349505
129 201 14.04 14.04 0 373349505
129 137 9.694 9.694 0 373349505
129 11 6.312 6.312 0 373349505
129 205 9.332 9.332 0 373349505
129 19 18.356 18.356 0 373349505
129 146 201.212 201.212 0 373349505
129 2 5.31 5.31 0 373349505
129 147 29.436 29.436 0 373349505
129 211 5.232 5.232 0 373349505
129 82 13.024 13.024 0 373349505
129 202 5.348 5.348 0 373349505
129 209 9.206 9.206 0 373349505
129 148 61.488 61.488 0 373349505
129 195 12 12 0 373349505
129 75 5.254 5.254 0 373349505
129 203 9.128 9.128 0 373349505
129 13 17.976 17.976 0 373349505
129 130 200.99 200.99 0 373349505
137 83 200.068 200.068 0 373349505
137 84 11.482 11.482 0 373349505
137 138 72.738 72.738 0 373349505
137 194 12.186 12.186 0 373349505
137 74 9.814 9.814 0 373349505
137 132 58.952 58.952 0 373349505
137 8 8.132 8.132 0 373349505
137 70 12.424 12.424 0 373349505
137 64 7.858 7.858 0 373349505
137 4 25.076 25.076 0 373349505
137 9 200.136 200.136 0 373349505
137 20 12.214 12.214 0 373349505
137 192 8.02 8.02 0 373349505
137 193 58.598 58.598 0 373349505
137 210 200.352 200.352 0 373349505
137 68 24.91 24.91 0 373349505
137 65 213.936 213.936 0 373349505
137 140 22.572 22.572 0 373349505
137 69 214.096 214.096 0 373349505
137 136 40.596 40.596 0 373349505
137 145 398.86 398.86 0 373349505
137 18 75.97 75.97 0 373349505
137 196 205.434 205.434 0 373349505
137 10 25.984 25.984 0 373349505
137 67 211.254 211.254 0 373349505
137 66 30.688 30.688 0 373349505
137 204 8.88 8.88 0 373349505
137 12 16.602 16.602 0 373349505
137 76 8.75 8.75 0 373349505
137 77 77.71 77.71 0 373349505
137 131 52.822 52.822 0 373349505
137 139 26.628 26.628 0 373349505
137 212 204.666 204.666 0 373349505
137 141 12.934 12.934 0 373349505
137 134 24.946 24.946 0 373349505
137 0 12.126 12.126 0 373349505
137 198 28.836 28.836 0 373349505
137 5 58.248 58.248 0 373349505
137 72 8.122 8.122 0 373349505
137 133 12.052 12.052 0 373349505
137 1 9.148 9.148 0 373349505
137 128 25.38 25.38 0 373349505
137 197 201.18 201.18 0 373349505
137 3 12.428 12.428 0 373349505
137 73 8.036 8.036 0 373349505
137 201 67.49 67.49 0 373349505
137 129 13.396 13.396 0 373349505
137 11 8.416 8.416 0 373349505
137 205 9.774 9.774 0 373349505
137 19 22.39 22.39 0 373349505
137 146 27.892 27.892 0 373349505
137 2 206.096 206.096 0 373349505
137 147 62.3 62.3 0 373349505
137 211 9.232 9.232 0 373349505
137 82 12.13 12.13 0 373349505
137 202 11.63 11.63 0 373349505
137 209 12.168 12.168 0 373349505
137 148 8.132 8.132 0 373349505
137 195 12.572 12.572 0 373349505
137 75 29.078 29.078 0 373349505
137 203 179.566 179.566 0 373349505
137 13 8.016 8.016 0 373349505
137 130 24.808 24.808 0 373349505
11 83 15.592 15.592 0 373349505
11 84 8.804 8.804 0 373349505
11 138 118.88 118.88 0 373349505
11 194 9.634 9.634 0 373349505
11 74 8.186 8.186 0 373349505
11 132 10.274 10.274 0 373349505
11 8 5.896 5.896 0 373349505
11 70 9.544 9.544 0 373349505
11 64 18.52 18.52 0 373349505
11 4 201.532 201.532 0 373349505
11 9 5.304 5.304 0 373349505
11 20 9.38 9.38 0 373349505
11 192 5.146 5.146 0 373349505
11 193 9.184 9.184 0 373349505
11 210 6.624 6.624 0 373349505
11 68 201.59 201.59 0 373349505
11 65 7.668 7.668 0 373349505
11 140 200.294 200.294 0 373349505
11 69 22.59 22.59 0 373349505
11 136 394.358 394.358 0 373349505
11 145 7.67 7.67 0 373349505
11 18 203.67 203.67 0 373349505
11 196 5.726 5.726 0 373349505
11 10 203.436 203.436 0 373349505
11 67 6.316 6.316 0 373349505
11 66 207.868 207.868 0 373349505
11 204 19.124 19.124 0 373349505
11 12 20.074 20.074 0 373349505
11 76 24.92 24.92 0 373349505
11 77 9.782 9.782 0 373349505
11 131 34.096 34.096 0 373349505
11 139 233.012 233.012 0 373349505
11 212 19.336 19.336 0 373349505
11 141 10.202 10.202 0 373349505
11 134 22.236 22.236 0 373349505
11 0 27.396 27.396 0 373349505
11 198 23.576 23.576 0 373349505
11 5 9.454 9.454 0 373349505
11 72 5.236 5.236 0 373349505
11 133 9.186 9.186 0 373349505
11 1 18.896 18.896 0 373349505
11 128 201.66 201.66 0 373349505
11 197 7.36 7.36 0 373349505
11 3 9.172 9.172 0 373349505
11 73 5.156 5.156 0 373349505
11 201 12.708 12.708 0 373349505
11 129 6.748 6.748 0 373349505
11 137 13.276 13.276 0 373349505
11 205 9.168 9.168 0 373349505
11 19 23.012 23.012 0 373349505
11 146 202.334 202.334 0 373349505
11 2 6.506 6.506 0 373349505
11 147 30.644 30.644 0 373349505
11 211 6.31 6.31 0 373349505
11 82 9.25 9.25 0 373349505
11 202 5.438 5.438 0 373349505
11 209 9.214 9.214 0 373349505
11 148 5.21 5.21 0 373349505
11 195 12.248 12.248 0 373349505
11 75 15.614 15.614 0 373349505
11 203 26.026 26.026 0 373349505
11 13 17.986 17.986 0 373349505
11 130 242.004 242.004 0 373349505
205 83 201.406 201.406 0 373349505
205 84 13.086 13.086 0 373349505
205 138 40.754 40.754 0 373349505
205 194 12.906 12.906 0 373349505
205 74 14.726 14.726 0 373349505
205 132 50.442 50.442 0 373349505
205 8 41.368 41.368 0 373349505
205 70 12.626 12.626 0 373349505
205 64 10.538 10.538 0 373349505
205 4 25.462 25.462 0 373349505
205 9 200.304 200.304 0 373349505
205 20 12.4 12.4 0 373349505
205 192 8.148 8.148 0 373349505
205 193 12.256 12.256 0 373349505
205 210 8.808 8.808 0 373349505
205 68 13.578 13.578 0 373349505
205 65 21.758 21.758 0 373349505
205 140 12.288 12.288 0 373349505
205 69 8.184 8.184 0 373349505
205 136 24.962 24.962 0 373349505
205 145 204.058 204.058 0 373349505
205 18 13.492 13.492 0 373349505
205 196 12.544 12.544 0 373349505
205 10 13.222 13.222 0 373349505
205 67 16.59 16.59 0 373349505
205 66 18.048 18.048 0 373349505
205 204 201.054 201.054 0 373349505
205 12 28.108 28.108 0 373349505
205 76 198.35 198.35 0 373349505
205 77 36.716 36.716 0 373349505
205 131 216.59 216.59 0 373349505
205 139 41.938 41.938 0 373349505
205 212 398.874 398.874 0 373349505
205 141 26.438 26.438 0 373349505
205 134 204.858 204.858 0 373349505
205 0 25.066 25.066 0 373349505
205 198 200.2 200.2 0 373349505
205 5 25.052 25.052 0 373349505
205 72 8.256 8.256 0 373349505
205 133 12.212 12.212 0 373349505
205 1 9.144 9.144 0 373349505
205 128 40.736 40.736 0 373349505
205 197 207.844 207.844 0 373349505
205 3 12.232 12.232 0 373349505
205 73 8.156 8.156 0 373349505
205 201 12.418 12.418 0 373349505
205 129 9.886 9.886 0 373349505
205 137 14.946 14.946 0 373349505
205 11 13.546 13.546 0 373349505
205 19 9.178 9.178 0 373349505
205 146 25.384 25.384 0 373349505
205 2 204.098 204.098 0 373349505
205 147 12.32 12.32 0 373349505
205 211 8.362 8.362 0 373349505
205 82 11.932 11.932 0 373349505
205 202 8.3 8.3 0 373349505
205 209 12.39 12.39 0 373349505
205 148 8.308 8.308 0 373349505
205 195 11.066 11.066 0 373349505
205 75 30.96 30.96 0 373349505
205 203 24.148 24.148 0 373349505
205 13 11.166 11.166 0 373349505
205 130 27.38 27.38 0 373349505
19 83 4.674 4.674 0 373349505
19 84 8.286 8.286 0 373349505
19 138 72.22 72.22 0 373349505
19 194 200.594 200.594 0 373349505
19 74 16.636 16.636 0 373349505
19 132 9.162 9.162 0 373349505
19 8 5.33 5.33 0 373349505
19 70 50.856 50.856 0 373349505
19 64 18.398 18.398 0 373349505
19 4 201.116 201.116 0 373349505
19 9 4.416 4.416 0 373349505
19 20 8.532 8.532 0 373349505
19 192 4.334 4.334 0 373349505
19 193 8.334 8.334 0 373349505
19 210 5.006 5.006 0 373349505
19 68 9.424 9.424 0 373349505
19 65 77.848 77.848 0 373349505
19 140 8.448 8.448 0 373349505
19 69 4.382 4.382 0 373349505
19 136 9.27 9.27 0 373349505
19 145 17.73 17.73 0 373349505
19 18 205.046 205.046 0 373349505
19 196 4.788 4.788 0 373349505
19 10 10.674 10.674 0 373349505
19 67 5.46 5.46 0 373349505
19 66 15.224 15.224 0 373349505
19 204 4.744 4.744 0 373349505
19 12 210.44 210.44 0 373349505
19 76 3.594 3.594 0 373349505
19 77 206.13 206.13 0 373349505
19 131 21.68 21.68 0 373349505
19 139 413.488 413.488 0 373349505
19 212 6.706 6.706 0 373349505
19 141 201.502 201.502 0 373349505
19 134 9.468 9.468 0 373349505
19 0 200.504 200.504 0 373349505
19 198 4.444 4.444 0 373349505
19 5 200.452 200.452 0 373349505
19 72 17.248 17.248 0 373349505
19 133 8.438 8.438 0 373349505
19 1 30.88 30.88 0 373349505
19 128 200.876 200.876 0 373349505
19 197 18.182 18.182 0 373349505
19 3 8.378 8.378 0 373349505
19 73 17.18 17.18 0 373349505
19 201 9.254 9.254 0 373349505
19 129 18.492 18.492 0 373349505
19 137 26.544 26.544 0 373349505
19 11 27.028 27.028 0 373349505
19 205 12.576 12.576 0 373349505
19 146 9.012 9.012 0 373349505
19 2 17.312 17.312 0 373349505
19 147 221.138 221.138 0 373349505
19 211 4.53 4.53 0 373349505
19 82 8.352 8.352 0 373349505
19 202 6.162 6.162 0 373349505
19 209 8.538 8.538 0 373349505
19 148 4.404 4.404 0 373349505
19 195 11.092 11.092 0 373349505
19 75 3.498 3.498 0 373349505
19 203 37.884 37.884 0 373349505
19 13 18.15 18.15 0 373349505
19 130 201.374 201.374 0 373349505
146 83 200.15 200.15 0 373349505
146 84 11.092 11.092 0 373349505
146 138 48.036 48.036 0 373349505
146 194 25.368 25.368 0 373349505
146 74 201.828 201.828 0 373349505
146 132 12.2 12.2 0 373349505
146 8 8.162 8.162 0 373349505
146 70 10.122 10.122 0 373349505
146 64 22.402 22.402 0 373349505
146 4 28.324 28.324 0 373349505
146 9 236.07 236.07 0 373349505
146 20 14.1 14.1 0 373349505
146 192 9.082 9.082 0 373349505
146 193 12.142 12.142 0 373349505
146 210 8.664 8.664 0 373349505
146 68 13.106 13.106 0 373349505
146 65 23.2 23.2 0 373349505
146 140 12.3 12.3 0 373349505
146 69 8.168 8.168 0 373349505
146 136 12.75 12.75 0 373349505
146 145 11.952 11.952 0 373349505
146 18 26.188 26.188 0 373349505
146 196 204.264 204.264 0 373349505
146 10 94.802 94.802 0 373349505
146 67 17.784 17.784 0 373349505
146 66 17.814 17.814 0 373349505
146 204 33.706 33.706 0 373349505
146 12 16.726 16.726 0 373349505
146 76 29.684 29.684 0 373349505
146 77 12.254 12.254 0 373349505
146 131 21.654 21.654 0 373349505
146 139 26.728 26.728 0 373349505
146 212 217.112 217.112 0 373349505
146 141 12.472 12.472 0 373349505
146 134 12.918 12.918 0 373349505
146 0 12.196 12.196 0 373349505
146 198 8.122 8.122 0 373349505
146 5 12.258 12.258 0 373349505
146 72 198.598 198.598 0 373349505
146 133 22.368 22.368 0 373349505
146 1 215.316 215.316 0 373349505
146 128 41.152 41.152 0 373349505
146 197 395.596 395.596 0 373349505
146 3 26.928 26.928 0 373349505
146 73 201.054 201.054 0 373349505
146 201 25.102 25.102 0 373349505
146 129 201.202 201.202 0 373349505
146 137 24.924 24.924 0 373349505
146 11 201.296 201.296 0 373349505
146 205 28.23 28.23 0 373349505
146 19 12.586 12.586 0 373349505
146 2 13.74 13.74 0 373349505
146 147 40.188 40.188 0 373349505
146 211 206.476 206.476 0 373349505
146 82 12.292 12.292 0 373349505
146 202 8.21 8.21 0 373349505
146 209 12.196 12.196 0 373349505
146 148 8.224 8.224 0 373349505
146 195 12.262 12.262 0 373349505
146 75 8.568 8.568 0 373349505
146 203 12.29 12.29 0 373349505
146 13 8.348 8.348 0 373349505
146 130 24.918 24.918 0 373349505
2 83 4.578 4.578 0 373349505
2 84 10.828 10.828 0 373349505
2 138 50.43 50.43 0 373349505
2 194 10.854 10.854 0 373349505
2 74 6.228 6.228 0 373349505
2 132 15.998 15.998 0 373349505
2 8 4.702 4.702 0 373349505
2 70 10.93 10.93 0 373349505
2 64 21.714 21.714 0 373349505
2 4 205.988 205.988 0 373349505
2 9 5.252 5.252 0 373349505
2 20 15.494 15.494 0 373349505
2 192 14.414 14.414 0 373349505
2 193 13.536 13.536 0 373349505
2 210 4.732 4.732 0 373349505
2 68 56.568 56.568 0 373349505
2 65 6.802 6.802 0 373349505
2 140 13.884 13.884 0 373349505
2 69 4.352 4.352 0 373349505
2 136 12.676 12.676 0 373349505
2 145 17.494 17.494 0 373349505
2 18 205.86 205.86 0 373349505
2 196 4.478 4.478 0 373349505
2 10 13.602 13.602 0 373349505
2 67 5.598 5.598 0 373349505
2 66 18.382 18.382 0 373349505
2 204 4.306 4.306 0 373349505
2 12 48.498 48.498 0 373349505
2 76 4.432 4.432 0 373349505
2 77 13.352 13.352 0 373349505
2 131 20.216 20.216 0 373349505
2 139 210.69 210.69 0 373349505
2 212 6.692 6.692 0 373349505
2 141 13.544 13.544 0 373349505
2 134 9.114 9.114 0 373349505
2 0 13.03 13.03 0 373349505
2 198 5.898 5.898 0 373349505
2 5 14.486 14.486 0 373349505
2 72 11.286 11.286 0 373349505
2 133 205.218 205.218 0 373349505
2 1 88.554 88.554 0 373349505
2 128 396.502 396.502 0 373349505
2 197 6.404 6.404 0 373349505
2 3 202.516 202.516 0 373349505
2 73 4.138 4.138 0 373349505
2 201 203.55 203.55 0 373349505
2 129 5.286 5.286 0 373349505
2 137 203.76 203.76 0 373349505
2 11 5.524 5.524 0 373349505
2 205 204.232 204.232 0 373349505
2 19 20.302 20.302 0 373349505
2 146 17.202 17.202 0 373349505
2 147 226.126 226.126 0 373349505
2 211 17.124 17.124 0 373349505
2 82 13.2 13.2 0 373349505
2 202 17.688 17.688 0 373349505
2 209 25.688 25.688 0 373349505
2 148 16.986 16.986 0 373349505
2 195 35.084 35.084 0 373349505
2 75 23.78 23.78 0 373349505
2 203 12.482 12.482 0 373349505
2 13 16.958 16.958 0 373349505
2 130 220.732 220.732 0 373349505
147 83 222.032 222.032 0 373349505
147 84 27.08 27.08 0 373349505
147 138 62.642 62.642 0 373349505
147 194 12.248 12.248 0 373349505
147 74 30.202 30.202 0 373349505
147 132 12.794 12.794 0 373349505
147 8 30.462 30.462 0 373349505
147 70 12.532 12.532 0 373349505
147 64 29.698 29.698 0 373349505
147 4 25.236 25.236 0 373349505
147 9 218.458 218.458 0 373349505
147 20 12.31 12.31 0 373349505
147 192 27.686 27.686 0 373349505
147 193 12.104 12.104 0 373349505
147 210 64.106 64.106 0 373349505
147 68 12.922 12.922 0 373349505
147 65 44.592 44.592 0 373349505
147 140 11.306 11.306 0 373349505
147 69 29.118 29.118 0 373349505
147 136 23.856 23.856 0 373349505
147 145 34.598 34.598 0 373349505
147 18 29.11 29.11 0 373349505
147 196 226.13 226.13 0 373349505
147 10 14.39 14.39 0 373349505
147 67 38.298 38.298 0 373349505
147 66 17.844 17.844 0 373349505
147 204 28.528 28.528 0 373349505
147 12 16.36 16.36 0 373349505
147 76 32.562 32.562 0 373349505
147 77 12.306 12.306 0 373349505
147 131 44.79 44.79 0 373349505
147 139 26.136 26.136 0 373349505
147 212 225.79 225.79 0 373349505
147 141 12.502 12.502 0 373349505
147 134 34.666 34.666 0 373349505
147 0 12.198 12.198 0 373349505
147 198 27.94 27.94 0 373349505
147 5 12.202 12.202 0 373349505
147 72 27.096 27.096 0 373349505
147 133 12.15 12.15 0 373349505
147 1 29.25 29.25 0 373349505
147 128 25.388 25.388 0 373349505
147 197 221.388 221.388 0 373349505
147 3 12.432 12.432 0 373349505
147 73 28.318 28.318 0 373349505
147 201 12.322 12.322 0 373349505
147 129 29.436 29.436 0 373349505
147 137 64.526 64.526 0 373349505
147 11 29.628 29.628 0 373349505
147 205 10.91 10.91 0 373349505
147 19 221.128 221.128 0 373349505
147 146 37.03 37.03 0 373349505
147 2 232.7 232.7 0 373349505
147 211 414.222 414.222 0 373349505
147 82 26.148 26.148 0 373349505
147 202 246.934 246.934 0 373349505
147 209 25.826 25.826 0 373349505
147 148 234.13 234.13 0 373349505
147 195 25.08 25.08 0 373349505
147 75 222.956 222.956 0 373349505
147 203 24.97 24.97 0 373349505
147 13 26.866 26.866 0 373349505
147 130 24.96 24.96 0 373349505
211 83 18.11 18.11 0 373349505
211 84 11.21 11.21 0 373349505
211 138 61.048 61.048 0 373349505
211 194 21.058 21.058 0 373349505
211 74 19.3 19.3 0 373349505
211 132 8.962 8.962 0 373349505
211 8 17.908 17.908 0 373349505
211 70 26.58 26.58 0 373349505
211 64 23.222 23.222 0 373349505
211 4 8.382 8.382 0 373349505
211 9 17.278 17.278 0 373349505
211 20 200.308 200.308 0 373349505
211 192 4.168 4.168 0 373349505
211 193 8.22 8.22 0 373349505
211 210 4.998 4.998 0 373349505
211 68 9.296 9.296 0 373349505
211 65 6.906 6.906 0 373349505
211 140 8.472 8.472 0 373349505
211 69 3.368 3.368 0 373349505
211 136 13.808 13.808 0 373349505
211 145 28.524 28.524 0 373349505
211 18 202.736 202.736 0 373349505
211 196 5.854 5.854 0 373349505
211 10 51.89 51.89 0 373349505
211 67 5.372 5.372 0 373349505
211 66 14.07 14.07 0 373349505
211 204 4.666 4.666 0 373349505
211 12 31.914 31.914 0 373349505
211 76 4.436 4.436 0 373349505
211 77 8.826 8.826 0 373349505
211 131 20.218 20.218 0 373349505
211 139 207.888 207.888 0 373349505
211 212 5.658 5.658 0 373349505
211 141 9.214 9.214 0 373349505
211 134 7.784 7.784 0 373349505
211 0 8.206 8.206 0 373349505
211 198 4.318 4.318 0 373349505
211 5 8.202 8.202 0 373349505
211 72 4.234 4.234 0 373349505
211 133 8.36 8.36 0 373349505
211 1 5.15 5.15 0 373349505
211 128 8.72 8.72 0 373349505
211 197 18.32 18.32 0 373349505
211 3 200.032 200.032 0 373349505
211 73 4.174 4.174 0 373349505
211 201 11.442 11.442 0 373349505
211 129 5.244 5.244 0 373349505
211 137 8.42 8.42 0 373349505
211 11 7.042 7.042 0 373349505
211 205 7.692 7.692 0 373349505
211 19 3.618 3.618 0 373349505
211 146 206.05 206.05 0 373349505
211 2 20.652 20.652 0 373349505
211 147 416.68 416.68 0 373349505
211 82 200.63 200.63 0 373349505
211 202 4.326 4.326 0 373349505
211 209 224.542 224.542 0 373349505
211 148 62.914 62.914 0 373349505
211 195 203.524 203.524 0 373349505
211 75 4.342 4.342 0 373349505
211 203 200.36 200.36 0 373349505
211 13 29.786 29.786 0 373349505
211 130 200.184 200.184 0 373349505
82 83 394.194 394.194 0 373349505
82 84 26.352 26.352 0 373349505
82 138 233.942 233.942 0 373349505
82 194 25.71 25.71 0 373349505
82 74 214.62 214.62 0 373349505
82 132 24.996 24.996 0 373349505
82 8 200.364 200.364 0 373349505
82 70 25.354 25.354 0 373349505
82 64 202.204 202.204 0 373349505
82 4 25.308 25.308 0 373349505
82 9 8.2 8.2 0 373349505
82 20 25.12 25.12 0 373349505
82 192 199.872 199.872 0 373349505
82 193 27.326 27.326 0 373349505
82 210 15.148 15.148 0 373349505
82 68 13.188 13.188 0 373349505
82 65 20.536 20.536 0 373349505
82 140 12.184 12.184 0 373349505
82 69 40.928 40.928 0 373349505
82 136 12.118 12.118 0 373349505
82 145 11.928 11.928 0 373349505
82 18 26.28 26.28 0 373349505
82 196 228.946 228.946 0 373349505
82 10 13.504 13.504 0 373349505
82 67 20.17 20.17 0 373349505
82 66 17.876 17.876 0 373349505
82 204 8.77 8.77 0 373349505
82 12 17.158 17.158 0 373349505
82 76 19.09 19.09 0 373349505
82 77 10.29 10.29 0 373349505
82 131 35.936 35.936 0 373349505
82 139 29.338 29.338 0 373349505
82 212 207.862 207.862 0 373349505
82 141 14.142 14.142 0 373349505
82 134 12.556 12.556 0 373349505
82 0 12.212 12.212 0 373349505
82 198 8.13 8.13 0 373349505
82 5 12.234 12.234 0 373349505
82 72 29.044 29.044 0 373349505
82 133 12.136 12.136 0 373349505
82 1 9.082 9.082 0 373349505
82 128 14.596 14.596 0 373349505
82 197 9.146 9.146 0 373349505
82 3 25.14 25.14 0 373349505
82 73 202.306 202.306 0 373349505
82 201 12.35 12.35 0 373349505
82 129 11.984 11.984 0 373349505
82 137 12.148 12.148 0 373349505
82 11 9.268 9.268 0 373349505
82 205 12.32 12.32 0 373349505
82 19 8.486 8.486 0 373349505
82 146 12.566 12.566 0 373349505
82 2 13.23 13.23 0 373349505
82 147 28.194 28.194 0 373349505
82 211 204.26 204.26 0 373349505
82 202 8.808 8.808 0 373349505
82 209 12.222 12.222 0 373349505
82 148 8.168 8.168 0 373349505
82 195 14.23 14.23 0 373349505
82 75 6.8 6.8 0 373349505
82 203 100.628 100.628 0 373349505
82 13 213.896 213.896 0 373349505
82 130 40.748 40.748 0 373349505
202 83 5.32 5.32 0 373349505
202 84 217.526 217.526 0 373349505
202 138 104.088 104.088 0 373349505
202 194 200.672 200.672 0 373349505
202 74 7.17 7.17 0 373349505
202 132 200.974 200.974 0 373349505
202 8 11.148 11.148 0 373349505
202 70 200.47 200.47 0 373349505
202 64 4.736 4.736 0 373349505
202 4 200.426 200.426 0 373349505
202 9 30.87 30.87 0 373349505
202 20 200.604 200.604 0 373349505
202 192 16.952 16.952 0 373349505
202 193 8.134 8.134 0 373349505
202 210 17.678 17.678 0 373349505
202 68 9.228 9.228 0 373349505
202 65 19.82 19.82 0 373349505
202 140 8.262 8.262 0 373349505
202 69 17.014 17.014 0 373349505
202 136 26.402 26.402 0 373349505
202 145 35.862 35.862 0 373349505
202 18 202.132 202.132 0 373349505
202 196 4.514 4.514 0 373349505
202 10 34.666 34.666 0 373349505
202 67 5.956 5.956 0 373349505
202 66 13.836 13.836 0 373349505
202 204 4.266 4.266 0 373349505
202 12 19.032 19.032 0 373349505
202 76 13.67 13.67 0 373349505
202 77 7.66 7.66 0 373349505
202 131 31.48 31.48 0 373349505
202 139 250.13 250.13 0 373349505
202 212 6.56 6.56 0 373349505
202 141 10.226 10.226 0 373349505
202 134 8.118 8.118 0 373349505
202 0 8.444 8.444 0 373349505
202 198 4.24 4.24 0 373349505
202 5 8.158 8.158 0 373349505
202 72 4.396 4.396 0 373349505
202 133 8.194 8.194 0 373349505
202 1 4.966 4.966 0 373349505
202 128 11.818 11.818 0 373349505
202 197 18.446 18.446 0 373349505
202 3 200.136 200.136 0 373349505
202 73 5.158 5.158 0 373349505
202 201 9.03 9.03 0 373349505
202 129 5.338 5.338 0 373349505
202 137 10.718 10.718 0 373349505
202 11 5.418 5.418 0 373349505
202 205 8.336 8.336 0 373349505
202 19 5.534 5.534 0 373349505
202 146 8.232 8.232 0 373349505
202 2 17.772 17.772 0 373349505
202 147 234.694 234.694 0 373349505
202 211 7.476 7.476 0 373349505
202 82 12.076 12.076 0 373349505
202 209 8.678 8.678 0 373349505
202 148 4.238 4.238 0 373349505
202 195 11.446 11.446 0 373349505
202 75 5.266 5.266 0 373349505
202 203 7.392 7.392 0 373349505
202 13 21.61 21.61 0 373349505
202 130 392.99 392.99 0 373349505
209 83 200.102 200.102 0 373349505
209 84 11.016 11.016 0 373349505
209 138 28.942 28.942 0 373349505
209 194 12.382 12.382 0 373349505
209 74 10.268 10.268 0 373349505
209 132 62.676 62.676 0 373349505
209 8 8.178 8.178 0 373349505
209 70 11.342 11.342 0 373349505
209 64 6.16 6.16 0 373349505
209 4 24.058 24.058 0 373349505
209 9 203.002 203.002 0 373349505
209 20 40.81 40.81 0 373349505
209 192 393.99 393.99 0 373349505
209 193 26.53 26.53 0 373349505
209 210 200.756 200.756 0 373349505
209 68 25.982 25.982 0 373349505
209 65 213.894 213.894 0 373349505
209 140 25.088 25.088 0 373349505
209 69 200.108 200.108 0 373349505
209 136 24.922 24.922 0 373349505
209 145 204.03 204.03 0 373349505
209 18 38.962 38.962 0 373349505
209 196 237.174 237.174 0 373349505
209 10 13.164 13.164 0 373349505
209 67 18.55 18.55 0 373349505
209 66 32.938 32.938 0 373349505
209 204 15.404 15.404 0 373349505
209 12 16.368 16.368 0 373349505
209 76 8.844 8.844 0 373349505
209 77 12.192 12.192 0 373349505
209 131 21.596 21.596 0 373349505
209 139 26.296 26.296 0 373349505
209 212 205.186 205.186 0 373349505
209 141 12.466 12.466 0 373349505
209 134 11.788 11.788 0 373349505
209 0 12.336 12.336 0 373349505
209 198 8.17 8.17 0 373349505
209 5 12.132 12.132 0 373349505
209 72 8.204 8.204 0 373349505
209 133 12.502 12.502 0 373349505
209 1 6.492 6.492 0 373349505
209 128 24.058 24.058 0 373349505
209 197 12.152 12.152 0 373349505
209 3 27.294 27.294 0 373349505
209 73 202.108 202.108 0 373349505
209 201 13.316 13.316 0 373349505
209 129 9.218 9.218 0 373349505
209 137 12.168 12.168 0 373349505
209 11 9.208 9.208 0 373349505
209 205 12.512 12.512 0 373349505
209 19 8.524 8.524 0 373349505
209 146 12.216 12.216 0 373349505
209 2 37.876 37.876 0 373349505
209 147 25.826 25.826 0 373349505
209 211 212.414 212.414 0 373349505
209 82 15.18 15.18 0 373349505
209 202 12.572 12.572 0 373349505
209 148 8.788 8.788 0 373349505
209 195 12.254 12.254 0 373349505
209 75 8.392 8.392 0 373349505
209 203 12.102 12.102 0 373349505
209 13 8.096 8.096 0 373349505
209 130 24.906 24.906 0 373349505
148 83 16.948 16.948 0 373349505
148 84 199.564 199.564 0 373349505
148 138 56.472 56.472 0 373349505
148 194 8.404 8.404 0 373349505
148 74 6.306 6.306 0 373349505
148 132 8.806 8.806 0 373349505
148 8 73.586 73.586 0 373349505
148 70 20.298 20.298 0 373349505
148 64 3.97 3.97 0 373349505
148 4 13.646 13.646 0 373349505
148 9 18.022 18.022 0 373349505
148 20 393.154 393.154 0 373349505
148 192 5.144 5.144 0 373349505
148 193 200.126 200.126 0 373349505
148 210 102.352 102.352 0 373349505
148 68 203.684 203.684 0 373349505
148 65 66.552 66.552 0 373349505
148 140 200.216 200.216 0 373349505
148 69 4.442 4.442 0 373349505
148 136 200.312 200.312 0 373349505
148 145 17.43 17.43 0 373349505
148 18 393.652 393.652 0 373349505
148 196 124.578 124.578 0 373349505
148 10 23.116 23.116 0 373349505
148 67 18.054 18.054 0 373349505
148 66 14.228 14.228 0 373349505
148 204 17.048 17.048 0 373349505
148 12 19.042 19.042 0 373349505
148 76 17.138 17.138 0 373349505
148 77 8.636 8.636 0 373349505
148 131 110.792 110.792 0 373349505
148 139 34.114 34.114 0 373349505
148 212 36.614 36.614 0 373349505
148 141 200.922 200.922 0 373349505
148 134 7.228 7.228 0 373349505
148 0 8.186 8.186 0 373349505
148 198 14.002 14.002 0 373349505
148 5 8.194 8.194 0 373349505
148 72 43.256 43.256 0 373349505
148 133 52.624 52.624 0 373349505
148 1 5.572 5.572 0 373349505
148 128 13.85 13.85 0 373349505
148 197 18.89 18.89 0 373349505
148 3 201.334 201.334 0 373349505
148 73 4.048 4.048 0 373349505
148 201 8.982 8.982 0 373349505
148 129 56.152 56.152 0 373349505
148 137 8.134 8.134 0 373349505
148 11 5.212 5.212 0 373349505
148 205 8.344 8.344 0 373349505
148 19 4.43 4.43 0 373349505
148 146 8.232 8.232 0 373349505
148 2 16.996 16.996 0 373349505
148 147 246.274 246.274 0 373349505
148 211 57.532 57.532 0 373349505
148 82 10.716 10.716 0 373349505
148 202 4.762 4.762 0 373349505
148 209 12.252 12.252 0 373349505
148 195 11.828 11.828 0 373349505
148 75 4.19 4.19 0 373349505
148 203 8.124 8.124 0 373349505
148 13 54.72 54.72 0 373349505
148 130 8.138 8.138 0 373349505
195 83 11.496 11.496 0 373349505
195 84 23.856 23.856 0 373349505
195 138 240.984 240.984 0 373349505
195 194 12.506 12.506 0 373349505
195 74 13.258 13.258 0 373349505
195 132 11.924 11.924 0 373349505
195 8 31.936 31.936 0 373349505
195 70 12.904 12.904 0 373349505
195 64 24.598 24.598 0 373349505
195 4 12.582 12.582 0 373349505
195 9 11.406 11.406 0 373349505
195 20 25.228 25.228 0 373349505
195 192 203.3 203.3 0 373349505
195 193 12.142 12.142 0 373349505
195 210 12.004 12.004 0 373349505
195 68 13.204 13.204 0 373349505
195 65 24.052 24.052 0 373349505
195 140 12.2 12.2 0 373349505
195 69 34.97 34.97 0 373349505
195 136 10.056 10.056 0 373349505
195 145 29.142 29.142 0 373349505
195 18 29.178 29.178 0 373349505
195 196 401.824 401.824 0 373349505
195 10 136.96 136.96 0 373349505
195 67 227.608 227.608 0 373349505
195 66 30.73 30.73 0 373349505
195 204 239.45 239.45 0 373349505
195 12 29.214 29.214 0 373349505
195 76 206.058 206.058 0 373349505
195 77 25.106 25.106 0 373349505
195 131 237.724 237.724 0 373349505
195 139 26.122 26.122 0 373349505
195 212 208.106 208.106 0 373349505
195 141 38.248 38.248 0 373349505
195 134 207.296 207.296 0 373349505
195 0 12.172 12.172 0 373349505
195 198 11.506 11.506 0 373349505
195 5 27.46 27.46 0 373349505
195 72 17.854 17.854 0 373349505
195 133 12.4 12.4 0 373349505
195 1 12.272 12.272 0 373349505
195 128 12.582 12.582 0 373349505
195 197 12.368 12.368 0 373349505
195 3 25.188 25.188 0 373349505
195 73 203.21 203.21 0 373349505
195 201 12.324 12.324 0 373349505
195 129 11.984 11.984 0 373349505
195 137 12.666 12.666 0 373349505
195 11 12.236 12.236 0 373349505
195 205 12.268 12.268 0 373349505
195 19 9.636 9.636 0 373349505
195 146 10.192 10.192 0 373349505
195 2 30.974 30.974 0 373349505
195 147 28.056 28.056 0 373349505
195 211 206.316 206.316 0 373349505
195 82 16.226 16.226 0 373349505
195 202 13.07 13.07 0 373349505
195 209 14.346 14.346 0 373349505
195 148 15.406 15.406 0 373349505
195 75 12.22 12.22 0 373349505
195 203 12.24 12.24 0 373349505
195 13 11.312 11.312 0 373349505
195 130 12.086 12.086 0 373349505
75 83 19.19 19.19 0 373349505
75 84 200.072 200.072 0 373349505
75 138 39.448 39.448 0 373349505
75 194 9.112 9.112 0 373349505
75 74 6.382 6.382 0 373349505
75 132 9.202 9.202 0 373349505
75 8 4.746 4.746 0 373349505
75 70 8.81 8.81 0 373349505
75 64 5.51 5.51 0 373349505
75 4 27.5 27.5 0 373349505
75 9 17.13 17.13 0 373349505
75 20 201.606 201.606 0 373349505
75 192 4.162 4.162 0 373349505
75 193 8.336 8.336 0 373349505
75 210 5.186 5.186 0 373349505
75 68 9.622 9.622 0 373349505
75 65 7.532 7.532 0 373349505
75 140 8.502 8.502 0 373349505
75 69 3.736 3.736 0 373349505
75 136 31.78 31.78 0 373349505
75 145 22.038 22.038 0 373349505
75 18 202.854 202.854 0 373349505
75 196 6.558 6.558 0 373349505
75 10 203.426 203.426 0 373349505
75 67 5.318 5.318 0 373349505
75 66 206.032 206.032 0 373349505
75 204 4.32 4.32 0 373349505
75 12 211.232 211.232 0 373349505
75 76 4.432 4.432 0 373349505
75 77 201.282 201.282 0 373349505
75 131 7.384 7.384 0 373349505
75 139 208.17 208.17 0 373349505
75 212 18.286 18.286 0 373349505
75 141 393.392 393.392 0 373349505
75 134 21.024 21.024 0 373349505
75 0 8.386 8.386 0 373349505
75 198 17.004 17.004 0 373349505
75 5 8.4 8.4 0 373349505
75 72 17.056 17.056 0 373349505
75 133 10.774 10.774 0 373349505
75 1 94.554 94.554 0 373349505
75 128 8.776 8.776 0 373349505
75 197 30.794 30.794 0 373349505
75 3 218.438 218.438 0 373349505
75 73 32.418 32.418 0 373349505
75 201 9.178 9.178 0 373349505
75 129 5.254 5.254 0 373349505
75 137 49.824 49.824 0 373349505
75 11 12.458 12.458 0 373349505
75 205 20.926 20.926 0 373349505
75 19 3.736 3.736 0 373349505
75 146 7.58 7.58 0 373349505
75 2 23.514 23.514 0 373349505
75 147 223.962 223.962 0 373349505
75 211 5.324 5.324 0 373349505
75 82 10.102 10.102 0 373349505
75 202 5.37 5.37 0 373349505
75 209 8.39 8.39 0 373349505
75 148 6.916 6.916 0 373349505
75 195 15.586 15.586 0 373349505
75 203 8.726 8.726 0 373349505
75 13 5.214 5.214 0 373349505
75 130 8.376 8.376 0 373349505
203 83 11.314 11.314 0 373349505
203 84 26.418 26.418 0 373349505
203 138 224.158 224.158 0 373349505
203 194 14.116 14.116 0 373349505
203 74 10.104 10.104 0 373349505
203 132 12.174 12.174 0 373349505
203 8 8 8 0 373349505
203 70 100.26 100.26 0 373349505
203 64 10.094 10.094 0 373349505
203 4 12.87 12.87 0 373349505
203 9 20.242 20.242 0 373349505
203 20 25.534 25.534 0 373349505
203 192 202.426 202.426 0 373349505
203 193 12.172 12.172 0 373349505
203 210 33.372 33.372 0 373349505
203 68 122.748 122.748 0 373349505
203 65 22.022 22.022 0 373349505
203 140 12.082 12.082 0 373349505
203 69 8.014 8.014 0 373349505
203 136 11.986 11.986 0 373349505
203 145 11.868 11.868 0 373349505
203 18 26.072 26.072 0 373349505
203 196 204.298 204.298 0 373349505
203 10 106.762 106.762 0 373349505
203 67 19.286 19.286 0 373349505
203 66 17.744 17.744 0 373349505
203 204 8.936 8.936 0 373349505
203 12 16.3 16.3 0 373349505
203 76 7.15 7.15 0 373349505
203 77 11.874 11.874 0 373349505
203 131 19.434 19.434 0 373349505
203 139 116.736 116.736 0 373349505
203 212 16.12 16.12 0 373349505
203 141 27.44 27.44 0 373349505
203 134 396.93 396.93 0 373349505
203 0 25.84 25.84 0 373349505
203 198 202.72 202.72 0 373349505
203 5 24.95 24.95 0 373349505
203 72 201.452 201.452 0 373349505
203 133 118.426 118.426 0 373349505
203 1 200.914 200.914 0 373349505
203 128 25.306 25.306 0 373349505
203 197 201.098 201.098 0 373349505
203 3 37.6 37.6 0 373349505
203 73 391.988 391.988 0 373349505
203 201 25.004 25.004 0 373349505
203 129 9.11 9.11 0 373349505
203 137 178.722 178.722 0 373349505
203 11 42.298 42.298 0 373349505
203 205 27.934 27.934 0 373349505
203 19 26.88 26.88 0 373349505
203 146 12.374 12.374 0 373349505
203 2 12.49 12.49 0 373349505
203 147 25.004 25.004 0 373349505
203 211 200.258 200.258 0 373349505
203 82 97.474 97.474 0 373349505
203 202 8.292 8.292 0 373349505
203 209 12.088 12.088 0 373349505
203 148 8.16 8.16 0 373349505
203 195 14.852 14.852 0 373349505
203 75 11.304 11.304 0 373349505
203 13 6.656 6.656 0 373349505
203 130 136.918 136.918 0 373349505
13 83 18.01 18.01 0 373349505
13 84 200.838 200.838 0 373349505
13 138 50.112 50.112 0 373349505
13 194 8.292 8.292 0 373349505
13 74 6.388 6.388 0 373349505
13 132 21.51 21.51 0 373349505
13 8 4.83 4.83 0 373349505
13 70 8.306 8.306 0 373349505
13 64 4.982 4.982 0 373349505
13 4 11.994 11.994 0 373349505
13 9 16.928 16.928 0 373349505
13 20 200.458 200.458 0 373349505
13 192 4.028 4.028 0 373349505
13 193 8.072 8.072 0 373349505
13 210 4.74 4.74 0 373349505
13 68 33.52 33.52 0 373349505
13 65 16.398 16.398 0 373349505
13 140 8.154 8.154 0 373349505
13 69 4.29 4.29 0 373349505
13 136 62.296 62.296 0 373349505
13 145 4.532 4.532 0 373349505
13 18 9.528 9.528 0 373349505
13 196 17.2 17.2 0 373349505
13 10 205.214 205.214 0 373349505
13 67 5.222 5.222 0 373349505
13 66 13.788 13.788 0 373349505
13 204 4.174 4.174 0 373349505
13 12 19.038 19.038 0 373349505
13 76 3.764 3.764 0 373349505
13 77 8.6 8.6 0 373349505
13 131 6.318 6.318 0 373349505
13 139 20.824 20.824 0 373349505
13 212 19.202 19.202 0 373349505
13 141 202.084 202.084 0 373349505
13 134 9.038 9.038 0 373349505
13 0 199.884 199.884 0 373349505
13 198 4.068 4.068 0 373349505
13 5 200.084 200.084 0 373349505
13 72 4.142 4.142 0 373349505
13 133 200.032 200.032 0 373349505
13 1 4.868 4.868 0 373349505
13 128 200.634 200.634 0 373349505
13 197 17.87 17.87 0 373349505
13 3 392.018 392.018 0 373349505
13 73 4.388 4.388 0 373349505
13 201 200.83 200.83 0 373349505
13 129 17.99 17.99 0 373349505
13 137 8.044 8.044 0 373349505
13 11 17.984 17.984 0 373349505
13 205 8.202 8.202 0 373349505
13 19 17.206 17.206 0 373349505
13 146 8.574 8.574 0 373349505
13 2 16.96 16.96 0 373349505
13 147 26.892 26.892 0 373349505
13 211 29.764 29.764 0 373349505
13 82 218.546 218.546 0 373349505
13 202 22.57 22.57 0 373349505
13 209 8.088 8.088 0 373349505
13 148 59.348 59.348 0 373349505
13 195 11.378 11.378 0 373349505
13 75 7.962 7.962 0 373349505
13 203 12.158 12.158 0 373349505
13 130 13.668 13.668 0 373349505
130 83 9.364 9.364 0 373349505
130 84 23.74 23.74 0 373349505
130 138 239.87 239.87 0 373349505
130 194 12.73 12.73 0 373349505
130 74 9.906 9.906 0 373349505
130 132 12.076 12.076 0 373349505
130 8 20.254 20.254 0 373349505
130 70 12.562 12.562 0 373349505
130 64 9.46 9.46 0 373349505
130 4 10.302 10.302 0 373349505
130 9 22.108 22.108 0 373349505
130 20 28.014 28.014 0 373349505
130 192 202.694 202.694 0 373349505
130 193 14.004 14.004 0 373349505
130 210 9.898 9.898 0 373349505
130 68 12.964 12.964 0 373349505
130 65 21.412 21.412 0 373349505
130 140 12.116 12.116 0 373349505
130 69 8.03 8.03 0 373349505
130 136 12.466 12.466 0 373349505
130 145 26.646 26.646 0 373349505
130 18 13.402 13.402 0 373349505
130 196 12.362 12.362 0 373349505
130 10 26.032 26.032 0 373349505
130 67 209.696 209.696 0 373349505
130 66 18.144 18.144 0 373349505
130 204 10.896 10.896 0 373349505
130 12 16.316 16.316 0 373349505
130 76 8.95 8.95 0 373349505
130 77 12.142 12.142 0 373349505
130 131 21.528 21.528 0 373349505
130 139 13.302 13.302 0 373349505
130 212 13.018 13.018 0 373349505
130 141 25.488 25.488 0 373349505
130 134 203.98 203.98 0 373349505
130 0 12.322 12.322 0 373349505
130 198 8.052 8.052 0 373349505
130 5 12.07 12.07 0 373349505
130 72 8.138 8.138 0 373349505
130 133 12.008 12.008 0 373349505
130 1 27.804 27.804 0 373349505
130 128 11.014 11.014 0 373349505
130 197 23.22 23.22 0 373349505
130 3 27.792 27.792 0 373349505
130 73 226.974 226.974 0 373349505
130 201 14.216 14.216 0 373349505
130 129 201.934 201.934 0 373349505
130 137 24.812 24.812 0 373349505
130 11 221.606 221.606 0 373349505
130 205 25.098 25.098 0 373349505
130 19 200.376 200.376 0 373349505
130 146 24.922 24.922 0 373349505
130 2 236.96 236.96 0 373349505
130 147 24.988 24.988 0 373349505
130 211 200.156 200.156 0 373349505
130 82 38.164 38.164 0 373349505
130 202 391.994 391.994 0 373349505
130 209 24.912 24.912 0 373349505
130 148 8.082 8.082 0 373349505
130 195 12.11 12.11 0 373349505
130 75 10.516 10.516 0 373349505
130 203 146.336 146.336 0 373349505
130 13 18.306 18.306 0 373349505
